Item_Identifier,Item_Weight,Item_Fat_Content,Item_Visibility,Item_Type,Item_MRP,Outlet_Identifier,Outlet_Establishment_Year,Outlet_Size,Outlet_Location_Type,Outlet_Type,Item_Outlet_Sales
FDW58,20.75,Low Fat,0.007564836,Snack Foods,107.8622,OUT049,1999,Medium,Tier 1,Supermarket Type1,1161.68
FDW14,8.3,reg,0.038427677,Dairy,87.3198,OUT017,2007,,Tier 2,Supermarket Type1,840.77
NCN55,14.6,Low Fat,0.099574908,Others,241.7538,OUT010,1998,,Tier 3,Grocery Store,1246.23
FDQ58,7.315,Low Fat,0.015388393,Snack Foods,155.034,OUT017,2007,,Tier 2,Supermarket Type1,1301.04
FDY38,,Regular,0.118599314,Dairy,234.23,OUT027,1985,Medium,Tier 3,Supermarket Type3,2127.03
FDH56,9.8,Regular,0.063817206,Fruits and Vegetables,117.1492,OUT046,1997,Small,Tier 1,Supermarket Type1,1110.49
FDL48,19.35,Regular,0.082601537,Baking Goods,50.1034,OUT018,2009,Medium,Tier 3,Supermarket Type2,1068.68
FDC48,,Low Fat,0.015782495,Baking Goods,81.0592,OUT027,1985,Medium,Tier 3,Supermarket Type3,1488.12
FDN33,6.305,Regular,0.123365446,Snack Foods,95.7436,OUT045,2002,,Tier 2,Supermarket Type1,1055.7
FDA36,5.985,Low Fat,0.005698435,Baking Goods,186.8924,OUT017,2007,,Tier 2,Supermarket Type1,1697.67
FDT44,16.6,Low Fat,0.103569075,Fruits and Vegetables,118.3466,OUT017,2007,,Tier 2,Supermarket Type1,1343.89
FDQ56,6.59,Low Fat,0.10581147,Fruits and Vegetables,85.3908,OUT045,2002,,Tier 2,Supermarket Type1,726.55
NCC54,,Low Fat,0.171079215,Health and Hygiene,240.4196,OUT019,1985,Small,Tier 1,Grocery Store,1168.84
FDU11,4.785,Low Fat,0.092737611,Breads,122.3098,OUT049,1999,Medium,Tier 1,Supermarket Type1,1132.74
DRL59,16.75,LF,0.021206464,Hard Drinks,52.0298,OUT013,1987,High,Tier 3,Supermarket Type1,911.33
FDM24,6.135,Regular,0.0794507,Baking Goods,151.6366,OUT049,1999,Medium,Tier 1,Supermarket Type1,1389.44
FDI57,19.85,Low Fat,0.05413521,Seafood,198.7768,OUT045,2002,,Tier 2,Supermarket Type1,1674.5
DRC12,17.85,Low Fat,0.037980963,Soft Drinks,192.2188,OUT018,2009,Medium,Tier 3,Supermarket Type2,1885.97
NCM42,,Low Fat,0.028184344,Household,109.6912,OUT027,1985,Medium,Tier 3,Supermarket Type3,1640.44
FDA46,13.6,Low Fat,0.196897637,Snack Foods,193.7136,OUT010,1998,,Tier 3,Grocery Store,1115.42
FDA31,7.1,Low Fat,0.109920138,Fruits and Vegetables,175.008,OUT013,1987,High,Tier 3,Supermarket Type1,1662.32
NCJ31,19.2,Low Fat,0.182619235,Others,239.9196,OUT035,2004,Small,Tier 2,Supermarket Type1,1885.6
FDG52,13.65,LF,0.065630844,Frozen Foods,47.7402,OUT046,1997,Small,Tier 1,Supermarket Type1,581.05
NCL19,,Low Fat,0.027447057,Others,142.347,OUT019,1985,Small,Tier 1,Grocery Store,764.71
FDS10,19.2,Low Fat,0.035178935,Snack Foods,180.7318,OUT035,2004,Small,Tier 2,Supermarket Type1,1402.76
FDX22,6.785,Regular,0.038455125,Snack Foods,209.4928,OUT010,1998,,Tier 3,Grocery Store,1118.1
NCF19,13,Low Fat,0.035102094,Household,47.6034,OUT035,2004,Small,Tier 2,Supermarket Type1,701.23
NCE06,5.825,Low Fat,0.091485232,Household,161.3894,OUT046,1997,Small,Tier 1,Supermarket Type1,1313.08
DRC27,13.8,Low Fat,0.058102469,Dairy,244.6802,OUT046,1997,Small,Tier 1,Supermarket Type1,1894.05
FDE21,12.8,LF,0.022940349,Fruits and Vegetables,116.5492,OUT035,2004,Small,Tier 2,Supermarket Type1,1200.97
NCR42,,Low Fat,0.06737681,Household,32.09,OUT019,1985,Small,Tier 1,Grocery Store,381.36
FDX51,9.5,Regular,0.022148582,Meat,194.9452,OUT018,2009,Medium,Tier 3,Supermarket Type2,1973.76
NCR06,12.5,Low Fat,0.006792707,Household,42.4112,OUT018,2009,Medium,Tier 3,Supermarket Type2,1206.65
FDU31,,Regular,0.024870035,Fruits and Vegetables,217.7508,OUT027,1985,Medium,Tier 3,Supermarket Type3,1990.75
FDU59,5.78,Low Fat,0.096931426,Breads,164.2552,OUT017,2007,,Tier 2,Supermarket Type1,1211.63
FDR03,,Regular,0.008693632,Meat,205.098,OUT027,1985,Medium,Tier 3,Supermarket Type3,2009.71
FDS49,,Low Fat,0.078961284,Canned,80.3644,OUT027,1985,Medium,Tier 3,Supermarket Type3,1297.44
FDD48,10.395,Low Fat,0.050479463,Baking Goods,114.0176,OUT010,1998,,Tier 3,Grocery Store,650.43
NCF18,18.35,Low Fat,0.089485918,Household,192.1504,OUT017,2007,,Tier 2,Supermarket Type1,1607.74
NCD43,,Low Fat,0.01594238,Household,103.3964,OUT027,1985,Medium,Tier 3,Supermarket Type3,1591.83
NCD54,21.1,Low Fat,0.029127115,Household,143.3786,OUT018,2009,Medium,Tier 3,Supermarket Type2,1697.07
FDY19,19.75,LF,0.069236421,Fruits and Vegetables,116.6466,OUT010,1998,,Tier 3,Grocery Store,861.49
NCY54,8.43,Low Fat,0.178699961,Household,173.9422,OUT017,2007,,Tier 2,Supermarket Type1,1505.86
NCL19,15.35,Low Fat,0.015740089,Others,144.847,OUT018,2009,Medium,Tier 3,Supermarket Type2,1787.94
FDP23,6.71,Low Fat,0.059565107,Breads,217.2166,OUT010,1998,,Tier 3,Grocery Store,1042.05
FDC26,10.195,Low Fat,0.126277921,Canned,112.1886,OUT013,1987,High,Tier 3,Supermarket Type1,1045.75
FDR14,11.65,Low Fat,0.291322397,Dairy,55.8298,OUT010,1998,,Tier 3,Grocery Store,54.42
NCS41,12.85,Low Fat,0.053433908,Health and Hygiene,183.2608,OUT035,2004,Small,Tier 2,Supermarket Type1,1404.79
FDF41,12.15,Low Fat,0.131155007,Frozen Foods,248.146,OUT035,2004,Small,Tier 2,Supermarket Type1,1723.81
FDU34,18.25,Low Fat,0.075194929,Snack Foods,124.9046,OUT046,1997,Small,Tier 1,Supermarket Type1,1226.05
DRH11,5.98,Low Fat,0.075557965,Hard Drinks,57.0614,OUT046,1997,Small,Tier 1,Supermarket Type1,803.7
FDM03,12.65,Low Fat,0.122928415,Meat,106.6938,OUT013,1987,High,Tier 3,Supermarket Type1,1257.73
FDS31,13.1,Regular,0.044442342,Fruits and Vegetables,181.0318,OUT017,2007,,Tier 2,Supermarket Type1,1667.38
FDJ20,20.7,Regular,0.100741569,Fruits and Vegetables,122.3388,OUT017,2007,,Tier 2,Supermarket Type1,1384.1
FDV44,,Regular,0.039651481,Fruits and Vegetables,188.7188,OUT027,1985,Medium,Tier 3,Supermarket Type3,2193.77
FDG02,7.855,Low Fat,0.011278673,Canned,188.8188,OUT049,1999,Medium,Tier 1,Supermarket Type1,1543.34
FDA09,13.35,Regular,0,Snack Foods,179.666,OUT013,1987,High,Tier 3,Supermarket Type1,1558.61
FDT04,17.25,LF,0.106952661,Frozen Foods,38.3822,OUT013,1987,High,Tier 3,Supermarket Type1,749.59
FDL58,,Regular,0.129825457,Snack Foods,263.2568,OUT019,1985,Small,Tier 1,Grocery Store,1429.57
FDE52,10.395,Regular,0.029947409,Dairy,90.1514,OUT045,2002,,Tier 2,Supermarket Type1,1019.65
FDW12,8.315,Regular,0.035565457,Baking Goods,144.8444,OUT035,2004,Small,Tier 2,Supermarket Type1,1257.84
FDL51,20.7,Regular,0.047760002,Dairy,214.9876,OUT017,2007,,Tier 2,Supermarket Type1,1836.35
NCY42,,Low Fat,0.015089147,Household,141.347,OUT027,1985,Medium,Tier 3,Supermarket Type3,1850.33
FDR07,21.35,Low Fat,0.07818366,Fruits and Vegetables,96.8094,OUT017,2007,,Tier 2,Supermarket Type1,1237.54
FDN40,5.88,Low Fat,0.086632125,Frozen Foods,152.6998,OUT045,2002,,Tier 2,Supermarket Type1,1466.04
FDB35,,Regular,0.064306056,Starchy Foods,90.3804,OUT027,1985,Medium,Tier 3,Supermarket Type3,1636.72
FDA22,7.435,low fat,0.08493006,Starchy Foods,165.8158,OUT017,2007,,Tier 2,Supermarket Type1,1223.59
NCL06,14.65,Low Fat,0.072066634,Household,262.5594,OUT046,1997,Small,Tier 1,Supermarket Type1,1824.77
FDI35,14,Low Fat,0.041256807,Starchy Foods,181.2634,OUT013,1987,High,Tier 3,Supermarket Type1,1577.82
NCW42,18.2,Low Fat,0.058587558,Household,221.6456,OUT045,2002,,Tier 2,Supermarket Type1,1740.72
NCX06,17.6,Low Fat,0.015711434,Household,180.0976,OUT049,1999,Medium,Tier 1,Supermarket Type1,1713.6
FDC37,,Low Fat,0.032714163,Baking Goods,108.1938,OUT027,1985,Medium,Tier 3,Supermarket Type3,1584.12
FDZ14,7.71,Regular,0.047782552,Dairy,122.3756,OUT018,2009,Medium,Tier 3,Supermarket Type2,1452.03
DRG49,7.81,Low Fat,0.067560171,Soft Drinks,245.2486,OUT049,1999,Medium,Tier 1,Supermarket Type1,2067.73
NCG06,16.35,Low Fat,0.029505077,Household,256.2646,OUT045,2002,,Tier 2,Supermarket Type1,2129.35
DRC36,13,Regular,0.045076104,Soft Drinks,173.7054,OUT045,2002,,Tier 2,Supermarket Type1,1674.81
FDV21,,Low Fat,0.299544153,Snack Foods,124.8704,OUT019,1985,Small,Tier 1,Grocery Store,379.7
FDB53,13.35,Low Fat,0.139452413,Frozen Foods,148.6392,OUT046,1997,Small,Tier 1,Supermarket Type1,1097.46
DRP47,,Low Fat,0.246178257,Hard Drinks,252.4382,OUT019,1985,Small,Tier 1,Grocery Store,1203.35
FDA14,16.1,LF,0.065128984,Dairy,145.176,OUT013,1987,High,Tier 3,Supermarket Type1,1378.55
DRC24,17.85,Low Fat,0.024816585,Soft Drinks,152.6998,OUT035,2004,Small,Tier 2,Supermarket Type1,1315.46
FDW21,5.34,Regular,0.005988175,Snack Foods,100.6358,OUT018,2009,Medium,Tier 3,Supermarket Type2,1285.49
NCH29,5.51,Low Fat,0.034473804,Health and Hygiene,97.3726,OUT046,1997,Small,Tier 1,Supermarket Type1,1040.09
FDU58,6.61,Regular,0.028987582,Snack Foods,188.6898,OUT013,1987,High,Tier 3,Supermarket Type1,1731.98
FDY27,6.38,Low Fat,0.032078604,Dairy,177.6344,OUT017,2007,,Tier 2,Supermarket Type1,1593.78
FDV56,16.1,Regular,0.013593151,Fruits and Vegetables,108.9596,OUT035,2004,Small,Tier 2,Supermarket Type1,1257.74
FDT59,13.65,LF,0.015911432,Breads,230.5668,OUT046,1997,Small,Tier 1,Supermarket Type1,1994.35
FDB23,19.2,Regular,0.005588601,Starchy Foods,225.5062,OUT046,1997,Small,Tier 1,Supermarket Type1,1650.65
FDR49,8.71,Low Fat,0.139510771,Canned,46.2376,OUT045,2002,,Tier 2,Supermarket Type1,537.72
FDB03,17.75,Regular,0.262504325,Dairy,242.2538,OUT010,1998,,Tier 3,Grocery Store,1135.39
FDN39,19.35,Regular,0,Meat,165.7816,OUT045,2002,,Tier 2,Supermarket Type1,1469.25
FDX02,,Low Fat,0.056783774,Dairy,223.1404,OUT027,1985,Medium,Tier 3,Supermarket Type3,2132.67
FDQ16,,Low Fat,0.041536279,Frozen Foods,107.7912,OUT027,1985,Medium,Tier 3,Supermarket Type3,1548.97
FDU35,6.44,Low Fat,0.079538056,Breads,99.47,OUT018,2009,Medium,Tier 3,Supermarket Type2,1263.58
NCT29,12.6,Low Fat,0.064057374,Health and Hygiene,122.1414,OUT013,1987,High,Tier 3,Supermarket Type1,1382.33
FDZ27,7.935,Low Fat,0.017156262,Dairy,48.135,OUT046,1997,Small,Tier 1,Supermarket Type1,881.85
FDN57,18.25,Low Fat,0.054540968,Snack Foods,140.4154,OUT017,2007,,Tier 2,Supermarket Type1,1494.95
FDA03,18.5,Regular,0.045648973,Dairy,145.6102,OUT018,2009,Medium,Tier 3,Supermarket Type2,1780.27
FDZ36,6.035,Regular,0.065917194,Baking Goods,185.724,OUT045,2002,,Tier 2,Supermarket Type1,1321.4
NCU05,11.8,Low Fat,0.058687359,Health and Hygiene,81.1618,OUT013,1987,High,Tier 3,Supermarket Type1,940.17
FDT39,6.26,Regular,0.009908113,Meat,151.1366,OUT018,2009,Medium,Tier 3,Supermarket Type2,1467.15
FDK60,16.5,Regular,0.094395215,Baking Goods,97.2068,OUT017,2007,,Tier 2,Supermarket Type1,993.18
FDZ25,15.7,Regular,0.02777326,Canned,169.279,OUT017,2007,,Tier 2,Supermarket Type1,1480.94
FDG12,6.635,reg,0.006326106,Baking Goods,122.1098,OUT046,1997,Small,Tier 1,Supermarket Type1,1184.36
DRB01,,low fat,0.143990546,Soft Drinks,191.553,OUT019,1985,Small,Tier 1,Grocery Store,1120.45
NCC43,,Low Fat,0.09233359,Household,250.6066,OUT027,1985,Medium,Tier 3,Supermarket Type3,2368.74
FDX13,,Low Fat,0.083661793,Canned,248.6092,OUT019,1985,Small,Tier 1,Grocery Store,1562.55
FDM22,14,Regular,0.042022999,Snack Foods,53.064,OUT049,1999,Medium,Tier 1,Supermarket Type1,1132.03
FDJ03,,Regular,0.072044336,Dairy,48.8692,OUT027,1985,Medium,Tier 3,Supermarket Type3,1388.44
FDU14,17.75,Low Fat,0,Dairy,249.775,OUT018,2009,Medium,Tier 3,Supermarket Type2,2031.01
FDB33,17.75,Low Fat,0.024404214,Fruits and Vegetables,159.0262,OUT010,1998,,Tier 3,Grocery Store,866.93
FDP27,8.155,Low Fat,0.119450639,Meat,190.653,OUT046,1997,Small,Tier 1,Supermarket Type1,1365.17
FDO38,17.25,Low Fat,0.121917641,Canned,76.6986,OUT010,1998,,Tier 3,Grocery Store,396.87
FDE28,,Regular,0.131905128,Frozen Foods,232.0668,OUT027,1985,Medium,Tier 3,Supermarket Type3,2126.15
FDO27,6.175,Regular,0.179043614,Meat,95.3752,OUT035,2004,Small,Tier 2,Supermarket Type1,834.65
DRL23,,Low Fat,0.0152302,Hard Drinks,107.0938,OUT027,1985,Medium,Tier 3,Supermarket Type3,1617.81
FDS28,8.18,Regular,0.082401592,Frozen Foods,55.9588,OUT046,1997,Small,Tier 1,Supermarket Type1,842.87
FDX24,8.355,Low Fat,0.013917468,Baking Goods,92.5462,OUT013,1987,High,Tier 3,Supermarket Type1,1283.96
FDZ02,6.905,Regular,0.038140213,Dairy,96.3726,OUT035,2004,Small,Tier 2,Supermarket Type1,1120.06
FDL46,20.35,Low Fat,0.054166556,Snack Foods,116.9466,OUT045,2002,,Tier 2,Supermarket Type1,1429.91
FDS60,,Low Fat,0.03229139,Baking Goods,178.766,OUT027,1985,Medium,Tier 3,Supermarket Type3,1780.65
NCO06,19.25,Low Fat,0.108641498,Household,33.0558,OUT017,2007,,Tier 2,Supermarket Type1,584.78
FDO16,5.48,Low Fat,0.015105338,Frozen Foods,84.625,OUT035,2004,Small,Tier 2,Supermarket Type1,813.2
FDC60,5.425,Regular,0.114650377,Baking Goods,87.3514,OUT049,1999,Medium,Tier 1,Supermarket Type1,985.22
FDA48,12.1,Low Fat,0.115342009,Baking Goods,220.2114,OUT018,2009,Medium,Tier 3,Supermarket Type2,1879.05
FDZ36,,Regular,0,Baking Goods,186.424,OUT027,1985,Medium,Tier 3,Supermarket Type3,2036.83
FDK27,11,Low Fat,0.00896468,Meat,120.6756,OUT045,2002,,Tier 2,Supermarket Type1,1283.65
FDW23,5.765,Low Fat,0.082346376,Baking Goods,38.8164,OUT018,2009,Medium,Tier 3,Supermarket Type2,977.73
FDM14,13.8,Low Fat,0.013318,Canned,110.1254,OUT018,2009,Medium,Tier 3,Supermarket Type2,1525.3
FDM14,13.8,Low Fat,0.01325293,Canned,108.2254,OUT013,1987,High,Tier 3,Supermarket Type1,1451.91
FDW60,5.44,Regular,0.017131453,Baking Goods,177.837,OUT018,2009,Medium,Tier 3,Supermarket Type2,1909.77
FDE21,12.8,Low Fat,0.022925594,Fruits and Vegetables,116.4492,OUT013,1987,High,Tier 3,Supermarket Type1,1154.44
NCM42,6.13,Low Fat,0.028316137,Household,109.3912,OUT035,2004,Small,Tier 2,Supermarket Type1,911.08
FDY59,8.195,Low Fat,0.052562923,Baking Goods,93.9462,OUT010,1998,,Tier 3,Grocery Store,465.76
DRI49,14.15,Low Fat,0.1837926,Soft Drinks,81.3276,OUT049,1999,Medium,Tier 1,Supermarket Type1,956.94
FDT28,,Low Fat,0.111296158,Frozen Foods,151.2708,OUT019,1985,Small,Tier 1,Grocery Store,872.32
FDQ22,16.75,Low Fat,0.029860799,Snack Foods,39.5822,OUT018,2009,Medium,Tier 3,Supermarket Type2,1038.08
FDR60,14.3,LF,0.130617879,Baking Goods,76.5328,OUT049,1999,Medium,Tier 1,Supermarket Type1,1090.47
FDC50,,LF,0.238990225,Canned,94.7094,OUT019,1985,Small,Tier 1,Grocery Store,557.31
FDV24,5.635,Low Fat,0.103186396,Baking Goods,151.805,OUT013,1987,High,Tier 3,Supermarket Type1,1522.5
DRF48,5.73,Low Fat,0,Soft Drinks,188.3898,OUT010,1998,,Tier 3,Grocery Store,1274.25
FDQ47,7.155,Regular,0.168186376,Breads,36.5874,OUT046,1997,Small,Tier 1,Supermarket Type1,373.95
DRN36,15.2,low fat,0.050255855,Soft Drinks,97.3752,OUT049,1999,Medium,Tier 1,Supermarket Type1,1067.73
NCY06,15.25,Low Fat,0.061173235,Household,128.5968,OUT035,2004,Small,Tier 2,Supermarket Type1,1056.98
FDE52,10.395,Regular,0.029881147,Dairy,89.5514,OUT035,2004,Small,Tier 2,Supermarket Type1,873.4
NCB54,8.76,Low Fat,0.050154219,Health and Hygiene,126.9336,OUT045,2002,,Tier 2,Supermarket Type1,1166.32
NCF31,9.13,Low Fat,0.051837621,Household,152.6024,OUT035,2004,Small,Tier 2,Supermarket Type1,1265.57
FDJ08,,Low Fat,0.11013617,Fruits and Vegetables,189.7846,OUT027,1985,Medium,Tier 3,Supermarket Type3,1968.19
NCC07,19.6,Low Fat,0.024086626,Household,106.0964,OUT017,2007,,Tier 2,Supermarket Type1,1262.05
NCD19,,Low Fat,0.013115567,Household,53.7614,OUT027,1985,Medium,Tier 3,Supermarket Type3,1381.38
FDL46,20.35,Low Fat,0,Snack Foods,118.9466,OUT049,1999,Medium,Tier 1,Supermarket Type1,1563.66
FDM20,10,Low Fat,0.038764258,Fruits and Vegetables,246.2144,OUT045,2002,,Tier 2,Supermarket Type1,2063.29
NCI06,11.3,Low Fat,0.07986963,Household,180.466,OUT010,1998,,Tier 3,Grocery Store,839.78
DRM11,6.57,Low Fat,0.066057085,Hard Drinks,259.3278,OUT035,2004,Small,Tier 2,Supermarket Type1,1679.84
NCH07,13.15,Low Fat,0.093044518,Household,158.4604,OUT018,2009,Medium,Tier 3,Supermarket Type2,1473.84
FDS23,4.635,Low Fat,0.140771867,Breads,129.4994,OUT013,1987,High,Tier 3,Supermarket Type1,1149
FDO49,10.6,Regular,0.033186809,Breakfast,49.1008,OUT018,2009,Medium,Tier 3,Supermarket Type2,982.39
FDS35,9.3,Low Fat,0.11139344,Breads,65.2826,OUT049,1999,Medium,Tier 1,Supermarket Type1,948.9
DRK39,7.02,Low Fat,0.049966527,Dairy,82.525,OUT045,2002,,Tier 2,Supermarket Type1,990.06
DRI39,13.8,Low Fat,0.097212998,Dairy,58.293,OUT049,1999,Medium,Tier 1,Supermarket Type1,1028.72
FDV04,7.825,Regular,0.150863781,Frozen Foods,158.0288,OUT017,2007,,Tier 2,Supermarket Type1,1394.16
NCN14,19.1,Low Fat,0.091900406,Others,182.5608,OUT035,2004,Small,Tier 2,Supermarket Type1,1618.07
FDH08,7.51,Low Fat,0.017414576,Fruits and Vegetables,231.101,OUT013,1987,High,Tier 3,Supermarket Type1,2097.95
FDS20,8.85,Low Fat,0.053866912,Fruits and Vegetables,183.0292,OUT046,1997,Small,Tier 1,Supermarket Type1,1306.13
FDV40,17.35,Low Fat,0.014714625,Frozen Foods,75.4038,OUT049,1999,Medium,Tier 1,Supermarket Type1,1005.93
FDZ48,17.75,Low Fat,0.127140836,Baking Goods,110.5544,OUT010,1998,,Tier 3,Grocery Store,537.87
FDS24,,Regular,0.061923154,Baking Goods,87.5514,OUT027,1985,Medium,Tier 3,Supermarket Type3,1350.3
FDK44,16.6,Low Fat,0.122417514,Fruits and Vegetables,174.3738,OUT049,1999,Medium,Tier 1,Supermarket Type1,1559.08
FDS48,15.15,Low Fat,0,Baking Goods,150.4708,OUT045,2002,,Tier 2,Supermarket Type1,1434.64
FDK26,5.46,Regular,0.053858378,Canned,186.924,OUT010,1998,,Tier 3,Grocery Store,1085.83
FDD23,9.5,Regular,0.048784266,Starchy Foods,188.5898,OUT045,2002,,Tier 2,Supermarket Type1,1634.84
NCH54,13.5,LF,0.073080167,Household,161.492,OUT017,2007,,Tier 2,Supermarket Type1,1528.93
NCP14,8.275,Low Fat,0.184602443,Household,106.5306,OUT010,1998,,Tier 3,Grocery Store,656.7
FDM60,10.8,Regular,0.080582001,Baking Goods,39.4138,OUT010,1998,,Tier 3,Grocery Store,435.85
FDV24,5.635,Low Fat,0.103856487,Baking Goods,151.305,OUT017,2007,,Tier 2,Supermarket Type1,1100.15
FDH08,7.51,Low Fat,0.017500079,Fruits and Vegetables,228.801,OUT018,2009,Medium,Tier 3,Supermarket Type2,1864.23
FDS12,,Low Fat,0.173275373,Baking Goods,127.6362,OUT027,1985,Medium,Tier 3,Supermarket Type3,1439.55
FDR39,,Low Fat,0.083393481,Meat,180.6292,OUT027,1985,Medium,Tier 3,Supermarket Type3,1848.91
FDP12,,Regular,0.0450476,Baking Goods,36.4874,OUT027,1985,Medium,Tier 3,Supermarket Type3,1127.64
DRF60,,Low Fat,0.051816577,Soft Drinks,236.4564,OUT027,1985,Medium,Tier 3,Supermarket Type3,2258.38
FDC09,15.5,Regular,0.026297031,Fruits and Vegetables,102.7332,OUT035,2004,Small,Tier 2,Supermarket Type1,1113.87
FDF50,4.905,low fat,0.117808305,Canned,198.5768,OUT018,2009,Medium,Tier 3,Supermarket Type2,1811.48
FDG28,9.285,Regular,0.049270974,Frozen Foods,243.9144,OUT035,2004,Small,Tier 2,Supermarket Type1,1900.18
NCE19,8.97,Low Fat,0.093540749,Household,55.4956,OUT017,2007,,Tier 2,Supermarket Type1,938.83
NCM53,18.75,Low Fat,0.087105823,Health and Hygiene,108.228,OUT010,1998,,Tier 3,Grocery Store,870.11
NCN18,8.895,Low Fat,0,Household,110.9544,OUT049,1999,Medium,Tier 1,Supermarket Type1,1130.51
FDF32,16.35,Low Fat,0.068068082,Fruits and Vegetables,199.1426,OUT035,2004,Small,Tier 2,Supermarket Type1,1433.47
FDF11,10.195,Regular,0.01761655,Starchy Foods,239.4538,OUT013,1987,High,Tier 3,Supermarket Type1,1884.51
DRI59,9.5,Low Fat,0.040898157,Hard Drinks,225.2088,OUT049,1999,Medium,Tier 1,Supermarket Type1,1837.34
NCG54,12.1,Low Fat,0.079791176,Household,169.5106,OUT035,2004,Small,Tier 2,Supermarket Type1,1341.2
FDM44,12.5,Low Fat,0.031049674,Fruits and Vegetables,101.399,OUT046,1997,Small,Tier 1,Supermarket Type1,1100.25
FDT57,15.2,Low Fat,0.019112323,Snack Foods,236.2248,OUT018,2009,Medium,Tier 3,Supermarket Type2,2148.44
FDV24,5.635,Low Fat,0.103272336,Baking Goods,151.205,OUT046,1997,Small,Tier 1,Supermarket Type1,1335.13
FDI50,,Regular,0.054001526,Canned,227.8352,OUT019,1985,Small,Tier 1,Grocery Store,1485.99
FDS09,8.895,Regular,0.081073148,Snack Foods,51.2008,OUT035,2004,Small,Tier 2,Supermarket Type1,851.9
NCC31,,Low Fat,0.019774239,Household,154.5972,OUT027,1985,Medium,Tier 3,Supermarket Type3,2027.99
FDQ07,,Regular,0.153038134,Fruits and Vegetables,219.0456,OUT019,1985,Small,Tier 1,Grocery Store,1058.52
FDC22,6.89,Regular,0.13720009,Snack Foods,191.882,OUT017,2007,,Tier 2,Supermarket Type1,1351.1
FDZ56,16.25,Low Fat,0.02573698,Fruits and Vegetables,169.3474,OUT046,1997,Small,Tier 1,Supermarket Type1,1400
FDZ40,,Low Fat,0.070354806,Frozen Foods,53.9298,OUT019,1985,Small,Tier 1,Grocery Store,335.79
FDS46,,Regular,0.047028483,Snack Foods,118.3782,OUT027,1985,Medium,Tier 3,Supermarket Type3,1588.25
DRD24,13.85,Low Fat,0.030857538,Soft Drinks,140.6154,OUT045,2002,,Tier 2,Supermarket Type1,1361.56
FDV45,16.75,Low Fat,0.045302246,Snack Foods,189.1556,OUT017,2007,,Tier 2,Supermarket Type1,1672.83
FDL26,18,Low Fat,0.073341257,Canned,155.7972,OUT045,2002,,Tier 2,Supermarket Type1,1509.88
FDA56,9.21,Low Fat,0.00880049,Fruits and Vegetables,123.0414,OUT018,2009,Medium,Tier 3,Supermarket Type2,1573.28
FDN27,20.85,Low Fat,0.039562497,Meat,118.1808,OUT046,1997,Small,Tier 1,Supermarket Type1,1397.34
FDM20,10,Low Fat,0.038745948,Fruits and Vegetables,245.0144,OUT049,1999,Medium,Tier 1,Supermarket Type1,1815.71
FDO16,5.48,Low Fat,0.015193653,Frozen Foods,82.825,OUT017,2007,,Tier 2,Supermarket Type1,820.22
FDL03,19.25,Regular,0.027075481,Meat,195.611,OUT035,2004,Small,Tier 2,Supermarket Type1,1483.24
FDE58,18.5,Low Fat,0.052068722,Snack Foods,117.0124,OUT046,1997,Small,Tier 1,Supermarket Type1,1110.21
FDI02,,Regular,0.114010306,Canned,112.2202,OUT027,1985,Medium,Tier 3,Supermarket Type3,1463.1
NCC55,,LF,0.111641021,Household,38.8848,OUT019,1985,Small,Tier 1,Grocery Store,258.89
FDR03,15.7,Regular,0.008771522,Meat,205.798,OUT018,2009,Medium,Tier 3,Supermarket Type2,1968.89
FDB14,20.25,Regular,0.103304968,Canned,92.612,OUT017,2007,,Tier 2,Supermarket Type1,1120.14
FDR45,10.8,LF,0.028919203,Snack Foods,240.9222,OUT013,1987,High,Tier 3,Supermarket Type1,2083.64
NCN07,18.5,Low Fat,0.034136703,Others,130.0284,OUT017,2007,,Tier 2,Supermarket Type1,1449.93
FDM51,,Regular,0.045393469,Meat,102.2674,OUT019,1985,Small,Tier 1,Grocery Store,852.12
FDT52,,Regular,0.047199898,Frozen Foods,244.9144,OUT027,1985,Medium,Tier 3,Supermarket Type3,2111.05
FDL26,18,Low Fat,0.07319282,Canned,154.2972,OUT046,1997,Small,Tier 1,Supermarket Type1,1224.76
NCZ42,10.5,Low Fat,0.011287929,Household,238.9248,OUT046,1997,Small,Tier 1,Supermarket Type1,1730.43
DRI47,,Low Fat,0.036628533,Hard Drinks,145.6128,OUT019,1985,Small,Tier 1,Grocery Store,845.4
FDW40,14,Regular,0.105057952,Frozen Foods,141.1812,OUT013,1987,High,Tier 3,Supermarket Type1,1346.94
FDN34,15.6,Regular,0,Snack Foods,169.2132,OUT046,1997,Small,Tier 1,Supermarket Type1,1503.87
FDS01,11.6,Low Fat,0.017741644,Canned,178.3686,OUT035,2004,Small,Tier 2,Supermarket Type1,1497.26
NCG55,16.25,Low Fat,0.039225553,Household,116.2176,OUT045,2002,,Tier 2,Supermarket Type1,1285.64
FDC11,20.5,Low Fat,0.141766029,Starchy Foods,87.4172,OUT035,2004,Small,Tier 2,Supermarket Type1,1021.71
FDX35,5.035,Regular,0.080236064,Breads,226.4036,OUT018,2009,Medium,Tier 3,Supermarket Type2,2060.25
NCB06,17.6,Low Fat,0.082332074,Health and Hygiene,160.392,OUT046,1997,Small,Tier 1,Supermarket Type1,1580.26
FDR09,,Low Fat,0.136085739,Snack Foods,259.8962,OUT019,1985,Small,Tier 1,Grocery Store,1279.45
FDC53,8.68,Low Fat,0.008885672,Frozen Foods,96.9384,OUT017,2007,,Tier 2,Supermarket Type1,937.92
FDY45,17.5,Low Fat,0,Snack Foods,255.2356,OUT013,1987,High,Tier 3,Supermarket Type1,2025.3
FDA22,7.435,Low Fat,0.141355941,Starchy Foods,168.5158,OUT010,1998,,Tier 3,Grocery Store,807.66
FDE02,8.71,Low Fat,0.121227447,Canned,95.2778,OUT035,2004,Small,Tier 2,Supermarket Type1,858.89
FDW21,5.34,Regular,0.005975976,Snack Foods,100.8358,OUT045,2002,,Tier 2,Supermarket Type1,1086.6
FDV34,10.695,Regular,0.011425458,Snack Foods,73.6038,OUT046,1997,Small,Tier 1,Supermarket Type1,976.4
FDS59,14.8,Regular,0.043961689,Breads,109.157,OUT049,1999,Medium,Tier 1,Supermarket Type1,1368.4
NCW17,18,Low Fat,0.01949589,Health and Hygiene,127.8994,OUT017,2007,,Tier 2,Supermarket Type1,1422.9
NCK54,12.15,Low Fat,0.029523375,Household,117.215,OUT046,1997,Small,Tier 1,Supermarket Type1,1321.16
FDG17,,Regular,0.062751586,Frozen Foods,244.2486,OUT019,1985,Small,Tier 1,Grocery Store,1629.39
FDG35,21.2,Regular,0,Starchy Foods,173.0738,OUT017,2007,,Tier 2,Supermarket Type1,1421.31
FDD08,8.3,Low Fat,0.059175953,Fruits and Vegetables,37.8506,OUT010,1998,,Tier 3,Grocery Store,101.02
NCO07,9.06,Low Fat,0.009831566,Others,211.156,OUT017,2007,,Tier 2,Supermarket Type1,1610.93
FDJ10,5.095,reg,0.216762584,Snack Foods,142.2838,OUT010,1998,,Tier 3,Grocery Store,585.14
FDW36,11.15,Low Fat,0.057254675,Baking Goods,104.0622,OUT017,2007,,Tier 2,Supermarket Type1,1067.86
FDW21,5.34,Regular,0,Snack Foods,101.0358,OUT010,1998,,Tier 3,Grocery Store,629.08
FDY19,19.75,Low Fat,0.041598912,Fruits and Vegetables,118.0466,OUT017,2007,,Tier 2,Supermarket Type1,1293.07
DRE03,19.6,Low Fat,0.024206741,Dairy,47.0718,OUT013,1987,High,Tier 3,Supermarket Type1,1064.31
NCC55,10.695,Low Fat,0.063862271,Household,38.1848,OUT049,1999,Medium,Tier 1,Supermarket Type1,974.41
FDH52,9.42,Regular,0.073484791,Frozen Foods,63.6194,OUT010,1998,,Tier 3,Grocery Store,533.71
FDO09,13.5,Regular,0.125983278,Snack Foods,264.691,OUT017,2007,,Tier 2,Supermarket Type1,2127.92
FDU43,19.35,Regular,0.058161092,Fruits and Vegetables,239.4564,OUT045,2002,,Tier 2,Supermarket Type1,1727.12
FDX09,9,Low Fat,0.1092139,Snack Foods,175.037,OUT010,1998,,Tier 3,Grocery Store,821.41
FDH40,,Regular,0.138195491,Frozen Foods,83.1276,OUT019,1985,Small,Tier 1,Grocery Store,391.33
FDW58,20.75,Low Fat,0.007595816,Snack Foods,104.4622,OUT017,2007,,Tier 2,Supermarket Type1,1150.96
FDC47,15,Low Fat,0.11956313,Snack Foods,227.2694,OUT017,2007,,Tier 2,Supermarket Type1,1722.37
NCR41,17.85,LF,0.018020588,Health and Hygiene,94.4094,OUT035,2004,Small,Tier 2,Supermarket Type1,1059.98
DRG49,7.81,Low Fat,0.067442541,Soft Drinks,244.7486,OUT035,2004,Small,Tier 2,Supermarket Type1,1809.09
FDC52,,Regular,0.008239804,Dairy,152.2708,OUT027,1985,Medium,Tier 3,Supermarket Type3,1913.57
FDY13,12.1,Low Fat,0.030127406,Canned,74.567,OUT046,1997,Small,Tier 1,Supermarket Type1,1060.7
FDY35,17.6,Regular,0.016014343,Breads,44.0402,OUT013,1987,High,Tier 3,Supermarket Type1,1121.01
FDI35,14,Low Fat,0.041524729,Starchy Foods,181.7634,OUT017,2007,,Tier 2,Supermarket Type1,1757.33
NCU18,15.1,Low Fat,0.055926872,Household,141.4496,OUT049,1999,Medium,Tier 1,Supermarket Type1,1296.34
FDY33,14.5,Regular,0.097597084,Snack Foods,158.5262,OUT018,2009,Medium,Tier 3,Supermarket Type2,1465.56
FDC15,,Low Fat,0.177107232,Dairy,157.5288,OUT027,1985,Medium,Tier 3,Supermarket Type3,1611.51
FDU01,20.25,Regular,0,Canned,186.4924,OUT049,1999,Medium,Tier 1,Supermarket Type1,1741.46
NCU42,9,Low Fat,0.019506654,Household,169.5474,OUT046,1997,Small,Tier 1,Supermarket Type1,1428.95
NCV29,11.8,Low Fat,0.022936556,Health and Hygiene,177.6686,OUT018,2009,Medium,Tier 3,Supermarket Type2,1767.13
NCY30,20.25,Low Fat,0.02610006,Household,182.8976,OUT017,2007,,Tier 2,Supermarket Type1,1679.2
FDQ46,7.51,Low Fat,0.103974431,Snack Foods,112.1544,OUT049,1999,Medium,Tier 1,Supermarket Type1,1297.84
FDG58,,Regular,0.086360962,Snack Foods,153.7972,OUT027,1985,Medium,Tier 3,Supermarket Type3,1894.66
FDK33,17.85,Low Fat,0.011298801,Snack Foods,213.256,OUT017,2007,,Tier 2,Supermarket Type1,1953.69
NCD07,9.1,Low Fat,0.055541153,Household,115.6518,OUT045,2002,,Tier 2,Supermarket Type1,951.8
NCX29,,Low Fat,0.088720803,Health and Hygiene,144.4102,OUT027,1985,Medium,Tier 3,Supermarket Type3,1550.91
NCT42,5.88,Low Fat,0.024866609,Household,148.3392,OUT013,1987,High,Tier 3,Supermarket Type1,1320.65
DRN59,15,Low Fat,0.064129493,Hard Drinks,45.906,OUT035,2004,Small,Tier 2,Supermarket Type1,632.77
FDI44,16.1,Low Fat,0.100213917,Fruits and Vegetables,79.0328,OUT035,2004,Small,Tier 2,Supermarket Type1,827.19
FDA45,21.25,Low Fat,0.155621254,Snack Foods,178.237,OUT049,1999,Medium,Tier 1,Supermarket Type1,1605.99
FDP31,21.1,Regular,0.161832494,Fruits and Vegetables,65.7168,OUT045,2002,,Tier 2,Supermarket Type1,887.49
FDY01,11.8,Regular,0.170283492,Canned,115.1834,OUT046,1997,Small,Tier 1,Supermarket Type1,1093.85
FDT09,15.15,Regular,0.012313256,Snack Foods,132.8284,OUT018,2009,Medium,Tier 3,Supermarket Type2,1633.52
DRH03,,Low Fat,0,Dairy,94.812,OUT027,1985,Medium,Tier 3,Supermarket Type3,1653.97
FDA36,5.985,Low Fat,0.005689466,Baking Goods,186.6924,OUT018,2009,Medium,Tier 3,Supermarket Type2,1945.58
NCF31,9.13,Low Fat,0.052140695,Household,153.4024,OUT017,2007,,Tier 2,Supermarket Type1,1168.7
FDG14,9,Regular,0.050579228,Canned,151.3024,OUT049,1999,Medium,Tier 1,Supermarket Type1,1324.64
FDG28,,Regular,0.04904165,Frozen Foods,245.5144,OUT027,1985,Medium,Tier 3,Supermarket Type3,2185.69
FDU14,17.75,Low Fat,0.034806679,Dairy,250.175,OUT049,1999,Medium,Tier 1,Supermarket Type1,2017.89
FDY47,,Regular,0.095395258,Breads,131.131,OUT019,1985,Small,Tier 1,Grocery Store,748.86
FDI56,7.325,Low Fat,0.093530571,Fruits and Vegetables,90.4146,OUT049,1999,Medium,Tier 1,Supermarket Type1,1087.38
DRD01,12.1,Regular,0.061124626,Soft Drinks,56.4614,OUT013,1987,High,Tier 3,Supermarket Type1,980.23
FDM22,14,Regular,0,Snack Foods,54.864,OUT046,1997,Small,Tier 1,Supermarket Type1,936.75
FDH33,12.85,Low Fat,0.121624114,Snack Foods,42.2428,OUT013,1987,High,Tier 3,Supermarket Type1,926.82
DRZ24,7.535,Low Fat,0.081719458,Soft Drinks,118.444,OUT013,1987,High,Tier 3,Supermarket Type1,1381.64
NCQ38,16.35,Low Fat,0.01336643,Others,105.228,OUT046,1997,Small,Tier 1,Supermarket Type1,1329.17
FDO16,,Low Fat,0.015035032,Frozen Foods,84.025,OUT027,1985,Medium,Tier 3,Supermarket Type3,1260.11
FDU07,,Low Fat,0.059557164,Fruits and Vegetables,149.2366,OUT027,1985,Medium,Tier 3,Supermarket Type3,1615.7
NCB07,19.2,Low Fat,0.077443049,Household,194.511,OUT013,1987,High,Tier 3,Supermarket Type1,1632.51
FDU48,18.85,Low Fat,0.055470721,Baking Goods,132.1284,OUT045,2002,,Tier 2,Supermarket Type1,1233.73
NCM43,14.5,Low Fat,0.019514867,Others,165.121,OUT045,2002,,Tier 2,Supermarket Type1,1454.1
FDR31,6.46,Regular,0.08228859,Fruits and Vegetables,144.4102,OUT010,1998,,Tier 3,Grocery Store,794.42
DRK49,14.15,Low Fat,0.036090136,Soft Drinks,41.1138,OUT018,2009,Medium,Tier 3,Supermarket Type2,1038.69
NCI30,20.25,Low Fat,0.098645981,Household,244.746,OUT010,1998,,Tier 3,Grocery Store,1502.07
DRD60,15.7,Low Fat,0.03744271,Soft Drinks,181.1634,OUT017,2007,,Tier 2,Supermarket Type1,1682.6
NCG19,20.25,Low Fat,0.147933567,Household,235.3616,OUT046,1997,Small,Tier 1,Supermarket Type1,1920.1
FDH12,9.6,LF,0.084937598,Baking Goods,105.028,OUT035,2004,Small,Tier 2,Supermarket Type1,1172.41
FDM32,20.5,Low Fat,0.020601136,Fruits and Vegetables,91.683,OUT035,2004,Small,Tier 2,Supermarket Type1,869.22
FDM27,12.35,Regular,0.158439388,Meat,156.0946,OUT035,2004,Small,Tier 2,Supermarket Type1,1079.37
NCU53,,Low Fat,0,Health and Hygiene,165.7842,OUT027,1985,Medium,Tier 3,Supermarket Type3,1803.31
NCQ18,15.75,Low Fat,0.135072801,Household,99.17,OUT046,1997,Small,Tier 1,Supermarket Type1,935.12
FDS10,19.2,Low Fat,0.035156307,Snack Foods,179.1318,OUT013,1987,High,Tier 3,Supermarket Type1,1665.98
FDB33,,Low Fat,0.014509564,Fruits and Vegetables,157.4262,OUT027,1985,Medium,Tier 3,Supermarket Type3,1855.29
FDI12,9.395,Regular,0.100315391,Baking Goods,85.8856,OUT013,1987,High,Tier 3,Supermarket Type1,1099.85
NCW42,18.2,Low Fat,0.058420325,Household,221.4456,OUT013,1987,High,Tier 3,Supermarket Type1,1981.77
NCC06,19,Low Fat,0.027096298,Household,128.6336,OUT018,2009,Medium,Tier 3,Supermarket Type2,1642.1
FDW02,4.805,Regular,0.037912667,Dairy,125.8704,OUT017,2007,,Tier 2,Supermarket Type1,1344.8
NCD43,8.85,Low Fat,0.016110572,Household,104.2964,OUT017,2007,,Tier 2,Supermarket Type1,1311.08
FDM57,11.65,Regular,0.076158144,Snack Foods,82.9908,OUT018,2009,Medium,Tier 3,Supermarket Type2,1005.46
FDA58,9.395,Low Fat,0.104338095,Snack Foods,236.8932,OUT017,2007,,Tier 2,Supermarket Type1,1637.77
FDK56,9.695,Low Fat,0.129998012,Fruits and Vegetables,185.1898,OUT046,1997,Small,Tier 1,Supermarket Type1,1339.41
FDP52,18.7,Regular,0,Frozen Foods,231.201,OUT045,2002,,Tier 2,Supermarket Type1,1839.51
FDW20,20.75,LF,0.024247803,Fruits and Vegetables,123.973,OUT018,2009,Medium,Tier 3,Supermarket Type2,1489.28
FDS52,8.89,Low Fat,0.005483027,Frozen Foods,100.4016,OUT049,1999,Medium,Tier 1,Supermarket Type1,1250.5
NCT29,12.6,Low Fat,0.064371885,Health and Hygiene,119.8414,OUT018,2009,Medium,Tier 3,Supermarket Type2,1447.39
NCL54,12.6,Low Fat,0.082684949,Household,176.6054,OUT013,1987,High,Tier 3,Supermarket Type1,1680.11
FDC05,13.1,Regular,0.098984923,Frozen Foods,198.2768,OUT045,2002,,Tier 2,Supermarket Type1,1715.14
FDF34,9.3,Regular,0.014016743,Snack Foods,196.8084,OUT035,2004,Small,Tier 2,Supermarket Type1,1713.93
FDP03,,Regular,0.060880827,Meat,124.4388,OUT027,1985,Medium,Tier 3,Supermarket Type3,1823.12
FDD32,17.7,Regular,0.068511767,Fruits and Vegetables,83.2276,OUT010,1998,,Tier 3,Grocery Store,381.99
FDZ10,17.85,Low Fat,0,Snack Foods,127.502,OUT045,2002,,Tier 2,Supermarket Type1,1195.21
FDZ40,8.935,Low Fat,0.04017515,Frozen Foods,54.1298,OUT035,2004,Small,Tier 2,Supermarket Type1,650.1
FDD51,11.15,Low Fat,0.120441348,Dairy,43.7744,OUT018,2009,Medium,Tier 3,Supermarket Type2,863.41
NCY30,,Low Fat,0.045440803,Household,179.5976,OUT019,1985,Small,Tier 1,Grocery Store,1084.39
FDP58,11.1,LF,0.135906738,Snack Foods,217.9482,OUT017,2007,,Tier 2,Supermarket Type1,1671.1
FDV49,10,Low Fat,0.025973288,Canned,264.3226,OUT017,2007,,Tier 2,Supermarket Type1,2054.4
FDY24,,Regular,0.23372937,Baking Goods,52.4298,OUT019,1985,Small,Tier 1,Grocery Store,326.51
NCO55,12.8,Low Fat,0.091552173,Others,107.1938,OUT017,2007,,Tier 2,Supermarket Type1,1224.77
FDR13,9.895,Regular,0.028883289,Canned,116.6492,OUT017,2007,,Tier 2,Supermarket Type1,1349.84
FDS51,13.35,Low Fat,0.03236252,Meat,62.0194,OUT017,2007,,Tier 2,Supermarket Type1,706.43
FDP26,7.785,Low Fat,0.139835844,Dairy,104.7306,OUT045,2002,,Tier 2,Supermarket Type1,842.66
NCB54,,Low Fat,0.049810328,Health and Hygiene,129.2336,OUT027,1985,Medium,Tier 3,Supermarket Type3,1538.46
FDF32,16.35,Low Fat,0.068466049,Fruits and Vegetables,197.1426,OUT017,2007,,Tier 2,Supermarket Type1,1549.11
FDN31,11.5,Low Fat,0.073178424,Fruits and Vegetables,189.153,OUT018,2009,Medium,Tier 3,Supermarket Type2,1713.98
DRM48,15.2,Low Fat,0.113535259,Soft Drinks,36.0848,OUT017,2007,,Tier 2,Supermarket Type1,688.68
FDN20,19.35,Low Fat,0.026222599,Fruits and Vegetables,169.0474,OUT049,1999,Medium,Tier 1,Supermarket Type1,1694.61
DRL01,19.5,Regular,0,Soft Drinks,233.1958,OUT046,1997,Small,Tier 1,Supermarket Type1,1949.08
FDV56,16.1,Regular,0.01361686,Fruits and Vegetables,107.2596,OUT049,1999,Medium,Tier 1,Supermarket Type1,1417.37
DRH13,,Low Fat,0.023770288,Soft Drinks,107.728,OUT027,1985,Medium,Tier 3,Supermarket Type3,1702.61
FDA03,18.5,Regular,0.045720935,Dairy,145.6102,OUT017,2007,,Tier 2,Supermarket Type1,1560.21
FDF47,,Low Fat,0.097145513,Starchy Foods,223.8746,OUT027,1985,Medium,Tier 3,Supermarket Type3,1948.38
FDX32,15.1,Regular,0.099858247,Fruits and Vegetables,146.4786,OUT046,1997,Small,Tier 1,Supermarket Type1,1135.46
FDX57,17.25,Regular,0.047339698,Snack Foods,96.5068,OUT049,1999,Medium,Tier 1,Supermarket Type1,1119.93
NCA30,19,LF,0.129596025,Household,190.5872,OUT045,2002,,Tier 2,Supermarket Type1,1482.59
FDO49,10.6,Regular,0.033024663,Breakfast,49.3008,OUT013,1987,High,Tier 3,Supermarket Type1,880.63
FDL04,,Low Fat,0.195963464,Frozen Foods,105.1622,OUT019,1985,Small,Tier 1,Grocery Store,551.52
DRM48,15.2,Low Fat,0.112875322,Soft Drinks,37.2848,OUT035,2004,Small,Tier 2,Supermarket Type1,658.88
FDR16,5.845,Regular,0.104930609,Frozen Foods,212.3218,OUT013,1987,High,Tier 3,Supermarket Type1,1790.25
NCC19,6.57,Low Fat,0.097275225,Household,192.682,OUT018,2009,Medium,Tier 3,Supermarket Type2,1831.19
NCE42,21.1,Low Fat,0.010623794,Household,235.4958,OUT045,2002,,Tier 2,Supermarket Type1,2073.37
FDY24,4.88,Regular,0.134248297,Baking Goods,54.9298,OUT017,2007,,Tier 2,Supermarket Type1,892.45
FDH19,19.35,Low Fat,0.033139916,Meat,175.4738,OUT049,1999,Medium,Tier 1,Supermarket Type1,1513.73
FDJ46,11.1,Low Fat,0.044786137,Snack Foods,173.4054,OUT013,1987,High,Tier 3,Supermarket Type1,1451.12
FDN45,19.35,Low Fat,0.197679823,Snack Foods,224.6088,OUT010,1998,,Tier 3,Grocery Store,1109.89
FDY08,9.395,Regular,0.171042873,Fruits and Vegetables,139.9838,OUT035,2004,Small,Tier 2,Supermarket Type1,1025.74
FDZ37,8.1,Regular,0.019764765,Canned,86.6198,OUT035,2004,Small,Tier 2,Supermarket Type1,896.32
NCT30,9.1,LF,0.080455726,Household,47.3718,OUT045,2002,,Tier 2,Supermarket Type1,749.83
DRY23,9.395,Regular,0.109540783,Soft Drinks,41.9112,OUT018,2009,Medium,Tier 3,Supermarket Type2,942.69
NCZ30,6.59,Low Fat,0.026291649,Household,121.7098,OUT018,2009,Medium,Tier 3,Supermarket Type2,1473.87
FDC44,15.6,Low Fat,0.173299972,Fruits and Vegetables,113.3518,OUT018,2009,Medium,Tier 3,Supermarket Type2,1395.66
FDB45,20.85,Low Fat,0.021325759,Fruits and Vegetables,104.6306,OUT035,2004,Small,Tier 2,Supermarket Type1,1268.23
FDY04,17.7,Regular,0.042441097,Frozen Foods,163.221,OUT013,1987,High,Tier 3,Supermarket Type1,1776.42
FDM27,12.35,reg,0,Meat,158.8946,OUT046,1997,Small,Tier 1,Supermarket Type1,1249.37
FDZ43,11,Regular,0.057381292,Fruits and Vegetables,241.2512,OUT017,2007,,Tier 2,Supermarket Type1,1708.24
FDT39,,Regular,0.017277445,Meat,150.7366,OUT019,1985,Small,Tier 1,Grocery Store,864
NCC06,,LF,0.047249645,Household,126.7336,OUT019,1985,Small,Tier 1,Grocery Store,742.01
FDL15,,Low Fat,0.046408928,Meat,153.5682,OUT027,1985,Medium,Tier 3,Supermarket Type3,1767.36
FDL57,15.1,Regular,0.067456225,Snack Foods,257.5304,OUT017,2007,,Tier 2,Supermarket Type1,1965.41
FDU08,10.3,Low Fat,0.027315417,Fruits and Vegetables,98.7042,OUT046,1997,Small,Tier 1,Supermarket Type1,1101.39
FDK40,7.035,Low Fat,0.021972988,Frozen Foods,264.091,OUT017,2007,,Tier 2,Supermarket Type1,2059.97
FDQ12,12.65,Low Fat,0.059270332,Baking Goods,229.101,OUT010,1998,,Tier 3,Grocery Store,1440.26
FDS48,15.15,Low Fat,0.027936385,Baking Goods,151.1708,OUT017,2007,,Tier 2,Supermarket Type1,1564.35
FDP09,19.75,Low Fat,0.033958586,Snack Foods,212.0902,OUT045,2002,,Tier 2,Supermarket Type1,1963.18
FDW21,5.34,Regular,0.005973153,Snack Foods,99.0358,OUT049,1999,Medium,Tier 1,Supermarket Type1,1031.7
FDY25,12,Low Fat,0.033968012,Canned,181.0976,OUT035,2004,Small,Tier 2,Supermarket Type1,1331.47
DRE13,6.28,Low Fat,0.027861814,Soft Drinks,85.5198,OUT017,2007,,Tier 2,Supermarket Type1,888.24
FDV43,,Low Fat,0.134564284,Fruits and Vegetables,42.7086,OUT019,1985,Small,Tier 1,Grocery Store,207.29
FDD22,10,Low Fat,0.099851786,Snack Foods,111.7544,OUT045,2002,,Tier 2,Supermarket Type1,1067.78
FDM46,,Low Fat,0.280083047,Snack Foods,92.712,OUT019,1985,Small,Tier 1,Grocery Store,425.34
NCO30,19.5,Low Fat,0.026320247,Household,184.9608,OUT010,1998,,Tier 3,Grocery Store,1207.1
FDM25,10.695,Regular,0.060665739,Breakfast,173.7712,OUT046,1997,Small,Tier 1,Supermarket Type1,1530.01
NCN41,17,Low Fat,0.052290474,Health and Hygiene,122.873,OUT049,1999,Medium,Tier 1,Supermarket Type1,1498.74
FDU24,6.78,Regular,0.140447292,Baking Goods,93.312,OUT045,2002,,Tier 2,Supermarket Type1,1092.27
FDZ50,12.8,Regular,0.079076331,Dairy,183.7608,OUT046,1997,Small,Tier 1,Supermarket Type1,1694.12
FDP45,15.7,Regular,0.030599358,Snack Foods,251.4724,OUT013,1987,High,Tier 3,Supermarket Type1,1906.46
NCM54,17.7,Low Fat,0.051042366,Household,126.1678,OUT045,2002,,Tier 2,Supermarket Type1,1139.88
FDW10,,Low Fat,0.123745045,Snack Foods,175.337,OUT019,1985,Small,Tier 1,Grocery Store,915.48
FDP20,19.85,Low Fat,0.04592756,Fruits and Vegetables,127.902,OUT017,2007,,Tier 2,Supermarket Type1,1243.08
FDK32,16.25,Regular,0.048975573,Fruits and Vegetables,151.0682,OUT046,1997,Small,Tier 1,Supermarket Type1,1349.55
FDN52,9.395,Regular,0.13177444,Frozen Foods,87.7198,OUT049,1999,Medium,Tier 1,Supermarket Type1,1075.63
FDM58,16.85,Regular,0,Snack Foods,111.0544,OUT045,2002,,Tier 2,Supermarket Type1,1281.75
FDZ46,,Low Fat,0.068788985,Snack Foods,110.8228,OUT027,1985,Medium,Tier 3,Supermarket Type3,1635.12
NCA18,10.1,Low Fat,0.05630601,Household,117.1492,OUT018,2009,Medium,Tier 3,Supermarket Type2,1501.35
FDD35,12.15,Low Fat,0.025864429,Starchy Foods,121.844,OUT046,1997,Small,Tier 1,Supermarket Type1,1365.91
NCK31,10.895,Low Fat,0.02704266,Others,49.4666,OUT035,2004,Small,Tier 2,Supermarket Type1,543.99
FDI40,,Regular,0.124994714,Frozen Foods,100.5358,OUT027,1985,Medium,Tier 3,Supermarket Type3,1274.95
FDT50,,Regular,0.189512493,Dairy,97.7752,OUT019,1985,Small,Tier 1,Grocery Store,398.7
NCT06,17.1,Low Fat,0.038737554,Household,164.7842,OUT046,1997,Small,Tier 1,Supermarket Type1,1372.15
FDT31,19.75,Low Fat,0.012445941,Fruits and Vegetables,187.8872,OUT035,2004,Small,Tier 2,Supermarket Type1,1528.43
FDT45,15.85,Low Fat,0.05740255,Snack Foods,53.0956,OUT049,1999,Medium,Tier 1,Supermarket Type1,966.31
FDT13,14.85,Low Fat,0.018609305,Canned,187.1214,OUT045,2002,,Tier 2,Supermarket Type1,1638.37
FDO50,16.25,Low Fat,0.078327268,Canned,90.9804,OUT045,2002,,Tier 2,Supermarket Type1,1102.65
NCU18,15.1,Low Fat,0.093464804,Household,140.8496,OUT010,1998,,Tier 3,Grocery Store,922.25
NCR54,16.35,Low Fat,0.090702992,Household,195.111,OUT049,1999,Medium,Tier 1,Supermarket Type1,1868.93
NCO18,13.15,Low Fat,0.024751688,Household,178.2686,OUT018,2009,Medium,Tier 3,Supermarket Type2,1930.25
FDU09,7.71,Regular,0.0667322,Snack Foods,56.2956,OUT045,2002,,Tier 2,Supermarket Type1,609.54
FDT13,14.85,Low Fat,0.018647294,Canned,187.5214,OUT018,2009,Medium,Tier 3,Supermarket Type2,1671.54
FDE09,8.775,Low Fat,0.021603383,Fruits and Vegetables,112.2228,OUT046,1997,Small,Tier 1,Supermarket Type1,1009.21
NCK53,,Low Fat,0.065799906,Health and Hygiene,101.1042,OUT019,1985,Small,Tier 1,Grocery Store,571.35
FDG45,8.1,Low Fat,0,Fruits and Vegetables,213.2902,OUT049,1999,Medium,Tier 1,Supermarket Type1,1813.8
DRH15,8.775,Low Fat,0.109890489,Dairy,45.0428,OUT035,2004,Small,Tier 2,Supermarket Type1,621.26
FDO21,,Regular,0.017093789,Snack Foods,224.0404,OUT019,1985,Small,Tier 1,Grocery Store,1402.34
FDD14,,LF,0.16898615,Canned,184.2266,OUT027,1985,Medium,Tier 3,Supermarket Type3,1923.66
FDC09,15.5,Regular,0.026302004,Fruits and Vegetables,102.7332,OUT046,1997,Small,Tier 1,Supermarket Type1,1221.86
FDH45,,Regular,0.105155137,Fruits and Vegetables,43.2796,OUT027,1985,Medium,Tier 3,Supermarket Type3,1279.9
FDV32,7.785,Low Fat,0.088708388,Fruits and Vegetables,65.051,OUT046,1997,Small,Tier 1,Supermarket Type1,978.44
FDG12,6.635,Regular,0.00632491,Baking Goods,119.1098,OUT035,2004,Small,Tier 2,Supermarket Type1,927.86
FDS32,17.75,Regular,0.029629236,Fruits and Vegetables,140.1838,OUT013,1987,High,Tier 3,Supermarket Type1,1327.59
NCL55,12.15,Low Fat,0.064924087,Others,251.204,OUT018,2009,Medium,Tier 3,Supermarket Type2,2004.24
DRE01,10.1,Low Fat,0.167123591,Soft Drinks,243.5512,OUT035,2004,Small,Tier 2,Supermarket Type1,1602.82
DRE15,13.35,Low Fat,0.017813048,Dairy,77.0012,OUT049,1999,Medium,Tier 1,Supermarket Type1,1090.92
NCL42,18.85,Low Fat,0.04045348,Household,247.0144,OUT045,2002,,Tier 2,Supermarket Type1,1951.12
FDP31,21.1,Regular,0.161370557,Fruits and Vegetables,64.0168,OUT013,1987,High,Tier 3,Supermarket Type1,998.56
FDN33,6.305,Regular,0.123617286,Snack Foods,93.5436,OUT018,2009,Medium,Tier 3,Supermarket Type2,1228.37
FDZ59,6.63,Regular,0.104021582,Baking Goods,164.85,OUT046,1997,Small,Tier 1,Supermarket Type1,1437.47
FDE45,12.1,Low Fat,0.067549872,Fruits and Vegetables,178.3002,OUT010,1998,,Tier 3,Grocery Store,1179.56
FDJ07,7.26,Low Fat,0.01441152,Meat,118.415,OUT013,1987,High,Tier 3,Supermarket Type1,1481.13
FDQ45,9.5,Regular,0.010961524,Snack Foods,184.4608,OUT018,2009,Medium,Tier 3,Supermarket Type2,1599.17
FDM33,,Low Fat,0.087294906,Snack Foods,219.1798,OUT027,1985,Medium,Tier 3,Supermarket Type3,1979.42
FDO15,16.75,Regular,0.014338639,Meat,75.7038,OUT010,1998,,Tier 3,Grocery Store,442.72
FDM46,7.365,Low Fat,0.159834724,Snack Foods,92.512,OUT013,1987,High,Tier 3,Supermarket Type1,955.52
FDR03,15.7,Regular,0.008753653,Meat,205.698,OUT045,2002,,Tier 2,Supermarket Type1,1699.36
FDY49,17.2,Regular,0.012061003,Canned,166.4184,OUT018,2009,Medium,Tier 3,Supermarket Type2,1737.85
FDQ60,6.195,Regular,0.109596256,Baking Goods,118.8098,OUT045,2002,,Tier 2,Supermarket Type1,1138.18
FDW10,21.2,Low Fat,0,Snack Foods,176.137,OUT049,1999,Medium,Tier 1,Supermarket Type1,1824.15
FDO51,6.785,Regular,0.042047755,Meat,44.6112,OUT049,1999,Medium,Tier 1,Supermarket Type1,999.01
FDJ40,13.6,Regular,0.049791265,Frozen Foods,108.7912,OUT018,2009,Medium,Tier 3,Supermarket Type2,1509.74
FDS20,8.85,Low Fat,0.054086343,Fruits and Vegetables,182.2292,OUT018,2009,Medium,Tier 3,Supermarket Type2,1913.53
FDU45,15.6,Regular,0.035476594,Snack Foods,112.4518,OUT013,1987,High,Tier 3,Supermarket Type1,1129.76
FDV02,16.75,Low Fat,0.060534179,Dairy,169.4106,OUT035,2004,Small,Tier 2,Supermarket Type1,1275.53
FDN09,14.15,Low Fat,0.034874689,Snack Foods,242.2828,OUT046,1997,Small,Tier 1,Supermarket Type1,1768.22
NCM55,,Low Fat,0.066403009,Others,186.6924,OUT027,1985,Medium,Tier 3,Supermarket Type3,1899.55
FDN23,6.575,Regular,0.075815345,Breads,144.6444,OUT018,2009,Medium,Tier 3,Supermarket Type2,1455.34
FDY31,5.98,Low Fat,0.072915282,Fruits and Vegetables,145.1418,OUT010,1998,,Tier 3,Grocery Store,813.52
FDW03,5.63,Regular,0.041077066,Meat,106.5306,OUT010,1998,,Tier 3,Grocery Store,664.36
FDD14,20.7,Low Fat,0.169808455,Canned,183.4266,OUT046,1997,Small,Tier 1,Supermarket Type1,1553.92
FDV23,11,Low Fat,0.106435421,Breads,125.7046,OUT017,2007,,Tier 2,Supermarket Type1,1292.58
DRI03,6.03,Low Fat,0.022749737,Dairy,175.7028,OUT045,2002,,Tier 2,Supermarket Type1,1645.1
FDN13,18.6,Low Fat,0.152029528,Breakfast,99.3358,OUT035,2004,Small,Tier 2,Supermarket Type1,1153.72
FDF45,,Regular,0.01214561,Fruits and Vegetables,59.7904,OUT027,1985,Medium,Tier 3,Supermarket Type3,1145.42
FDU46,10.3,Regular,0.011124197,Snack Foods,87.454,OUT035,2004,Small,Tier 2,Supermarket Type1,830.09
FDB57,20.25,Regular,0.018834342,Fruits and Vegetables,222.3772,OUT049,1999,Medium,Tier 1,Supermarket Type1,1881.87
FDV12,16.7,Regular,0,Baking Goods,99.6384,OUT049,1999,Medium,Tier 1,Supermarket Type1,1235.91
FDQ58,7.315,Low Fat,0.015289106,Snack Foods,151.134,OUT013,1987,High,Tier 3,Supermarket Type1,1456.68
NCA18,10.1,Low Fat,0.056394771,Household,115.9492,OUT017,2007,,Tier 2,Supermarket Type1,1172.67
FDH52,9.42,Regular,0,Frozen Foods,61.3194,OUT049,1999,Medium,Tier 1,Supermarket Type1,1085.2
FDM24,6.135,Regular,0.079650513,Baking Goods,150.1366,OUT018,2009,Medium,Tier 3,Supermarket Type2,1596.01
NCP43,,Low Fat,0.030359318,Others,181.166,OUT027,1985,Medium,Tier 3,Supermarket Type3,2092.59
NCO18,,Low Fat,0.04316119,Household,176.4686,OUT019,1985,Small,Tier 1,Grocery Store,1252.23
FDM32,20.5,LF,0.020721583,Fruits and Vegetables,91.183,OUT017,2007,,Tier 2,Supermarket Type1,1326.36
NCL07,13.85,Low Fat,0.031515822,Others,37.948,OUT017,2007,,Tier 2,Supermarket Type1,613.3
FDK03,12.6,Regular,0.073858923,Dairy,253.2356,OUT013,1987,High,Tier 3,Supermarket Type1,1897.52
FDP59,20.85,Regular,0.056785107,Breads,102.2648,OUT017,2007,,Tier 2,Supermarket Type1,1067.3
FDQ24,15.7,Low Fat,0,Baking Goods,250.6724,OUT049,1999,Medium,Tier 1,Supermarket Type1,2065.6
FDQ16,19.7,Low Fat,0.041908424,Frozen Foods,109.5912,OUT018,2009,Medium,Tier 3,Supermarket Type2,1396.93
FDU44,12.15,Regular,0.058377105,Fruits and Vegetables,160.6552,OUT013,1987,High,Tier 3,Supermarket Type1,1547.11
FDH28,15.85,Regular,0.184169331,Frozen Foods,38.6506,OUT010,1998,,Tier 3,Grocery Store,245.78
FDV28,,Regular,0.279663801,Frozen Foods,35.6558,OUT019,1985,Small,Tier 1,Grocery Store,196.91
FDM22,14,Regular,0.042042857,Snack Foods,53.864,OUT045,2002,,Tier 2,Supermarket Type1,988.41
FDR56,15.5,Regular,0.100765839,Fruits and Vegetables,196.0768,OUT046,1997,Small,Tier 1,Supermarket Type1,1735.23
FDV39,11.3,Low Fat,0.007291207,Meat,196.8426,OUT049,1999,Medium,Tier 1,Supermarket Type1,1590.17
FDU37,,Regular,0.182980378,Canned,80.496,OUT019,1985,Small,Tier 1,Grocery Store,277.55
FDQ11,5.695,Regular,0,Breads,256.4988,OUT010,1998,,Tier 3,Grocery Store,1359.61
FDX02,16,Low Fat,0.057175809,Dairy,223.5404,OUT045,2002,,Tier 2,Supermarket Type1,1706.01
NCS42,8.6,Low Fat,0.06969924,Household,92.6146,OUT018,2009,Medium,Tier 3,Supermarket Type2,1169.85
FDY57,,Regular,0.120667057,Snack Foods,94.6752,OUT027,1985,Medium,Tier 3,Supermarket Type3,1399.61
FDB21,7.475,Low Fat,0.148751515,Fruits and Vegetables,241.8854,OUT049,1999,Medium,Tier 1,Supermarket Type1,1905.82
FDE28,9.5,Regular,0.133296733,Frozen Foods,229.8668,OUT017,2007,,Tier 2,Supermarket Type1,1774.8
FDQ55,13.65,Regular,0.013111823,Fruits and Vegetables,113.2834,OUT017,2007,,Tier 2,Supermarket Type1,1307.81
FDA48,12.1,Low Fat,0.115052659,Baking Goods,222.6114,OUT049,1999,Medium,Tier 1,Supermarket Type1,1973.52
FDZ19,6.425,Low Fat,0.093644428,Fruits and Vegetables,174.3712,OUT045,2002,,Tier 2,Supermarket Type1,1594.74
NCC43,7.39,Low Fat,0.092971061,Household,252.4066,OUT045,2002,,Tier 2,Supermarket Type1,1667.29
NCV18,6.775,Low Fat,0.105245865,Household,81.925,OUT046,1997,Small,Tier 1,Supermarket Type1,721.29
NCA42,6.965,Low Fat,0.028664878,Household,159.0604,OUT018,2009,Medium,Tier 3,Supermarket Type2,1492.79
FDY45,17.5,Low Fat,0.026142114,Snack Foods,256.3356,OUT046,1997,Small,Tier 1,Supermarket Type1,1900.82
NCC30,16.6,Low Fat,0.027635129,Household,178.8344,OUT045,2002,,Tier 2,Supermarket Type1,1533.92
FDM57,11.65,Regular,0.075786047,Snack Foods,85.3908,OUT013,1987,High,Tier 3,Supermarket Type1,1088.99
FDL09,19.6,Regular,0.214306131,Snack Foods,166.7816,OUT010,1998,,Tier 3,Grocery Store,924.62
FDB09,,Low Fat,0.057118149,Fruits and Vegetables,124.8046,OUT027,1985,Medium,Tier 3,Supermarket Type3,1702.52
FDT44,16.6,Low Fat,0.102967068,Fruits and Vegetables,118.8466,OUT035,2004,Small,Tier 2,Supermarket Type1,1204.19
NCT06,,Low Fat,0.038549965,Household,164.2842,OUT027,1985,Medium,Tier 3,Supermarket Type3,2010.37
FDX26,17.7,Low Fat,0.087945039,Dairy,183.3292,OUT049,1999,Medium,Tier 1,Supermarket Type1,1864.06
FDK32,16.25,reg,0.048934817,Fruits and Vegetables,153.0682,OUT013,1987,High,Tier 3,Supermarket Type1,1338.58
DRA12,11.6,Low Fat,0.040945898,Soft Drinks,142.9154,OUT046,1997,Small,Tier 1,Supermarket Type1,1154.38
FDO46,9.6,Regular,0.023788808,Snack Foods,187.8872,OUT010,1998,,Tier 3,Grocery Store,1000.17
FDE52,10.395,Regular,0.029861927,Dairy,86.6514,OUT013,1987,High,Tier 3,Supermarket Type1,1060.47
NCH42,6.86,Low Fat,0.036611419,Household,230.201,OUT045,2002,,Tier 2,Supermarket Type1,1746.18
FDV08,7.35,Low Fat,0.028589521,Fruits and Vegetables,42.0454,OUT035,2004,Small,Tier 2,Supermarket Type1,678.97
FDB47,8.8,Low Fat,0.071720362,Snack Foods,210.6612,OUT018,2009,Medium,Tier 3,Supermarket Type2,1904.69
FDC28,7.905,Low Fat,0.09203683,Frozen Foods,110.5254,OUT010,1998,,Tier 3,Grocery Store,686.39
FDD22,10,Low Fat,0.099649694,Snack Foods,113.7544,OUT046,1997,Small,Tier 1,Supermarket Type1,1188.96
FDS07,,Low Fat,0.099274751,Fruits and Vegetables,115.2518,OUT027,1985,Medium,Tier 3,Supermarket Type3,1692.04
DRI13,15.35,Low Fat,0.020368186,Soft Drinks,216.9508,OUT045,2002,,Tier 2,Supermarket Type1,1969.35
FDG32,19.85,Low Fat,0.176712457,Fruits and Vegetables,222.9772,OUT018,2009,Medium,Tier 3,Supermarket Type2,1739.28
FDU14,17.75,Low Fat,0.034949223,Dairy,250.275,OUT017,2007,,Tier 2,Supermarket Type1,1829.31
FDD28,,Low Fat,0.093315935,Frozen Foods,58.7904,OUT019,1985,Small,Tier 1,Grocery Store,293.86
NCP41,16.6,Low Fat,0.0163024,Health and Hygiene,109.5596,OUT017,2007,,Tier 2,Supermarket Type1,1138.11
FDS08,5.735,Low Fat,0.05704978,Fruits and Vegetables,175.037,OUT049,1999,Medium,Tier 1,Supermarket Type1,1552.5
FDX47,6.55,Regular,0.034674522,Breads,157.5288,OUT045,2002,,Tier 2,Supermarket Type1,1389.05
FDC53,,Low Fat,0.015470159,Frozen Foods,100.4384,OUT019,1985,Small,Tier 1,Grocery Store,740.99
FDQ19,7.35,Regular,0.014362412,Fruits and Vegetables,241.1512,OUT035,2004,Small,Tier 2,Supermarket Type1,1866.86
FDL14,8.115,Regular,0.032224086,Canned,154.8972,OUT045,2002,,Tier 2,Supermarket Type1,1498.74
FDM33,,LF,0.153585858,Snack Foods,221.1798,OUT019,1985,Small,Tier 1,Grocery Store,1391.76
FDA51,8.05,Regular,0.165013572,Dairy,113.2518,OUT045,2002,,Tier 2,Supermarket Type1,1223.72
FDZ27,7.935,Low Fat,0.017226149,Dairy,48.635,OUT018,2009,Medium,Tier 3,Supermarket Type2,846.53
FDT04,17.25,LF,0.107041738,Frozen Foods,41.2822,OUT046,1997,Small,Tier 1,Supermarket Type1,587.46
DRC13,8.26,Regular,0.03249201,Soft Drinks,124.773,OUT049,1999,Medium,Tier 1,Supermarket Type1,1247.83
FDR16,,Regular,0.104509448,Frozen Foods,214.7218,OUT027,1985,Medium,Tier 3,Supermarket Type3,2024.41
FDQ03,,Regular,0.077636468,Meat,236.2248,OUT027,1985,Medium,Tier 3,Supermarket Type3,2203.86
FDE38,6.52,Low Fat,0.044598726,Canned,167.7842,OUT035,2004,Small,Tier 2,Supermarket Type1,1362.31
DRH23,,Low Fat,0.169493477,Hard Drinks,57.0614,OUT027,1985,Medium,Tier 3,Supermarket Type3,1209.79
FDT11,,Regular,0.051427223,Breads,187.7556,OUT019,1985,Small,Tier 1,Grocery Store,1231.87
FDD09,13.5,Low Fat,0.021492339,Fruits and Vegetables,179.6976,OUT035,2004,Small,Tier 2,Supermarket Type1,1608.49
FDR40,9.1,Regular,0,Frozen Foods,81.9618,OUT045,2002,,Tier 2,Supermarket Type1,1176.49
FDX07,19.2,Regular,0.02304845,Fruits and Vegetables,183.495,OUT017,2007,,Tier 2,Supermarket Type1,1821.88
FDR07,21.35,Low Fat,0.077729209,Fruits and Vegetables,97.0094,OUT035,2004,Small,Tier 2,Supermarket Type1,868.05
FDA51,8.05,Regular,0.165611092,Dairy,114.2518,OUT017,2007,,Tier 2,Supermarket Type1,907.68
FDT59,,Low Fat,0.027858864,Breads,230.2668,OUT019,1985,Small,Tier 1,Grocery Store,1307.89
FDF20,12.85,Low Fat,0.033408076,Fruits and Vegetables,195.0768,OUT017,2007,,Tier 2,Supermarket Type1,1578.81
FDR13,9.895,Regular,0.028779079,Canned,114.8492,OUT045,2002,,Tier 2,Supermarket Type1,1158.03
FDY26,20.6,Regular,0.030557961,Dairy,210.2244,OUT049,1999,Medium,Tier 1,Supermarket Type1,1922.93
FDW04,8.985,Regular,0.058154195,Frozen Foods,129.831,OUT017,2007,,Tier 2,Supermarket Type1,1281.63
FDK52,18.25,Low Fat,0.079666936,Frozen Foods,226.9062,OUT017,2007,,Tier 2,Supermarket Type1,1898.03
FDN60,15.1,Low Fat,0.095306027,Baking Goods,157.1604,OUT049,1999,Medium,Tier 1,Supermarket Type1,1645.31
FDM09,,Regular,0.150455041,Snack Foods,170.879,OUT019,1985,Small,Tier 1,Grocery Store,1129.92
FDP46,15.35,Low Fat,0.074731622,Snack Foods,87.883,OUT049,1999,Medium,Tier 1,Supermarket Type1,957.55
FDB50,,Low Fat,0.268966279,Canned,79.1986,OUT019,1985,Small,Tier 1,Grocery Store,192.02
NCQ29,12,Low Fat,0.104392185,Health and Hygiene,258.8278,OUT049,1999,Medium,Tier 1,Supermarket Type1,1921.6
FDP16,,Low Fat,0.039104567,Frozen Foods,245.3802,OUT027,1985,Medium,Tier 3,Supermarket Type3,2226.9
FDX33,9.195,Regular,0.117963418,Snack Foods,161.1578,OUT018,2009,Medium,Tier 3,Supermarket Type2,1506.57
FDP07,18.2,LF,0,Fruits and Vegetables,195.411,OUT010,1998,,Tier 3,Grocery Store,1221.16
FDN22,18.85,Regular,0.138305372,Snack Foods,251.1724,OUT046,1997,Small,Tier 1,Supermarket Type1,1884.92
FDF39,14.85,Regular,0,Dairy,261.691,OUT049,1999,Medium,Tier 1,Supermarket Type1,2236.25
FDS21,19.85,Regular,0.020994235,Snack Foods,60.7194,OUT017,2007,,Tier 2,Supermarket Type1,1054.01
NCM42,6.13,LF,0.028297924,Household,107.1912,OUT013,1987,High,Tier 3,Supermarket Type1,1353.99
FDK50,,Low Fat,0.049660306,Canned,163.4894,OUT019,1985,Small,Tier 1,Grocery Store,1186
DRF13,,Low Fat,0.029637145,Soft Drinks,146.9444,OUT027,1985,Medium,Tier 3,Supermarket Type3,1589.02
FDH35,18.25,Low Fat,0.06049406,Starchy Foods,163.9526,OUT018,2009,Medium,Tier 3,Supermarket Type2,1532.04
FDP60,17.35,Low Fat,0.056146632,Baking Goods,99.5016,OUT018,2009,Medium,Tier 3,Supermarket Type2,1212.18
DRJ49,,Low Fat,0.013925484,Soft Drinks,130.1652,OUT027,1985,Medium,Tier 3,Supermarket Type3,1621.88
NCT42,,Low Fat,0.043574485,Household,148.3392,OUT019,1985,Small,Tier 1,Grocery Store,892.15
FDE38,6.52,Low Fat,0.044676513,Canned,167.6842,OUT049,1999,Medium,Tier 1,Supermarket Type1,1552.69
FDI04,13.65,Regular,0.073025792,Frozen Foods,198.6426,OUT049,1999,Medium,Tier 1,Supermarket Type1,1784.36
NCH54,13.5,Low Fat,0.072816495,Household,157.892,OUT045,2002,,Tier 2,Supermarket Type1,1466.37
FDT56,16,Regular,0.115772125,Fruits and Vegetables,58.9246,OUT049,1999,Medium,Tier 1,Supermarket Type1,1067.89
DRD15,10.6,Low Fat,0.057027285,Dairy,232.3642,OUT018,2009,Medium,Tier 3,Supermarket Type2,2153.88
FDV58,20.85,Low Fat,0,Snack Foods,193.8452,OUT013,1987,High,Tier 3,Supermarket Type1,2002.1
FDP21,7.42,Regular,0.025780862,Snack Foods,187.0872,OUT049,1999,Medium,Tier 1,Supermarket Type1,1503.72
FDH05,14.35,Regular,0.090837986,Frozen Foods,232.7984,OUT013,1987,High,Tier 3,Supermarket Type1,1762.09
FDR10,,Low Fat,0.009991275,Snack Foods,161.5552,OUT027,1985,Medium,Tier 3,Supermarket Type3,1767.06
NCP06,20.7,Low Fat,0.039325397,Household,149.4366,OUT045,2002,,Tier 2,Supermarket Type1,1358.41
FDF33,7.97,Low Fat,0.02156897,Seafood,106.4596,OUT049,1999,Medium,Tier 1,Supermarket Type1,1215.91
DRK37,5,Low Fat,0,Soft Drinks,188.353,OUT013,1987,High,Tier 3,Supermarket Type1,1681.94
DRH49,19.7,Low Fat,0,Soft Drinks,84.2592,OUT045,2002,,Tier 2,Supermarket Type1,1139.33
FDT58,9,Low Fat,0.085883187,Snack Foods,167.4816,OUT013,1987,High,Tier 3,Supermarket Type1,1591.85
FDD41,6.765,Regular,0.087615564,Frozen Foods,104.3306,OUT018,2009,Medium,Tier 3,Supermarket Type2,1364.32
FDP40,4.555,Regular,0.034497126,Frozen Foods,110.3544,OUT018,2009,Medium,Tier 3,Supermarket Type2,1466.79
FDM51,,Regular,0.025800674,Meat,101.6674,OUT027,1985,Medium,Tier 3,Supermarket Type3,1719.45
FDO45,13.15,Regular,0.063525167,Snack Foods,86.3856,OUT010,1998,,Tier 3,Grocery Store,362
FDW33,9.395,Low Fat,0.165907543,Snack Foods,106.528,OUT010,1998,,Tier 3,Grocery Store,391.35
FDY24,4.88,Regular,0,Baking Goods,54.1298,OUT045,2002,,Tier 2,Supermarket Type1,727.87
FDB10,10,Low Fat,0.112492619,Snack Foods,237.559,OUT010,1998,,Tier 3,Grocery Store,1238.33
FDM40,10.195,Low Fat,0.159906706,Frozen Foods,141.7154,OUT035,2004,Small,Tier 2,Supermarket Type1,1096.88
NCI06,11.3,Low Fat,0.0479876,Household,180.866,OUT017,2007,,Tier 2,Supermarket Type1,1537.67
FDW12,,Regular,0.062282301,Baking Goods,143.5444,OUT019,1985,Small,Tier 1,Grocery Store,934.94
FDX48,,Regular,0.03770442,Baking Goods,154.8656,OUT027,1985,Medium,Tier 3,Supermarket Type3,1896.33
NCW05,,Low Fat,0.147355554,Health and Hygiene,107.0938,OUT027,1985,Medium,Tier 3,Supermarket Type3,1571.9
FDX27,20.7,Regular,0.114762583,Dairy,95.1436,OUT017,2007,,Tier 2,Supermarket Type1,1219.9
DRM37,15.35,Low Fat,0.09659331,Soft Drinks,198.2768,OUT045,2002,,Tier 2,Supermarket Type1,1803.04
FDA38,5.44,LF,0.025531593,Dairy,241.5538,OUT045,2002,,Tier 2,Supermarket Type1,1671.65
FDR36,6.715,Regular,0.121586376,Baking Goods,40.0454,OUT046,1997,Small,Tier 1,Supermarket Type1,492.83
FDZ45,14.1,Low Fat,0.066875983,Snack Foods,198.8084,OUT046,1997,Small,Tier 1,Supermarket Type1,1503.96
FDG05,11,Regular,0.088344041,Frozen Foods,158.463,OUT017,2007,,Tier 2,Supermarket Type1,1308.04
FDK28,5.695,Low Fat,0.065535324,Frozen Foods,258.5646,OUT013,1987,High,Tier 3,Supermarket Type1,1988.99
FDV47,17.1,Low Fat,0.054317483,Breads,85.7566,OUT045,2002,,Tier 2,Supermarket Type1,1055.48
FDN21,18.6,Low Fat,0.077011493,Snack Foods,160.5236,OUT045,2002,,Tier 2,Supermarket Type1,1493.77
FDP20,,low fat,0.045448081,Fruits and Vegetables,127.202,OUT027,1985,Medium,Tier 3,Supermarket Type3,1743.21
FDI35,14,Low Fat,0.041374909,Starchy Foods,181.7634,OUT045,2002,,Tier 2,Supermarket Type1,1684.46
DRY23,9.395,reg,0.109005584,Soft Drinks,43.3112,OUT013,1987,High,Tier 3,Supermarket Type1,976.87
FDA56,9.21,Low Fat,0.008814363,Fruits and Vegetables,122.7414,OUT017,2007,,Tier 2,Supermarket Type1,1429.61
FDB09,16.25,Low Fat,0.057348328,Fruits and Vegetables,123.2046,OUT013,1987,High,Tier 3,Supermarket Type1,1183.76
NCO26,,Low Fat,0.076483451,Household,117.3492,OUT027,1985,Medium,Tier 3,Supermarket Type3,1445.09
FDQ49,20.2,Regular,0.039407615,Breakfast,156.563,OUT018,2009,Medium,Tier 3,Supermarket Type2,1585.03
FDI52,,Low Fat,0.104171229,Frozen Foods,122.4072,OUT027,1985,Medium,Tier 3,Supermarket Type3,1521.99
FDZ44,,Low Fat,0.03854151,Fruits and Vegetables,117.4808,OUT027,1985,Medium,Tier 3,Supermarket Type3,1590.96
FDZ09,17.6,Low Fat,0.105306199,Snack Foods,164.3868,OUT018,2009,Medium,Tier 3,Supermarket Type2,1661.55
FDY03,17.6,Regular,0.07624018,Meat,113.1202,OUT049,1999,Medium,Tier 1,Supermarket Type1,1362.74
NCG42,19.2,LF,0.041461032,Household,129.931,OUT017,2007,,Tier 2,Supermarket Type1,1404.71
DRI13,,Low Fat,0.020228528,Soft Drinks,218.0508,OUT027,1985,Medium,Tier 3,Supermarket Type3,2308.57
FDQ32,17.85,Regular,0.046569711,Fruits and Vegetables,125.6388,OUT013,1987,High,Tier 3,Supermarket Type1,1551.05
FDW16,17.35,Regular,0.04146639,Frozen Foods,90.9804,OUT035,2004,Small,Tier 2,Supermarket Type1,807.52
FDU27,18.6,Regular,0.171476879,Meat,47.0376,OUT046,1997,Small,Tier 1,Supermarket Type1,544.58
FDR28,13.85,Regular,0.043345406,Frozen Foods,162.821,OUT010,1998,,Tier 3,Grocery Store,860.45
FDQ49,20.2,Regular,0.065692664,Breakfast,158.163,OUT010,1998,,Tier 3,Grocery Store,896.17
FDS37,7.655,Low Fat,0.031944868,Canned,116.1492,OUT046,1997,Small,Tier 1,Supermarket Type1,1084.66
FDW26,11.8,Regular,0.107493292,Dairy,220.4772,OUT018,2009,Medium,Tier 3,Supermarket Type2,1896.48
FDX12,18.2,Regular,0.026170661,Baking Goods,241.1196,OUT018,2009,Medium,Tier 3,Supermarket Type2,2165
NCP06,20.7,Low Fat,0.039213146,Household,150.7366,OUT013,1987,High,Tier 3,Supermarket Type1,1610.66
FDW45,18,Low Fat,0.065296399,Snack Foods,145.2418,OUT010,1998,,Tier 3,Grocery Store,995.06
NCN30,16.35,Low Fat,0.017019624,Household,94.541,OUT049,1999,Medium,Tier 1,Supermarket Type1,1385.11
FDN24,14.1,Low Fat,0.113443531,Baking Goods,53.0956,OUT049,1999,Medium,Tier 1,Supermarket Type1,1091.63
NCL41,,Low Fat,0.04153551,Health and Hygiene,32.8216,OUT027,1985,Medium,Tier 3,Supermarket Type3,949.64
FDR02,,Low Fat,0.03863415,Dairy,109.4886,OUT019,1985,Small,Tier 1,Grocery Store,570.92
FDD09,13.5,Low Fat,0.035980572,Fruits and Vegetables,180.8976,OUT010,1998,,Tier 3,Grocery Store,970.05
FDS33,6.67,Regular,0,Snack Foods,86.5514,OUT010,1998,,Tier 3,Grocery Store,472.72
FDU22,12.35,Low Fat,0.093485761,Snack Foods,119.6124,OUT045,2002,,Tier 2,Supermarket Type1,1117.18
FDI53,8.895,Regular,0.137530409,Frozen Foods,162.5236,OUT013,1987,High,Tier 3,Supermarket Type1,1436.37
DRH01,17.5,Low Fat,0.098056243,Soft Drinks,175.7738,OUT049,1999,Medium,Tier 1,Supermarket Type1,1662.01
FDX32,15.1,Regular,0.099775148,Fruits and Vegetables,142.9786,OUT013,1987,High,Tier 3,Supermarket Type1,1480.28
NCP30,20.5,Low Fat,0.032902177,Household,39.7822,OUT018,2009,Medium,Tier 3,Supermarket Type2,1147.69
FDB60,9.3,Low Fat,0.028579933,Baking Goods,195.9136,OUT045,2002,,Tier 2,Supermarket Type1,1758.9
FDB14,20.25,Regular,0.102883628,Canned,93.412,OUT049,1999,Medium,Tier 1,Supermarket Type1,1371.92
NCP02,7.105,Low Fat,0.044800289,Household,58.0562,OUT035,2004,Small,Tier 2,Supermarket Type1,563.72
FDJ10,5.095,Regular,0.13023619,Snack Foods,140.3838,OUT017,2007,,Tier 2,Supermarket Type1,1042.56
FDG34,11.5,Regular,0,Snack Foods,110.5254,OUT046,1997,Small,Tier 1,Supermarket Type1,1047.39
NCB18,19.6,Low Fat,0.041524729,Household,87.8514,OUT017,2007,,Tier 2,Supermarket Type1,1009.01
FDM16,8.155,Regular,0.033607569,Frozen Foods,74.2354,OUT049,1999,Medium,Tier 1,Supermarket Type1,1028.13
FDW25,5.175,Low Fat,0.0375513,Canned,84.1224,OUT018,2009,Medium,Tier 3,Supermarket Type2,1175.1
FDB35,12.3,Regular,0.108158918,Starchy Foods,91.2804,OUT010,1998,,Tier 3,Grocery Store,557.8
DRN11,7.85,Low Fat,0.162844648,Hard Drinks,143.2444,OUT013,1987,High,Tier 3,Supermarket Type1,1380.23
FDF41,,Low Fat,0.229678918,Frozen Foods,248.246,OUT019,1985,Small,Tier 1,Grocery Store,1427.14
FDH16,10.5,Low Fat,0.05266193,Frozen Foods,88.183,OUT045,2002,,Tier 2,Supermarket Type1,1159.11
NCQ50,18.75,Low Fat,0.034447102,Household,212.5218,OUT018,2009,Medium,Tier 3,Supermarket Type2,2164.12
DRH23,14.65,Low Fat,0.171012056,Hard Drinks,57.1614,OUT018,2009,Medium,Tier 3,Supermarket Type2,794.03
DRJ37,10.8,Low Fat,0.061050536,Soft Drinks,151.9024,OUT013,1987,High,Tier 3,Supermarket Type1,1324.12
DRJ24,,Low Fat,0.112780422,Soft Drinks,184.7924,OUT027,1985,Medium,Tier 3,Supermarket Type3,1807.36
FDY16,18.35,Regular,0.092209315,Frozen Foods,183.4266,OUT035,2004,Small,Tier 2,Supermarket Type1,1406.31
FDQ27,5.19,Regular,0.044342366,Meat,105.199,OUT045,2002,,Tier 2,Supermarket Type1,1044.02
FDZ33,10.195,Low Fat,0.107614855,Snack Foods,148.6076,OUT045,2002,,Tier 2,Supermarket Type1,1297.85
FDF29,15.1,Regular,0.019974614,Frozen Foods,131.331,OUT045,2002,,Tier 2,Supermarket Type1,1353.04
FDA08,11.85,Regular,0.050163021,Fruits and Vegetables,163.1526,OUT049,1999,Medium,Tier 1,Supermarket Type1,1645.14
FDG31,12.15,Low Fat,0,Meat,65.1826,OUT046,1997,Small,Tier 1,Supermarket Type1,1030.55
FDE34,,low fat,0,Snack Foods,183.3634,OUT019,1985,Small,Tier 1,Grocery Store,1320
NCR30,,Low Fat,0.070649186,Household,73.7696,OUT027,1985,Medium,Tier 3,Supermarket Type3,1530.65
FDV33,9.6,Regular,0.02733844,Snack Foods,258.1304,OUT035,2004,Small,Tier 2,Supermarket Type1,1709.31
DRZ24,7.535,Low Fat,0,Soft Drinks,120.244,OUT018,2009,Medium,Tier 3,Supermarket Type2,1288.09
NCL54,12.6,Low Fat,0.082738167,Household,173.5054,OUT035,2004,Small,Tier 2,Supermarket Type1,1289.02
FDR12,12.6,Regular,0.031583781,Baking Goods,172.8764,OUT049,1999,Medium,Tier 1,Supermarket Type1,1578.59
NCC54,17.75,Low Fat,0.097710924,Health and Hygiene,241.9196,OUT046,1997,Small,Tier 1,Supermarket Type1,1811.87
DRN59,15,Low Fat,0,Hard Drinks,45.906,OUT013,1987,High,Tier 3,Supermarket Type1,979.48
FDX50,,Low Fat,0.130662596,Dairy,110.3228,OUT019,1985,Small,Tier 1,Grocery Store,695.68
FDV31,,Low Fat,0.106200539,Fruits and Vegetables,178.437,OUT027,1985,Medium,Tier 3,Supermarket Type3,1969.32
NCA29,,Low Fat,0.027144323,Household,172.8106,OUT027,1985,Medium,Tier 3,Supermarket Type3,2046.53
FDW60,5.44,Regular,0.017088476,Baking Goods,176.837,OUT049,1999,Medium,Tier 1,Supermarket Type1,1785.3
FDX08,12.85,Low Fat,0.022731909,Fruits and Vegetables,182.4318,OUT017,2007,,Tier 2,Supermarket Type1,1769.87
DRD49,9.895,Low Fat,0.167691399,Soft Drinks,236.4564,OUT013,1987,High,Tier 3,Supermarket Type1,1661.85
FDD33,12.85,Low Fat,0.108192641,Fruits and Vegetables,231.2642,OUT046,1997,Small,Tier 1,Supermarket Type1,1604.53
FDW35,10.6,Low Fat,0.011079996,Breads,42.2454,OUT013,1987,High,Tier 3,Supermarket Type1,813.58
FDJ36,14.5,Regular,0.128985562,Baking Goods,102.9332,OUT017,2007,,Tier 2,Supermarket Type1,995.55
FDV51,16.35,Low Fat,0.032532744,Meat,166.3842,OUT035,2004,Small,Tier 2,Supermarket Type1,1401.28
FDW36,11.15,Low Fat,0.056932641,Baking Goods,106.4622,OUT046,1997,Small,Tier 1,Supermarket Type1,1100.35
FDH35,18.25,Low Fat,0.060248633,Starchy Foods,165.2526,OUT046,1997,Small,Tier 1,Supermarket Type1,1507.42
NCS30,,Low Fat,0.092575723,Household,130.9652,OUT027,1985,Medium,Tier 3,Supermarket Type3,1726.49
FDN49,17.25,Regular,0.125932787,Breakfast,38.248,OUT017,2007,,Tier 2,Supermarket Type1,846.77
FDL08,10.8,Low Fat,0.04992156,Fruits and Vegetables,246.0144,OUT018,2009,Medium,Tier 3,Supermarket Type2,2259.75
FDI09,20.75,Regular,0.129229963,Seafood,240.088,OUT013,1987,High,Tier 3,Supermarket Type1,1761.43
FDP19,11.5,Low Fat,0.174222894,Fruits and Vegetables,129.4652,OUT018,2009,Medium,Tier 3,Supermarket Type2,1184.76
FDU21,11.8,Regular,0.128414313,Snack Foods,33.0558,OUT010,1998,,Tier 3,Grocery Store,54.83
NCP41,16.6,Low Fat,0.016243582,Health and Hygiene,107.6596,OUT045,2002,,Tier 2,Supermarket Type1,1106.71
FDY10,17.6,Low Fat,0.049027044,Snack Foods,112.6176,OUT013,1987,High,Tier 3,Supermarket Type1,1258.47
FDP12,9.8,Regular,0.045451204,Baking Goods,36.2874,OUT018,2009,Medium,Tier 3,Supermarket Type2,924.27
NCN26,10.85,Low Fat,0.028724484,Household,116.0808,OUT049,1999,Medium,Tier 1,Supermarket Type1,1342.54
FDK44,16.6,LF,0.122125769,Fruits and Vegetables,174.4738,OUT013,1987,High,Tier 3,Supermarket Type1,1636.89
FDC28,7.905,Low Fat,0.055072409,Frozen Foods,109.1254,OUT049,1999,Medium,Tier 1,Supermarket Type1,1333.96
FDJ41,,Low Fat,0.022772467,Frozen Foods,263.2594,OUT027,1985,Medium,Tier 3,Supermarket Type3,2559.93
NCT29,12.6,Low Fat,0.064098602,Health and Hygiene,123.5414,OUT035,2004,Small,Tier 2,Supermarket Type1,1301.99
NCH42,,Low Fat,0.063972131,Household,228.401,OUT019,1985,Small,Tier 1,Grocery Store,1164.13
FDU60,20,Regular,0.060145056,Baking Goods,167.1132,OUT018,2009,Medium,Tier 3,Supermarket Type2,1559.99
FDS02,10.195,Regular,0.14616317,Dairy,193.1794,OUT045,2002,,Tier 2,Supermarket Type1,1384.3
FDC51,10.895,Regular,0.009621861,Dairy,123.073,OUT046,1997,Small,Tier 1,Supermarket Type1,1133.51
FDU03,18.7,Regular,0.091501713,Meat,182.6292,OUT013,1987,High,Tier 3,Supermarket Type1,1619.01
FDX39,14.3,Regular,0.049776901,Meat,211.7586,OUT045,2002,,Tier 2,Supermarket Type1,1712.97
NCY05,13.5,Low Fat,0.092042001,Health and Hygiene,36.6874,OUT010,1998,,Tier 3,Grocery Store,273.44
NCL06,,Low Fat,0.071717648,Household,259.9594,OUT027,1985,Medium,Tier 3,Supermarket Type3,2429.73
FDD32,17.7,Regular,0,Fruits and Vegetables,80.0276,OUT035,2004,Small,Tier 2,Supermarket Type1,1088.05
NCN41,17,Low Fat,0.052315184,Health and Hygiene,122.773,OUT045,2002,,Tier 2,Supermarket Type1,1388.17
NCX53,20.1,Low Fat,0.014961062,Health and Hygiene,141.5154,OUT049,1999,Medium,Tier 1,Supermarket Type1,1713.57
FDU57,,Regular,0.15679782,Snack Foods,149.8708,OUT019,1985,Small,Tier 1,Grocery Store,654.67
FDQ23,6.55,Low Fat,0.024525828,Breads,104.0332,OUT046,1997,Small,Tier 1,Supermarket Type1,916.96
FDQ52,17,Low Fat,0.1196271,Frozen Foods,249.0434,OUT045,2002,,Tier 2,Supermarket Type1,1769.07
FDC14,14.5,Regular,0.041332726,Canned,40.1454,OUT045,2002,,Tier 2,Supermarket Type1,710.1
FDY09,15.6,Low Fat,0.025195384,Snack Foods,176.8054,OUT035,2004,Small,Tier 2,Supermarket Type1,1440.95
FDQ28,14,Regular,0.060549609,Frozen Foods,156.4656,OUT045,2002,,Tier 2,Supermarket Type1,1403.07
FDV25,5.905,LF,0.045652243,Canned,221.0456,OUT046,1997,Small,Tier 1,Supermarket Type1,1722
FDJ07,7.26,Low Fat,0.014420795,Meat,116.215,OUT035,2004,Small,Tier 2,Supermarket Type1,1170.02
DRB25,12.3,Low Fat,0.069567714,Soft Drinks,106.0938,OUT049,1999,Medium,Tier 1,Supermarket Type1,1347
FDK52,,Low Fat,0.138701966,Frozen Foods,225.4062,OUT019,1985,Small,Tier 1,Grocery Store,1419.4
FDY52,,Low Fat,0.007312702,Frozen Foods,63.1536,OUT027,1985,Medium,Tier 3,Supermarket Type3,1522.26
FDB28,6.615,Low Fat,0.093385381,Dairy,197.8426,OUT046,1997,Small,Tier 1,Supermarket Type1,1340.39
FDT36,12.3,Low Fat,0.11125355,Baking Goods,36.0874,OUT035,2004,Small,Tier 2,Supermarket Type1,461.45
FDV25,5.905,Low Fat,0.045910471,Canned,222.1456,OUT017,2007,,Tier 2,Supermarket Type1,1615.82
NCN07,,Low Fat,0.033780319,Others,130.4284,OUT027,1985,Medium,Tier 3,Supermarket Type3,1615.45
FDC57,20.1,Regular,0.054903339,Fruits and Vegetables,193.282,OUT017,2007,,Tier 2,Supermarket Type1,1622.34
FDQ03,15,Regular,0.078332053,Meat,236.7248,OUT018,2009,Medium,Tier 3,Supermarket Type2,2051.49
FDU23,12.15,Low Fat,0.021846371,Breads,167.1184,OUT017,2007,,Tier 2,Supermarket Type1,1526.54
NCX41,19,Low Fat,0.017715927,Health and Hygiene,212.6244,OUT035,2004,Small,Tier 2,Supermarket Type1,1785.49
NCD06,13,Low Fat,0.099306497,Household,46.706,OUT035,2004,Small,Tier 2,Supermarket Type1,794.51
FDW08,12.1,LF,0.148682491,Fruits and Vegetables,106.728,OUT045,2002,,Tier 2,Supermarket Type1,1190.89
NCU29,7.685,LF,0.025621558,Health and Hygiene,145.076,OUT017,2007,,Tier 2,Supermarket Type1,1518.65
NCE06,5.825,Low Fat,0.0914091,Household,160.9894,OUT013,1987,High,Tier 3,Supermarket Type1,1279.95
FDV52,20.7,Regular,0.203400773,Frozen Foods,117.9466,OUT010,1998,,Tier 3,Grocery Store,503.55
FDB02,9.695,Regular,0.029329243,Canned,176.637,OUT017,2007,,Tier 2,Supermarket Type1,1412.97
NCR18,15.85,Low Fat,0.020529174,Household,42.9112,OUT045,2002,,Tier 2,Supermarket Type1,765.49
FDK16,9.065,Low Fat,0,Frozen Foods,94.4094,OUT049,1999,Medium,Tier 1,Supermarket Type1,1186.71
NCQ29,12,Low Fat,0.174459878,Health and Hygiene,258.7278,OUT010,1998,,Tier 3,Grocery Store,1390.99
FDZ01,,Regular,0.015860869,Canned,103.499,OUT019,1985,Small,Tier 1,Grocery Store,760.47
FDW27,5.86,Regular,0.150824783,Meat,157.0314,OUT035,2004,Small,Tier 2,Supermarket Type1,1273.95
FDD17,7.5,Low Fat,0.03275986,Frozen Foods,237.8906,OUT018,2009,Medium,Tier 3,Supermarket Type2,2163.41
FDW39,6.69,Regular,0.036879682,Meat,176.637,OUT013,1987,High,Tier 3,Supermarket Type1,1754.14
DRH59,10.8,Low Fat,0.058551954,Hard Drinks,72.638,OUT045,2002,,Tier 2,Supermarket Type1,1118.41
FDS52,8.89,Low Fat,0.005469959,Frozen Foods,101.7016,OUT013,1987,High,Tier 3,Supermarket Type1,1058.67
FDU40,,Low Fat,0.037222843,Frozen Foods,195.2478,OUT027,1985,Medium,Tier 3,Supermarket Type3,1906.86
NCF54,18,Low Fat,0.047337627,Household,173.6422,OUT013,1987,High,Tier 3,Supermarket Type1,1554.43
FDH46,6.935,Regular,0.041366008,Snack Foods,102.8332,OUT045,2002,,Tier 2,Supermarket Type1,1019.9
NCP14,8.275,Low Fat,0.110461228,Household,103.6306,OUT049,1999,Medium,Tier 1,Supermarket Type1,1138.48
FDH50,15,Regular,0,Canned,185.2266,OUT049,1999,Medium,Tier 1,Supermarket Type1,1770.75
DRF15,18.35,Low Fat,0.05559341,Dairy,153.534,OUT010,1998,,Tier 3,Grocery Store,1006.85
FDV27,,Regular,0.039796377,Meat,87.4514,OUT027,1985,Medium,Tier 3,Supermarket Type3,1533.67
NCJ06,20.1,Low Fat,0.034706495,Household,120.1782,OUT049,1999,Medium,Tier 1,Supermarket Type1,1528.44
FDN02,16.5,Low Fat,0.074128491,Canned,205.4638,OUT018,2009,Medium,Tier 3,Supermarket Type2,2053.84
FDQ51,16,Regular,0.017578564,Meat,45.9718,OUT049,1999,Medium,Tier 1,Supermarket Type1,780.02
FDQ07,15.1,Regular,0.087901272,Fruits and Vegetables,222.7456,OUT017,2007,,Tier 2,Supermarket Type1,1589.69
FDS45,5.175,reg,0.029541813,Snack Foods,105.1622,OUT049,1999,Medium,Tier 1,Supermarket Type1,1093.03
NCJ06,20.1,Low Fat,0.034722896,Household,121.1782,OUT045,2002,,Tier 2,Supermarket Type1,1187.93
FDD36,13.3,Low Fat,0.021269538,Baking Goods,117.2124,OUT035,2004,Small,Tier 2,Supermarket Type1,1087.63
FDY25,12,Low Fat,0.034043337,Canned,182.5976,OUT045,2002,,Tier 2,Supermarket Type1,1543.65
FDU52,7.56,Low Fat,0.063770861,Frozen Foods,154.963,OUT046,1997,Small,Tier 1,Supermarket Type1,1340.82
DRK47,7.905,LF,0.064426754,Hard Drinks,227.0694,OUT017,2007,,Tier 2,Supermarket Type1,1806.23
NCL30,18.1,Low Fat,0.049217255,Household,128.4336,OUT017,2007,,Tier 2,Supermarket Type1,1385.79
FDN22,18.85,Regular,0.13827922,Snack Foods,251.8724,OUT035,2004,Small,Tier 2,Supermarket Type1,1946.8
NCF30,,Low Fat,0.125632716,Household,126.2362,OUT027,1985,Medium,Tier 3,Supermarket Type3,1749.73
FDK03,12.6,Regular,0.073906461,Dairy,256.2356,OUT035,2004,Small,Tier 2,Supermarket Type1,1657.98
FDT45,15.85,Low Fat,0.057637631,Snack Foods,55.0956,OUT017,2007,,Tier 2,Supermarket Type1,706.1
NCC54,,Low Fat,0.097237755,Health and Hygiene,239.6196,OUT027,1985,Medium,Tier 3,Supermarket Type3,2108.89
FDP08,20.5,Regular,0.112867957,Fruits and Vegetables,195.3478,OUT018,2009,Medium,Tier 3,Supermarket Type2,1744.33
FDU44,12.15,Regular,0.058425726,Fruits and Vegetables,163.2552,OUT046,1997,Small,Tier 1,Supermarket Type1,1355.37
DRG39,14.15,Low Fat,0.042173019,Dairy,52.7982,OUT035,2004,Small,Tier 2,Supermarket Type1,763.48
FDU32,8.785,Low Fat,0.026007997,Fruits and Vegetables,121.9414,OUT049,1999,Medium,Tier 1,Supermarket Type1,1367.77
FDY27,6.38,Low Fat,0,Dairy,178.5344,OUT049,1999,Medium,Tier 1,Supermarket Type1,1722.6
NCP54,15.35,Low Fat,0.03512042,Household,123.073,OUT013,1987,High,Tier 3,Supermarket Type1,1465.74
NCZ41,19.85,Low Fat,0.064521395,Health and Hygiene,126.4704,OUT049,1999,Medium,Tier 1,Supermarket Type1,1546.47
DRL49,13.15,Low Fat,0.056382065,Soft Drinks,143.4812,OUT013,1987,High,Tier 3,Supermarket Type1,1617.45
FDI05,8.35,Regular,0.127386531,Frozen Foods,76.4354,OUT018,2009,Medium,Tier 3,Supermarket Type2,887.2
FDY56,16.35,Regular,0.062537976,Fruits and Vegetables,226.5062,OUT045,2002,,Tier 2,Supermarket Type1,1653.95
DRC13,8.26,Regular,0.032414575,Soft Drinks,124.973,OUT013,1987,High,Tier 3,Supermarket Type1,1213
NCV29,11.8,Low Fat,0.022972713,Health and Hygiene,179.5686,OUT017,2007,,Tier 2,Supermarket Type1,1473.55
FDR24,17.35,Regular,0.062949401,Baking Goods,88.983,OUT049,1999,Medium,Tier 1,Supermarket Type1,1145.2
FDZ34,6.695,Low Fat,0.076187616,Starchy Foods,191.382,OUT018,2009,Medium,Tier 3,Supermarket Type2,1738.9
FDP37,15.6,Low Fat,0.143078892,Breakfast,126.4994,OUT035,2004,Small,Tier 2,Supermarket Type1,1131.18
FDX08,,Low Fat,0.02249459,Fruits and Vegetables,180.9318,OUT027,1985,Medium,Tier 3,Supermarket Type3,2044.38
FDS57,15.5,Low Fat,0.103652052,Snack Foods,141.447,OUT045,2002,,Tier 2,Supermarket Type1,1402.17
NCG18,15.3,Low Fat,0.023013626,Household,102.4332,OUT049,1999,Medium,Tier 1,Supermarket Type1,1425.77
FDK25,11.6,Regular,0.157470693,Breakfast,168.9474,OUT018,2009,Medium,Tier 3,Supermarket Type2,1761.69
FDH53,20.5,Regular,0.019229584,Frozen Foods,80.9592,OUT049,1999,Medium,Tier 1,Supermarket Type1,1020.47
DRI59,9.5,Low Fat,0.041001013,Hard Drinks,223.0088,OUT018,2009,Medium,Tier 3,Supermarket Type2,1822.15
FDA52,16.2,Regular,0.128422279,Frozen Foods,177.237,OUT046,1997,Small,Tier 1,Supermarket Type1,1335.62
FDT20,10.5,Low Fat,0.069287489,Fruits and Vegetables,38.3164,OUT010,1998,,Tier 3,Grocery Store,181.88
FDE36,,Regular,0.073138055,Baking Goods,162.5868,OUT019,1985,Small,Tier 1,Grocery Store,952.9
FDI24,10.3,LF,0.079189212,Baking Goods,174.737,OUT017,2007,,Tier 2,Supermarket Type1,1465.88
FDB28,6.615,Low Fat,0.093765794,Dairy,199.2426,OUT018,2009,Medium,Tier 3,Supermarket Type2,1808.75
FDV11,9.1,Regular,0.082129741,Breads,176.9054,OUT017,2007,,Tier 2,Supermarket Type1,1540.76
FDP01,20.75,Regular,0.063325948,Breakfast,154.1682,OUT046,1997,Small,Tier 1,Supermarket Type1,1521.18
FDD34,,Low Fat,0.015799406,Snack Foods,161.721,OUT027,1985,Medium,Tier 3,Supermarket Type3,2024.75
FDJ50,,Low Fat,0.021481473,Canned,52.0982,OUT027,1985,Medium,Tier 3,Supermarket Type3,1453.71
FDZ44,8.185,LF,0.038696828,Fruits and Vegetables,118.5808,OUT013,1987,High,Tier 3,Supermarket Type1,1109.66
DRO59,11.8,Low Fat,0.054144012,Hard Drinks,75.8012,OUT035,2004,Small,Tier 2,Supermarket Type1,732.78
DRB48,16.75,reg,0.024903892,Soft Drinks,39.1822,OUT045,2002,,Tier 2,Supermarket Type1,709.34
FDR21,19.7,Low Fat,0.067208126,Snack Foods,175.337,OUT018,2009,Medium,Tier 3,Supermarket Type2,1687.77
NCE42,21.1,Low Fat,0.017746063,Household,234.7958,OUT010,1998,,Tier 3,Grocery Store,1426.11
FDO23,17.85,Low Fat,0.146427351,Breads,93.4436,OUT046,1997,Small,Tier 1,Supermarket Type1,987.11
NCE30,16,Low Fat,0.099539874,Household,212.3902,OUT018,2009,Medium,Tier 3,Supermarket Type2,1947.56
FDQ22,16.75,LF,0.029734029,Snack Foods,37.6822,OUT035,2004,Small,Tier 2,Supermarket Type1,801.74
FDY01,11.8,Regular,0.170628832,Canned,115.3834,OUT045,2002,,Tier 2,Supermarket Type1,1184.64
FDS08,5.735,Low Fat,0.057283416,Fruits and Vegetables,177.837,OUT017,2007,,Tier 2,Supermarket Type1,1624.69
FDG28,9.285,Regular,0.049481039,Frozen Foods,246.7144,OUT018,2009,Medium,Tier 3,Supermarket Type2,2282.39
FDQ51,16,Regular,0.017622773,Meat,48.1718,OUT018,2009,Medium,Tier 3,Supermarket Type2,902.08
FDB05,5.155,LF,0.083668945,Frozen Foods,249.4776,OUT017,2007,,Tier 2,Supermarket Type1,1700.91
FDO56,10.195,Regular,0.045052492,Fruits and Vegetables,116.5808,OUT049,1999,Medium,Tier 1,Supermarket Type1,1207.01
FDE02,8.71,Low Fat,0,Canned,91.9778,OUT018,2009,Medium,Tier 3,Supermarket Type2,1218.85
FDN45,19.35,Low Fat,0.118770807,Snack Foods,223.2088,OUT017,2007,,Tier 2,Supermarket Type1,1735.2
FDS09,8.895,reg,0.081021001,Snack Foods,49.0008,OUT013,1987,High,Tier 3,Supermarket Type1,884.85
NCA54,16.5,Low Fat,0.036790859,Household,181.4318,OUT018,2009,Medium,Tier 3,Supermarket Type2,1843.26
FDP09,19.75,Low Fat,0.056724671,Snack Foods,212.7902,OUT010,1998,,Tier 3,Grocery Store,1377.54
FDC53,8.68,Low Fat,0.008853613,Frozen Foods,99.0384,OUT045,2002,,Tier 2,Supermarket Type1,1224.5
NCM55,15.6,Low Fat,0.067103564,Others,186.5924,OUT017,2007,,Tier 2,Supermarket Type1,1739.06
FDL09,19.6,Regular,0.128557634,Snack Foods,169.0816,OUT018,2009,Medium,Tier 3,Supermarket Type2,1461.45
FDA11,,Low Fat,0.075705596,Baking Goods,93.2436,OUT019,1985,Small,Tier 1,Grocery Store,439.2
FDA50,16.25,Low Fat,0.087351931,Dairy,94.541,OUT045,2002,,Tier 2,Supermarket Type1,929.11
FDC23,18,Low Fat,0.018007487,Starchy Foods,178.9686,OUT017,2007,,Tier 2,Supermarket Type1,1505.12
FDE22,9.695,Low Fat,0.029618788,Snack Foods,158.892,OUT049,1999,Medium,Tier 1,Supermarket Type1,1493.11
FDD23,9.5,Regular,0.04868553,Starchy Foods,186.8898,OUT046,1997,Small,Tier 1,Supermarket Type1,1505.58
NCA29,10.5,Low Fat,0.027318818,Household,172.7106,OUT049,1999,Medium,Tier 1,Supermarket Type1,1650.82
FDK38,6.65,Low Fat,0.053289916,Canned,147.0734,OUT046,1997,Small,Tier 1,Supermarket Type1,1336.49
DRC13,8.26,Regular,0.032441572,Soft Drinks,121.673,OUT046,1997,Small,Tier 1,Supermarket Type1,1263.82
NCP43,17.75,Low Fat,0.03055448,Others,179.166,OUT049,1999,Medium,Tier 1,Supermarket Type1,1845.16
FDX28,6.325,Low Fat,0.12537274,Frozen Foods,99.7042,OUT049,1999,Medium,Tier 1,Supermarket Type1,1279.81
FDF08,14.3,Regular,0.065308939,Fruits and Vegetables,89.8856,OUT049,1999,Medium,Tier 1,Supermarket Type1,971.69
FDZ33,10.195,Low Fat,0.10739705,Snack Foods,149.5076,OUT046,1997,Small,Tier 1,Supermarket Type1,1110
FDD10,20.6,reg,0.046092237,Snack Foods,178.6344,OUT049,1999,Medium,Tier 1,Supermarket Type1,1595.21
FDO58,19.6,Low Fat,0.039801037,Snack Foods,162.4526,OUT017,2007,,Tier 2,Supermarket Type1,1411.87
FDI50,8.42,Regular,0.031017124,Canned,230.1352,OUT017,2007,,Tier 2,Supermarket Type1,1750.77
FDO58,19.6,Low Fat,0.039657436,Snack Foods,165.7526,OUT045,2002,,Tier 2,Supermarket Type1,1504.15
FDX08,12.85,Low Fat,0.022585241,Fruits and Vegetables,181.0318,OUT013,1987,High,Tier 3,Supermarket Type1,1703.3
NCK17,11,Low Fat,0.063428202,Health and Hygiene,40.848,OUT010,1998,,Tier 3,Grocery Store,339.58
FDF39,14.85,Regular,0.019507599,Dairy,262.091,OUT035,2004,Small,Tier 2,Supermarket Type1,2049.89
FDU45,15.6,Regular,0.059430002,Snack Foods,112.0518,OUT010,1998,,Tier 3,Grocery Store,841
NCJ18,12.35,Low Fat,0.164609767,Household,117.6124,OUT018,2009,Medium,Tier 3,Supermarket Type2,1471.17
DRC27,,Low Fat,0.101729922,Dairy,246.2802,OUT019,1985,Small,Tier 1,Grocery Store,1232.48
DRC25,5.73,Low Fat,0.045363276,Soft Drinks,85.1882,OUT035,2004,Small,Tier 2,Supermarket Type1,736.82
FDU59,5.78,Low Fat,0.096368001,Breads,160.6552,OUT035,2004,Small,Tier 2,Supermarket Type1,1143.33
FDU28,19.2,Regular,0,Frozen Foods,189.6214,OUT035,2004,Small,Tier 2,Supermarket Type1,1520.32
NCP30,20.5,Low Fat,0.032768691,Household,40.9822,OUT046,1997,Small,Tier 1,Supermarket Type1,769.41
FDB39,11.6,Low Fat,0.038675869,Dairy,55.1272,OUT018,2009,Medium,Tier 3,Supermarket Type2,1056.59
FDE41,9.195,Regular,0.063960902,Frozen Foods,86.4566,OUT013,1987,High,Tier 3,Supermarket Type1,1126.31
DRH11,5.98,Low Fat,0.126468543,Hard Drinks,56.3614,OUT010,1998,,Tier 3,Grocery Store,339.03
FDA58,9.395,Low Fat,0.103961646,Snack Foods,236.0932,OUT045,2002,,Tier 2,Supermarket Type1,1878.71
FDU50,5.75,Regular,0.075170211,Dairy,115.3176,OUT046,1997,Small,Tier 1,Supermarket Type1,1221.84
FDM34,19,Low Fat,0.067391444,Snack Foods,129.6626,OUT013,1987,High,Tier 3,Supermarket Type1,1577.49
FDM44,,LF,0.030899314,Fruits and Vegetables,101.999,OUT027,1985,Medium,Tier 3,Supermarket Type3,1348.69
FDR39,20.35,Low Fat,0.08396923,Meat,183.8292,OUT045,2002,,Tier 2,Supermarket Type1,1432.94
FDM25,10.695,Regular,0.060788771,Breakfast,175.6712,OUT045,2002,,Tier 2,Supermarket Type1,1378.35
FDQ49,20.2,Regular,0.039308756,Breakfast,156.463,OUT049,1999,Medium,Tier 1,Supermarket Type1,1525.57
DRH25,18.7,Low Fat,0.014652476,Soft Drinks,52.3324,OUT018,2009,Medium,Tier 3,Supermarket Type2,1081.54
FDM09,,Regular,0.085515417,Snack Foods,170.979,OUT027,1985,Medium,Tier 3,Supermarket Type3,1863.92
FDL44,,Low Fat,0.021492148,Fruits and Vegetables,161.1894,OUT019,1985,Small,Tier 1,Grocery Store,1064.7
NCR42,9.105,Low Fat,0.038638642,Household,32.39,OUT018,2009,Medium,Tier 3,Supermarket Type2,994.11
DRL59,16.75,Low Fat,0.021224126,Hard Drinks,52.7298,OUT046,1997,Small,Tier 1,Supermarket Type1,972.16
FDX43,5.655,Low Fat,0.085204025,Fruits and Vegetables,168.45,OUT013,1987,High,Tier 3,Supermarket Type1,1650.38
DRK47,7.905,Low Fat,0.107230638,Hard Drinks,226.6694,OUT010,1998,,Tier 3,Grocery Store,1423.51
FDU48,18.85,Low Fat,0.055583959,Baking Goods,131.7284,OUT018,2009,Medium,Tier 3,Supermarket Type2,1340.43
FDY12,9.8,Regular,0.140896203,Baking Goods,50.2008,OUT045,2002,,Tier 2,Supermarket Type1,578.9
NCN43,12.15,Low Fat,0.006787278,Others,122.573,OUT018,2009,Medium,Tier 3,Supermarket Type2,1361.09
NCM55,15.6,Low Fat,0.066997948,Others,184.0924,OUT018,2009,Medium,Tier 3,Supermarket Type2,1706.41
FDQ21,,Low Fat,0,Snack Foods,123.1756,OUT027,1985,Medium,Tier 3,Supermarket Type3,1646.97
FDX13,7.725,Low Fat,0.047773924,Canned,251.0092,OUT035,2004,Small,Tier 2,Supermarket Type1,1820.63
NCK30,,LF,0.060683277,Household,253.3698,OUT027,1985,Medium,Tier 3,Supermarket Type3,2382.42
FDG20,15.5,Regular,0.125883329,Fruits and Vegetables,175.4028,OUT049,1999,Medium,Tier 1,Supermarket Type1,1672.92
DRG27,8.895,Low Fat,0.105705241,Dairy,40.0138,OUT017,2007,,Tier 2,Supermarket Type1,807.21
FDY14,10.3,Low Fat,0.070325509,Dairy,264.3226,OUT018,2009,Medium,Tier 3,Supermarket Type2,2329.58
FDP59,20.85,Regular,0.056455037,Breads,102.7648,OUT035,2004,Small,Tier 2,Supermarket Type1,1274.35
FDU60,20,Regular,0,Baking Goods,169.1132,OUT017,2007,,Tier 2,Supermarket Type1,1400.12
NCC18,,Low Fat,0.310376916,Household,172.2422,OUT019,1985,Small,Tier 1,Grocery Store,692.49
DRJ39,20.25,Low Fat,0.036531539,Dairy,218.1482,OUT017,2007,,Tier 2,Supermarket Type1,1712.69
FDS07,12.35,LF,0.09991293,Fruits and Vegetables,113.4518,OUT049,1999,Medium,Tier 1,Supermarket Type1,1191.51
FDM08,,Regular,0.053324723,Fruits and Vegetables,222.5088,OUT027,1985,Medium,Tier 3,Supermarket Type3,2151.31
FDP51,13.85,Regular,0.085447928,Meat,120.4124,OUT045,2002,,Tier 2,Supermarket Type1,1197.32
FDU16,19.25,Regular,0.058264085,Frozen Foods,81.9908,OUT035,2004,Small,Tier 2,Supermarket Type1,1005.26
FDH12,9.6,Low Fat,0.084882966,Baking Goods,106.528,OUT013,1987,High,Tier 3,Supermarket Type1,1275.71
DRE48,8.43,Low Fat,0.028999721,Soft Drinks,195.8768,OUT010,1998,,Tier 3,Grocery Store,1266.23
NCL42,,Low Fat,0.040176104,Household,244.3144,OUT027,1985,Medium,Tier 3,Supermarket Type3,2468.07
FDR21,19.7,Low Fat,0.067071206,Snack Foods,177.637,OUT045,2002,,Tier 2,Supermarket Type1,1754.54
NCW29,14,Low Fat,0.0288575,Health and Hygiene,131.431,OUT035,2004,Small,Tier 2,Supermarket Type1,1050.9
FDO11,8,Regular,0.030239711,Breads,250.6092,OUT013,1987,High,Tier 3,Supermarket Type1,1890.13
NCM31,6.095,Low Fat,0.081322858,Others,141.2154,OUT049,1999,Medium,Tier 1,Supermarket Type1,1286.16
FDV35,,Low Fat,0.224472159,Breads,155.4314,OUT019,1985,Small,Tier 1,Grocery Store,757.35
FDF58,13.3,Low Fat,0.00963535,Snack Foods,61.651,OUT017,2007,,Tier 2,Supermarket Type1,907.51
NCE43,12.5,Low Fat,0.103603094,Household,169.1448,OUT049,1999,Medium,Tier 1,Supermarket Type1,1575.55
FDA02,14,Regular,0.029717039,Dairy,143.8786,OUT035,2004,Small,Tier 2,Supermarket Type1,1340.59
DRL37,15.5,Low Fat,0.089334085,Soft Drinks,44.477,OUT010,1998,,Tier 3,Grocery Store,397.72
FDR24,17.35,Regular,0.063107714,Baking Goods,91.283,OUT018,2009,Medium,Tier 3,Supermarket Type2,1408.71
FDW59,13.15,Low Fat,0.020748121,Breads,82.7566,OUT049,1999,Medium,Tier 1,Supermarket Type1,1327.54
FDS22,16.85,Regular,0.023190398,Snack Foods,44.8428,OUT049,1999,Medium,Tier 1,Supermarket Type1,778.71
FDW24,6.8,Low Fat,0.037709148,Baking Goods,49.7034,OUT017,2007,,Tier 2,Supermarket Type1,629.03
FDU24,6.78,Regular,0.140136534,Baking Goods,94.712,OUT035,2004,Small,Tier 2,Supermarket Type1,741.25
FDA21,,Low Fat,0.035786568,Snack Foods,186.4924,OUT027,1985,Medium,Tier 3,Supermarket Type3,1907
FDH58,,Low Fat,0.036760791,Snack Foods,116.9834,OUT027,1985,Medium,Tier 3,Supermarket Type3,1560.82
FDW36,11.15,Low Fat,0.05716456,Baking Goods,103.8622,OUT018,2009,Medium,Tier 3,Supermarket Type2,1297.84
FDI45,,Low Fat,0.037399255,Fruits and Vegetables,173.1054,OUT027,1985,Medium,Tier 3,Supermarket Type3,1942.92
FDU01,20.25,Regular,0,Canned,185.7924,OUT018,2009,Medium,Tier 3,Supermarket Type2,1937.61
FDF35,,Low Fat,0.153243627,Starchy Foods,109.1938,OUT027,1985,Medium,Tier 3,Supermarket Type3,1561.15
FDU43,,Regular,0.101626463,Fruits and Vegetables,237.4564,OUT019,1985,Small,Tier 1,Grocery Store,1510.05
FDE24,,Low Fat,0.163640988,Baking Goods,144.2812,OUT019,1985,Small,Tier 1,Grocery Store,978.77
FDK50,7.96,Low Fat,0.0284073,Canned,162.9894,OUT049,1999,Medium,Tier 1,Supermarket Type1,1367.6
FDG31,12.15,Low Fat,0.037973245,Meat,63.0826,OUT045,2002,,Tier 2,Supermarket Type1,745.83
FDC60,5.425,Regular,0.114704556,Baking Goods,90.2514,OUT045,2002,,Tier 2,Supermarket Type1,816.12
FDL36,15.1,Low Fat,0.076012177,Baking Goods,90.283,OUT013,1987,High,Tier 3,Supermarket Type1,1065.85
FDP21,7.42,Regular,0.025719421,Snack Foods,189.5872,OUT013,1987,High,Tier 3,Supermarket Type1,1640.52
FDW16,17.35,Regular,0.041558343,Frozen Foods,90.5804,OUT045,2002,,Tier 2,Supermarket Type1,1078.24
FDX02,16,Low Fat,0.057382845,Dairy,224.7404,OUT017,2007,,Tier 2,Supermarket Type1,1829.43
FDQ58,,Low Fat,0.01522774,Snack Foods,154.134,OUT027,1985,Medium,Tier 3,Supermarket Type3,1901.53
FDT51,11.65,Regular,0.01091879,Meat,110.7544,OUT046,1997,Small,Tier 1,Supermarket Type1,1257.87
FDD59,10.5,Regular,0.0662837,Starchy Foods,78.996,OUT049,1999,Medium,Tier 1,Supermarket Type1,1222.32
NCM42,6.13,Low Fat,0.028436862,Household,109.0912,OUT018,2009,Medium,Tier 3,Supermarket Type2,1508.32
FDA57,18.85,Low Fat,0.039805092,Snack Foods,40.348,OUT018,2009,Medium,Tier 3,Supermarket Type2,845.04
FDZ48,17.75,Low Fat,0,Baking Goods,112.0544,OUT035,2004,Small,Tier 2,Supermarket Type1,1014.55
FDE46,18.6,Low Fat,0.015801675,Snack Foods,152.4366,OUT045,2002,,Tier 2,Supermarket Type1,1345.38
NCZ30,,Low Fat,0.045846525,Household,120.8098,OUT019,1985,Small,Tier 1,Grocery Store,708.69
FDB56,8.75,Regular,0.075049323,Fruits and Vegetables,188.2556,OUT017,2007,,Tier 2,Supermarket Type1,1494.11
FDA25,,Regular,0.067795854,Canned,104.499,OUT027,1985,Medium,Tier 3,Supermarket Type3,1513.23
FDD20,14.15,Low Fat,0,Fruits and Vegetables,125.2046,OUT013,1987,High,Tier 3,Supermarket Type1,1436.68
FDL25,6.92,Regular,0.130815962,Breakfast,92.4804,OUT013,1987,High,Tier 3,Supermarket Type1,1125.35
NCO18,13.15,Low Fat,0.024689595,Household,177.0686,OUT049,1999,Medium,Tier 1,Supermarket Type1,1786.71
FDJ45,17.75,Low Fat,0.073825883,Seafood,34.8216,OUT017,2007,,Tier 2,Supermarket Type1,899.33
FDR12,12.6,Regular,0.03152879,Baking Goods,170.3764,OUT035,2004,Small,Tier 2,Supermarket Type1,1603.89
NCF19,13,Low Fat,0.05876482,Household,47.3034,OUT010,1998,,Tier 3,Grocery Store,151.28
FDK25,11.6,Regular,0.156831826,Breakfast,166.5474,OUT046,1997,Small,Tier 1,Supermarket Type1,1186.06
NCR17,9.8,Low Fat,0.024383317,Health and Hygiene,114.0492,OUT046,1997,Small,Tier 1,Supermarket Type1,1040.93
FDC52,11.15,Regular,0.0082799,Dairy,151.8708,OUT046,1997,Small,Tier 1,Supermarket Type1,1309.89
NCA54,16.5,Low Fat,0.036848856,Household,181.3318,OUT017,2007,,Tier 2,Supermarket Type1,1550.66
FDR45,10.8,Low Fat,0.048445132,Snack Foods,239.4222,OUT010,1998,,Tier 3,Grocery Store,1386.82
NCM19,12.65,Low Fat,0.047310687,Others,113.3202,OUT049,1999,Medium,Tier 1,Supermarket Type1,1344.23
FDF39,,Regular,0.019416804,Dairy,263.491,OUT027,1985,Medium,Tier 3,Supermarket Type3,2511.23
FDX23,6.445,Low Fat,0.029737925,Baking Goods,96.5436,OUT049,1999,Medium,Tier 1,Supermarket Type1,1298.34
FDD58,,Low Fat,0.059064826,Snack Foods,99.67,OUT027,1985,Medium,Tier 3,Supermarket Type3,1648.53
FDX28,6.325,low fat,0.125073951,Frozen Foods,100.6042,OUT013,1987,High,Tier 3,Supermarket Type1,1288.03
NCD31,12.1,Low Fat,0.01542162,Household,162.5526,OUT013,1987,High,Tier 3,Supermarket Type1,1403.86
FDU57,8.27,Regular,0.089918992,Snack Foods,150.7708,OUT018,2009,Medium,Tier 3,Supermarket Type2,1382.2
FDI27,8.71,Regular,0.045986314,Dairy,45.5744,OUT046,1997,Small,Tier 1,Supermarket Type1,643.24
NCM42,6.13,Low Fat,0.028321492,Household,108.0912,OUT046,1997,Small,Tier 1,Supermarket Type1,1021.92
FDD32,,Regular,0.040733779,Fruits and Vegetables,81.2276,OUT027,1985,Medium,Tier 3,Supermarket Type3,1384.59
FDI34,10.65,Regular,0.085065105,Snack Foods,228.9668,OUT013,1987,High,Tier 3,Supermarket Type1,1881.31
NCM29,11.5,LF,0.017669658,Health and Hygiene,129.8626,OUT049,1999,Medium,Tier 1,Supermarket Type1,1459.84
FDG46,8.63,Regular,0.033043717,Snack Foods,112.8518,OUT018,2009,Medium,Tier 3,Supermarket Type2,1449.36
DRC01,5.92,Regular,0.03213687,Soft Drinks,49.1692,OUT010,1998,,Tier 3,Grocery Store,437.95
FDB15,,Low Fat,0.13614823,Dairy,263.2568,OUT027,1985,Medium,Tier 3,Supermarket Type3,2484.88
NCA17,,Low Fat,0.045198261,Health and Hygiene,150.2392,OUT027,1985,Medium,Tier 3,Supermarket Type3,1982.14
FDF10,15.5,Regular,0.156928379,Snack Foods,148.2418,OUT046,1997,Small,Tier 1,Supermarket Type1,1087.59
FDR26,,Low Fat,0.042629339,Dairy,178.7028,OUT027,1985,Medium,Tier 3,Supermarket Type3,1814
FDI02,15.7,Regular,0.114743211,Canned,112.1202,OUT049,1999,Medium,Tier 1,Supermarket Type1,1162.29
NCM54,17.7,Low Fat,0.085261544,Household,127.7678,OUT010,1998,,Tier 3,Grocery Store,725.89
FDF14,7.55,Low Fat,0.027147206,Canned,151.134,OUT013,1987,High,Tier 3,Supermarket Type1,1452.65
FDJ33,8.895,Regular,0.14783322,Snack Foods,121.273,OUT010,1998,,Tier 3,Grocery Store,646.22
FDM20,10,Low Fat,0.038678487,Fruits and Vegetables,245.7144,OUT035,2004,Small,Tier 2,Supermarket Type1,1863.62
FDC03,,Regular,0.071498575,Dairy,195.7794,OUT027,1985,Medium,Tier 3,Supermarket Type3,2103.94
NCX05,15.2,Low Fat,0.097062093,Health and Hygiene,116.6492,OUT046,1997,Small,Tier 1,Supermarket Type1,1261.61
NCM41,,Low Fat,0.035483325,Health and Hygiene,91.912,OUT027,1985,Medium,Tier 3,Supermarket Type3,1639.08
NCU29,7.685,Low Fat,0.042644024,Health and Hygiene,147.876,OUT010,1998,,Tier 3,Grocery Store,662.73
FDQ59,9.8,Regular,0.056705486,Breads,83.4908,OUT017,2007,,Tier 2,Supermarket Type1,817.76
FDH46,6.935,Regular,0.069098084,Snack Foods,101.6332,OUT010,1998,,Tier 3,Grocery Store,453.34
FDH09,12.6,Low Fat,0.056030907,Seafood,50.7982,OUT013,1987,High,Tier 3,Supermarket Type1,842.16
NCD06,13,Low Fat,0.099526713,Household,46.706,OUT045,2002,,Tier 2,Supermarket Type1,710.31
FDC15,18.1,Low Fat,0.177935403,Dairy,155.6288,OUT035,2004,Small,Tier 2,Supermarket Type1,1231.52
DRD37,,Low Fat,0.013774708,Soft Drinks,45.106,OUT027,1985,Medium,Tier 3,Supermarket Type3,1259.19
FDT28,,LF,0.063258348,Frozen Foods,149.3708,OUT027,1985,Medium,Tier 3,Supermarket Type3,1825.11
FDR28,,Regular,0.02577108,Frozen Foods,163.621,OUT027,1985,Medium,Tier 3,Supermarket Type3,1974.22
FDT38,18.7,Low Fat,0.0578629,Dairy,86.2566,OUT017,2007,,Tier 2,Supermarket Type1,1190.23
FDV34,,Regular,0.01137013,Snack Foods,75.2038,OUT027,1985,Medium,Tier 3,Supermarket Type3,1574.89
FDY52,6.365,Low Fat,0,Frozen Foods,62.5536,OUT035,2004,Small,Tier 2,Supermarket Type1,618.6
FDB34,15.25,LF,0.026587669,Snack Foods,85.9198,OUT013,1987,High,Tier 3,Supermarket Type1,1012.38
DRL23,18.35,Low Fat,0.015366655,Hard Drinks,105.5938,OUT018,2009,Medium,Tier 3,Supermarket Type2,1289.39
DRB24,8.785,Low Fat,0.020577225,Soft Drinks,154.2656,OUT046,1997,Small,Tier 1,Supermarket Type1,1282.44
FDJ50,8.645,Low Fat,0.021586004,Canned,53.7982,OUT046,1997,Small,Tier 1,Supermarket Type1,764.98
FDQ49,20.2,Regular,0.039240315,Breakfast,154.463,OUT035,2004,Small,Tier 2,Supermarket Type1,1370.63
FDP20,19.85,Low Fat,0.045660601,Fruits and Vegetables,124.502,OUT035,2004,Small,Tier 2,Supermarket Type1,1234.62
FDV19,,Regular,0.035086303,Fruits and Vegetables,159.1578,OUT027,1985,Medium,Tier 3,Supermarket Type3,1910.29
NCR54,16.35,Low Fat,0.090745855,Household,196.411,OUT045,2002,,Tier 2,Supermarket Type1,1719.04
FDO09,13.5,Regular,0.209684121,Snack Foods,261.191,OUT010,1998,,Tier 3,Grocery Store,1515.33
FDS57,15.5,Low Fat,0.103863648,Snack Foods,143.147,OUT018,2009,Medium,Tier 3,Supermarket Type2,1692.33
FDN10,11.5,Low Fat,0.046195515,Snack Foods,117.4124,OUT049,1999,Medium,Tier 1,Supermarket Type1,1130.69
FDV23,11,Low Fat,0.106001313,Breads,125.5046,OUT049,1999,Medium,Tier 1,Supermarket Type1,1154.87
FDY28,7.47,Regular,0.152387525,Frozen Foods,214.3218,OUT049,1999,Medium,Tier 1,Supermarket Type1,1613.91
DRG51,12.1,Low Fat,0.011530019,Dairy,162.4526,OUT013,1987,High,Tier 3,Supermarket Type1,1504.81
FDD45,,Low Fat,0.203536932,Fruits and Vegetables,93.2436,OUT019,1985,Small,Tier 1,Grocery Store,451.16
NCL18,,Low Fat,0.166772358,Household,193.0136,OUT027,1985,Medium,Tier 3,Supermarket Type3,1909.98
NCM29,11.5,Low Fat,0.017627547,Health and Hygiene,130.4626,OUT013,1987,High,Tier 3,Supermarket Type1,1430.18
FDF17,,Low Fat,0.042414494,Frozen Foods,196.311,OUT027,1985,Medium,Tier 3,Supermarket Type3,2114.04
FDE22,9.695,Low Fat,0.029740086,Snack Foods,161.392,OUT017,2007,,Tier 2,Supermarket Type1,1540.75
FDQ22,16.75,Low Fat,0.029907872,Snack Foods,37.4822,OUT017,2007,,Tier 2,Supermarket Type1,945.49
FDS01,11.6,Low Fat,0.017730232,Canned,179.6686,OUT013,1987,High,Tier 3,Supermarket Type1,1849.42
FDW35,,LF,0.011035524,Breads,42.1454,OUT027,1985,Medium,Tier 3,Supermarket Type3,1041.37
FDJ33,8.895,Regular,0.088322179,Snack Foods,124.273,OUT046,1997,Small,Tier 1,Supermarket Type1,995.28
NCF54,18,Low Fat,0.047368095,Household,171.7422,OUT035,2004,Small,Tier 2,Supermarket Type1,1343.95
FDE09,8.775,Low Fat,0.021585405,Fruits and Vegetables,109.9228,OUT013,1987,High,Tier 3,Supermarket Type1,1189.57
NCE06,5.825,Low Fat,0.091670767,Household,161.3894,OUT045,2002,,Tier 2,Supermarket Type1,1315.91
DRH49,19.7,Low Fat,0.024693927,Soft Drinks,80.7592,OUT049,1999,Medium,Tier 1,Supermarket Type1,1196.85
FDY43,14.85,Low Fat,0.098601801,Fruits and Vegetables,170.3474,OUT045,2002,,Tier 2,Supermarket Type1,1496.12
NCT05,10.895,Low Fat,0.021070361,Health and Hygiene,254.6672,OUT017,2007,,Tier 2,Supermarket Type1,2038.97
FDZ34,6.695,Low Fat,0.076032402,Starchy Foods,191.782,OUT045,2002,,Tier 2,Supermarket Type1,1651.24
FDL38,13.8,reg,0.014816444,Canned,87.5172,OUT017,2007,,Tier 2,Supermarket Type1,1219.61
FDZ31,15.35,Regular,0.113857626,Fruits and Vegetables,190.2504,OUT017,2007,,Tier 2,Supermarket Type1,1743.36
FDR14,11.65,Low Fat,0.174016121,Dairy,55.9298,OUT035,2004,Small,Tier 2,Supermarket Type1,480.55
NCN54,20.35,Low Fat,0.021359628,Household,78.7328,OUT049,1999,Medium,Tier 1,Supermarket Type1,1051.26
NCC42,,Low Fat,0.044690933,Health and Hygiene,139.6838,OUT027,1985,Medium,Tier 3,Supermarket Type3,1627.54
FDK08,9.195,Regular,0,Fruits and Vegetables,99.9016,OUT017,2007,,Tier 2,Supermarket Type1,1052.82
FDP59,20.85,Regular,0.056418725,Breads,105.7648,OUT013,1987,High,Tier 3,Supermarket Type1,1262.88
FDV22,14.85,Regular,0.009936905,Snack Foods,156.963,OUT035,2004,Small,Tier 2,Supermarket Type1,1391.3
FDD33,12.85,Low Fat,0.108172183,Fruits and Vegetables,234.2642,OUT035,2004,Small,Tier 2,Supermarket Type1,1751.05
DRE60,,Low Fat,0.158562878,Soft Drinks,227.372,OUT027,1985,Medium,Tier 3,Supermarket Type3,2192.34
FDK52,18.25,Low Fat,0.079218842,Frozen Foods,227.0062,OUT046,1997,Small,Tier 1,Supermarket Type1,1898.99
FDA02,14,reg,0.029890782,Dairy,146.3786,OUT017,2007,,Tier 2,Supermarket Type1,1537.18
FDM56,16.7,Low Fat,0.070300718,Fruits and Vegetables,109.3912,OUT049,1999,Medium,Tier 1,Supermarket Type1,1483.28
FDE57,9.6,LF,0.036278264,Fruits and Vegetables,141.4154,OUT035,2004,Small,Tier 2,Supermarket Type1,1066.33
FDM32,20.5,Low Fat,0.02064682,Fruits and Vegetables,88.783,OUT045,2002,,Tier 2,Supermarket Type1,984.22
NCQ30,,Low Fat,0.028931499,Household,121.5414,OUT027,1985,Medium,Tier 3,Supermarket Type3,1547.94
FDQ27,,Regular,0,Meat,104.799,OUT027,1985,Medium,Tier 3,Supermarket Type3,1518.89
FDT60,,Low Fat,0.075182464,Baking Goods,124.8388,OUT027,1985,Medium,Tier 3,Supermarket Type3,1598.45
FDU43,19.35,Regular,0.058133621,Fruits and Vegetables,240.3564,OUT049,1999,Medium,Tier 1,Supermarket Type1,2054.09
NCO55,12.8,Low Fat,0.091020015,Others,106.6938,OUT035,2004,Small,Tier 2,Supermarket Type1,1070.5
FDG02,7.855,Low Fat,0.011284003,Canned,190.8188,OUT045,2002,,Tier 2,Supermarket Type1,1687.33
FDJ28,12.3,Low Fat,0.021842793,Frozen Foods,190.7162,OUT013,1987,High,Tier 3,Supermarket Type1,1855.38
FDP40,4.555,Regular,0.034426846,Frozen Foods,111.7544,OUT045,2002,,Tier 2,Supermarket Type1,1282.55
FDJ38,8.6,Regular,0.040287073,Canned,190.553,OUT045,2002,,Tier 2,Supermarket Type1,1374.98
NCC54,17.75,Low Fat,0.098263617,Health and Hygiene,241.8196,OUT017,2007,,Tier 2,Supermarket Type1,1705.82
NCZ41,19.85,Low Fat,0.064421237,Health and Hygiene,125.4704,OUT046,1997,Small,Tier 1,Supermarket Type1,1118.06
FDK38,,Low Fat,0,Canned,148.3734,OUT019,1985,Small,Tier 1,Grocery Store,887.55
FDU52,7.56,Low Fat,0.063717792,Frozen Foods,155.163,OUT013,1987,High,Tier 3,Supermarket Type1,1409.97
FDC40,16,Regular,0.065063889,Dairy,76.2986,OUT046,1997,Small,Tier 1,Supermarket Type1,931.08
NCR30,20.6,Low Fat,0.071394538,Household,74.4696,OUT017,2007,,Tier 2,Supermarket Type1,1014.53
NCN18,8.895,Low Fat,0.125420107,Household,111.7544,OUT017,2007,,Tier 2,Supermarket Type1,1126.04
FDB50,13,Low Fat,0.153589518,Canned,78.4986,OUT035,2004,Small,Tier 2,Supermarket Type1,903.51
FDG04,13.1,low fat,0.006057667,Frozen Foods,188.0898,OUT013,1987,High,Tier 3,Supermarket Type1,1866.74
FDR26,20.7,Low Fat,0.042828678,Dairy,177.3028,OUT035,2004,Small,Tier 2,Supermarket Type1,1674.52
NCT17,10.8,Low Fat,0.042036392,Health and Hygiene,188.4214,OUT018,2009,Medium,Tier 3,Supermarket Type2,1593.08
FDX35,,Regular,0.079523572,Breads,226.9036,OUT027,1985,Medium,Tier 3,Supermarket Type3,2019.9
FDS12,9.1,Low Fat,0.174118549,Baking Goods,127.4362,OUT046,1997,Small,Tier 1,Supermarket Type1,960.89
NCZ29,,Low Fat,0.071025838,Health and Hygiene,125.8362,OUT027,1985,Medium,Tier 3,Supermarket Type3,1545.68
FDB38,19.5,Regular,0.045772769,Canned,161.392,OUT010,1998,,Tier 3,Grocery Store,969.96
FDP12,9.8,Regular,0.045229136,Baking Goods,37.1874,OUT013,1987,High,Tier 3,Supermarket Type1,836.42
FDP22,14.65,reg,0.099132174,Snack Foods,51.6666,OUT046,1997,Small,Tier 1,Supermarket Type1,798.5
FDS26,20.35,Low Fat,0.08983368,Dairy,261.0594,OUT018,2009,Medium,Tier 3,Supermarket Type2,2275.43
FDR52,12.65,Regular,0.076044589,Frozen Foods,191.9846,OUT046,1997,Small,Tier 1,Supermarket Type1,1651.03
DRJ13,12.65,Low Fat,0.062890304,Soft Drinks,161.2578,OUT046,1997,Small,Tier 1,Supermarket Type1,1530.87
FDU48,,Low Fat,0.055090377,Baking Goods,130.7284,OUT027,1985,Medium,Tier 3,Supermarket Type3,1845.92
FDE29,8.905,Low Fat,0.14310206,Frozen Foods,60.5878,OUT035,2004,Small,Tier 2,Supermarket Type1,501.78
NCT29,12.6,Low Fat,0.0642104,Health and Hygiene,121.7414,OUT049,1999,Medium,Tier 1,Supermarket Type1,1181.99
DRK37,5,Low Fat,0.044183931,Soft Drinks,188.653,OUT018,2009,Medium,Tier 3,Supermarket Type2,1631.83
FDK55,18.5,Low Fat,0.025761698,Meat,87.6172,OUT046,1997,Small,Tier 1,Supermarket Type1,984.21
FDR07,21.35,Low Fat,0.077743909,Fruits and Vegetables,96.1094,OUT046,1997,Small,Tier 1,Supermarket Type1,1041.08
FDO21,,Regular,0.009715743,Snack Foods,224.7404,OUT027,1985,Medium,Tier 3,Supermarket Type3,2224.83
FDK46,9.6,Low Fat,0.051547413,Snack Foods,260.662,OUT049,1999,Medium,Tier 1,Supermarket Type1,2121.45
FDB12,11.15,reg,0.105521226,Baking Goods,104.5648,OUT045,2002,,Tier 2,Supermarket Type1,1132.19
FDT31,,low fat,0.012388013,Fruits and Vegetables,188.8872,OUT027,1985,Medium,Tier 3,Supermarket Type3,2136.23
FDJ33,8.895,Regular,0.088501299,Snack Foods,124.373,OUT045,2002,,Tier 2,Supermarket Type1,1314.67
FDC26,,Low Fat,0.125771078,Canned,109.7886,OUT027,1985,Medium,Tier 3,Supermarket Type3,1673.14
NCQ02,12.6,Low Fat,0.007471585,Household,188.1556,OUT045,2002,,Tier 2,Supermarket Type1,1437.33
FDP08,20.5,Regular,0.188151371,Fruits and Vegetables,193.4478,OUT010,1998,,Tier 3,Grocery Store,926.13
FDB11,,Low Fat,0.06055337,Starchy Foods,225.9404,OUT027,1985,Medium,Tier 3,Supermarket Type3,2080.67
FDV55,17.75,Low Fat,0.055027599,Fruits and Vegetables,146.2444,OUT013,1987,High,Tier 3,Supermarket Type1,1421.07
FDW20,20.75,Low Fat,0.024186975,Fruits and Vegetables,121.573,OUT049,1999,Medium,Tier 1,Supermarket Type1,1391.13
NCJ18,,Low Fat,0.28704117,Household,120.5124,OUT019,1985,Small,Tier 1,Grocery Store,567.98
FDC41,15.6,Low Fat,0.1173895,Frozen Foods,75.567,OUT018,2009,Medium,Tier 3,Supermarket Type2,1172.17
FDE14,,Regular,0.031292877,Canned,101.37,OUT027,1985,Medium,Tier 3,Supermarket Type3,1606.87
FDG35,21.2,Regular,0.00703512,Starchy Foods,175.5738,OUT013,1987,High,Tier 3,Supermarket Type1,1834.72
FDF45,18.2,Regular,0.012202405,Fruits and Vegetables,57.3904,OUT035,2004,Small,Tier 2,Supermarket Type1,1006.07
FDS19,,Regular,0.063896351,Fruits and Vegetables,77.5012,OUT027,1985,Medium,Tier 3,Supermarket Type3,1557.25
FDS58,,Regular,0.036779867,Snack Foods,159.1578,OUT019,1985,Small,Tier 1,Grocery Store,826.77
FDA26,7.855,Regular,0.074338562,Dairy,220.4482,OUT017,2007,,Tier 2,Supermarket Type1,1564.55
FDM32,20.5,Low Fat,0.020637068,Fruits and Vegetables,87.883,OUT049,1999,Medium,Tier 1,Supermarket Type1,1139.28
FDL45,15.6,Low Fat,0.037687837,Snack Foods,126.4704,OUT046,1997,Small,Tier 1,Supermarket Type1,1178.87
FDZ55,6.055,Low Fat,0.025448206,Fruits and Vegetables,159.692,OUT049,1999,Medium,Tier 1,Supermarket Type1,1502.79
FDY37,17,Regular,0.026610182,Canned,141.547,OUT049,1999,Medium,Tier 1,Supermarket Type1,1515.56
FDO46,9.6,Regular,0.014212498,Snack Foods,190.8872,OUT046,1997,Small,Tier 1,Supermarket Type1,1623.29
FDQ60,6.195,Regular,0.109374441,Baking Goods,119.6098,OUT046,1997,Small,Tier 1,Supermarket Type1,1158.78
FDA19,7.52,Low Fat,0.055352065,Fruits and Vegetables,130.1994,OUT018,2009,Medium,Tier 3,Supermarket Type2,1551.92
FDL15,17.85,Low Fat,0.046634759,Meat,154.2682,OUT046,1997,Small,Tier 1,Supermarket Type1,1561.45
FDM10,18.25,Low Fat,0.076281071,Snack Foods,213.0218,OUT018,2009,Medium,Tier 3,Supermarket Type2,2137.72
NCL05,19.6,Low Fat,0.048168592,Health and Hygiene,42.677,OUT017,2007,,Tier 2,Supermarket Type1,661.57
DRK49,14.15,Low Fat,0.060162413,Soft Drinks,42.0138,OUT010,1998,,Tier 3,Grocery Store,175.98
NCE18,,Low Fat,0.021321588,Household,251.375,OUT027,1985,Medium,Tier 3,Supermarket Type3,2267.87
FDG40,13.65,Low Fat,0.039886263,Frozen Foods,34.3558,OUT049,1999,Medium,Tier 1,Supermarket Type1,822.61
DRI59,9.5,Low Fat,0.040917483,Hard Drinks,222.0088,OUT045,2002,,Tier 2,Supermarket Type1,1731.72
FDK28,5.695,LF,0.065577504,Frozen Foods,256.2646,OUT035,2004,Small,Tier 2,Supermarket Type1,1828.3
NCD06,,Low Fat,0.173905741,Household,46.206,OUT019,1985,Small,Tier 1,Grocery Store,310.12
FDO11,,Regular,0.052989927,Breads,250.3092,OUT019,1985,Small,Tier 1,Grocery Store,1578.51
FDK27,11,Low Fat,0.008946536,Meat,119.4756,OUT046,1997,Small,Tier 1,Supermarket Type1,1325.06
FDT43,,Low Fat,0.020448446,Fruits and Vegetables,50.2324,OUT027,1985,Medium,Tier 3,Supermarket Type3,1421.37
FDD38,16.75,Regular,0.008225098,Canned,102.1674,OUT018,2009,Medium,Tier 3,Supermarket Type2,1183.77
FDA16,6.695,Low Fat,0.033994765,Frozen Foods,219.8456,OUT049,1999,Medium,Tier 1,Supermarket Type1,1694.42
FDL14,,Regular,0.032003136,Canned,153.9972,OUT027,1985,Medium,Tier 3,Supermarket Type3,1691.68
NCM17,7.93,Low Fat,0.071246467,Health and Hygiene,43.8086,OUT049,1999,Medium,Tier 1,Supermarket Type1,775.34
FDD20,14.15,Low Fat,0.020756532,Fruits and Vegetables,123.9046,OUT045,2002,,Tier 2,Supermarket Type1,1211.84
FDA40,16,Regular,0,Frozen Foods,88.3856,OUT045,2002,,Tier 2,Supermarket Type1,1085.12
FDL43,10.1,Low Fat,0.027119268,Meat,77.767,OUT045,2002,,Tier 2,Supermarket Type1,998.01
FDV15,10.3,Low Fat,0.146468894,Meat,102.6648,OUT045,2002,,Tier 2,Supermarket Type1,1065.93
FDE52,10.395,Regular,0.029886798,Dairy,89.5514,OUT046,1997,Small,Tier 1,Supermarket Type1,1106.4
NCL17,7.39,Low Fat,0.113449342,Health and Hygiene,143.7812,OUT010,1998,,Tier 3,Grocery Store,905.42
NCJ31,19.2,Low Fat,0.183024199,Others,239.3196,OUT045,2002,,Tier 2,Supermarket Type1,1957.94
FDR60,14.3,Low Fat,0.130679603,Baking Goods,78.4328,OUT045,2002,,Tier 2,Supermarket Type1,721.87
NCA18,10.1,Low Fat,0.05606697,Household,115.6492,OUT035,2004,Small,Tier 2,Supermarket Type1,921.31
FDS21,,Regular,0.020775058,Snack Foods,63.2194,OUT027,1985,Medium,Tier 3,Supermarket Type3,1208.51
FDW09,13.65,Regular,0.025915914,Snack Foods,78.3302,OUT035,2004,Small,Tier 2,Supermarket Type1,842.04
FDL26,18,Low Fat,0,Canned,154.3972,OUT035,2004,Small,Tier 2,Supermarket Type1,1351.18
FDS47,16.75,Low Fat,0.129410755,Breads,89.0856,OUT018,2009,Medium,Tier 3,Supermarket Type2,1193.75
FDC39,7.405,Low Fat,0.159195426,Dairy,206.4296,OUT046,1997,Small,Tier 1,Supermarket Type1,1543.92
FDT51,11.65,Regular,0.010916726,Meat,111.1544,OUT035,2004,Small,Tier 2,Supermarket Type1,1170.07
FDK40,7.035,Low Fat,0.021845267,Frozen Foods,263.091,OUT035,2004,Small,Tier 2,Supermarket Type1,2000.58
NCG19,20.25,Low Fat,0.14823358,Household,235.7616,OUT045,2002,,Tier 2,Supermarket Type1,1946.03
FDZ07,15.1,Regular,0.093891315,Fruits and Vegetables,62.0194,OUT046,1997,Small,Tier 1,Supermarket Type1,1010.3
FDF08,,Regular,0.064891788,Fruits and Vegetables,88.8856,OUT027,1985,Medium,Tier 3,Supermarket Type3,1241.97
FDO04,16.6,Low Fat,0.026515122,Frozen Foods,55.2614,OUT013,1987,High,Tier 3,Supermarket Type1,857.27
FDK41,14.3,Low Fat,0.128061273,Frozen Foods,83.3224,OUT018,2009,Medium,Tier 3,Supermarket Type2,1041.12
FDP15,15.2,Low Fat,0.084073075,Meat,255.533,OUT049,1999,Medium,Tier 1,Supermarket Type1,1991.17
NCD43,8.85,Low Fat,0.016085216,Household,104.6964,OUT018,2009,Medium,Tier 3,Supermarket Type2,1295.3
NCP18,12.15,Low Fat,0.028574451,Household,148.8708,OUT013,1987,High,Tier 3,Supermarket Type1,1487.12
FDZ51,11.3,Regular,0,Meat,93.3094,OUT046,1997,Small,Tier 1,Supermarket Type1,1098.3
DRH13,8.575,Low Fat,0.02388144,Soft Drinks,108.428,OUT035,2004,Small,Tier 2,Supermarket Type1,1127.89
FDF38,11.8,Regular,0.026411459,Canned,40.1138,OUT045,2002,,Tier 2,Supermarket Type1,889.46
NCI43,19.85,Low Fat,0.026021371,Household,49.2376,OUT045,2002,,Tier 2,Supermarket Type1,1033.34
FDM38,,reg,0.092322059,Canned,54.3982,OUT027,1985,Medium,Tier 3,Supermarket Type3,1397.6
FDS03,7.825,Low Fat,0.079562345,Meat,64.7826,OUT013,1987,High,Tier 3,Supermarket Type1,769.47
DRJ47,18.25,Low Fat,0.044500601,Hard Drinks,171.408,OUT017,2007,,Tier 2,Supermarket Type1,1387.44
FDT50,6.75,Regular,0.181169873,Dairy,97.3752,OUT010,1998,,Tier 3,Grocery Store,343.76
FDV02,16.75,Low Fat,0.060545628,Dairy,172.5106,OUT046,1997,Small,Tier 1,Supermarket Type1,1412.57
NCG18,15.3,low fat,0.023107874,Household,103.8332,OUT017,2007,,Tier 2,Supermarket Type1,1125.39
FDW52,14,Regular,0.03752254,Frozen Foods,164.6526,OUT046,1997,Small,Tier 1,Supermarket Type1,1444.82
FDS40,15.35,Low Fat,0.014016743,Frozen Foods,36.019,OUT035,2004,Small,Tier 2,Supermarket Type1,754.94
FDN31,11.5,low fat,0.073293783,Fruits and Vegetables,191.053,OUT017,2007,,Tier 2,Supermarket Type1,1644.33
FDA37,7.81,Regular,0.055338756,Canned,123.1046,OUT045,2002,,Tier 2,Supermarket Type1,1297.94
FDA15,9.3,Low Fat,0.01602239,Dairy,249.9092,OUT046,1997,Small,Tier 1,Supermarket Type1,2048.18
FDL39,16.1,Regular,0.063331355,Dairy,181.1318,OUT046,1997,Small,Tier 1,Supermarket Type1,1711.93
FDJ53,10.5,Low Fat,0.071402425,Frozen Foods,122.0098,OUT045,2002,,Tier 2,Supermarket Type1,1006.29
FDX22,6.785,Regular,0.022955693,Snack Foods,210.5928,OUT013,1987,High,Tier 3,Supermarket Type1,1658.1
NCZ42,10.5,LF,0.011310821,Household,238.7248,OUT045,2002,,Tier 2,Supermarket Type1,1776.31
FDD56,,Regular,0.10327572,Fruits and Vegetables,176.2054,OUT027,1985,Medium,Tier 3,Supermarket Type3,1810.68
FDD40,20.25,Regular,0.014877034,Dairy,193.5162,OUT017,2007,,Tier 2,Supermarket Type1,1666.7
FDS50,17,Low Fat,0.055387247,Dairy,220.6114,OUT013,1987,High,Tier 3,Supermarket Type1,1903.51
NCN14,19.1,Low Fat,0,Others,184.4608,OUT013,1987,High,Tier 3,Supermarket Type1,1806.23
FDT15,12.15,Regular,0.042646003,Meat,183.295,OUT013,1987,High,Tier 3,Supermarket Type1,1749.79
NCS18,,Low Fat,0.04200671,Household,108.0938,OUT027,1985,Medium,Tier 3,Supermarket Type3,1676.21
NCO26,7.235,Low Fat,0.128640565,Household,114.6492,OUT010,1998,,Tier 3,Grocery Store,754.44
FDF58,13.3,Low Fat,0.009620184,Snack Foods,61.451,OUT018,2009,Medium,Tier 3,Supermarket Type2,1328.42
NCB19,6.525,Low Fat,0.090220566,Household,86.4882,OUT013,1987,High,Tier 3,Supermarket Type1,882.16
FDH26,19.25,Regular,0.034896013,Canned,141.0496,OUT017,2007,,Tier 2,Supermarket Type1,1248.12
DRB24,,Low Fat,0.020477579,Soft Drinks,152.8656,OUT027,1985,Medium,Tier 3,Supermarket Type3,1725.83
FDA49,19.7,Low Fat,0.065186228,Canned,86.3198,OUT018,2009,Medium,Tier 3,Supermarket Type2,1206.99
FDB32,20.6,Low Fat,0.023500502,Fruits and Vegetables,95.5778,OUT045,2002,,Tier 2,Supermarket Type1,1128.73
FDI36,12.5,Regular,0,Baking Goods,196.7426,OUT017,2007,,Tier 2,Supermarket Type1,1686.58
NCA17,20.6,Low Fat,0.076020756,Health and Hygiene,149.3392,OUT010,1998,,Tier 3,Grocery Store,981.15
FDH22,6.405,Low Fat,0.13618752,Snack Foods,125.1678,OUT013,1987,High,Tier 3,Supermarket Type1,1311.69
NCM26,20.5,Low Fat,0,Others,153.334,OUT018,2009,Medium,Tier 3,Supermarket Type2,1824.84
FDT15,,Regular,0.042474835,Meat,183.295,OUT027,1985,Medium,Tier 3,Supermarket Type3,2132.4
FDB16,8.21,Low Fat,0.045108792,Dairy,87.0198,OUT018,2009,Medium,Tier 3,Supermarket Type2,1006.48
NCP54,,Low Fat,0.034979457,Household,123.473,OUT027,1985,Medium,Tier 3,Supermarket Type3,1483.12
FDJ36,14.5,Regular,0.128153336,Baking Goods,102.3332,OUT013,1987,High,Tier 3,Supermarket Type1,1033.99
FDO28,5.765,Low Fat,0.072444983,Frozen Foods,119.7098,OUT045,2002,,Tier 2,Supermarket Type1,1045.56
FDU09,7.71,Regular,0.066541719,Snack Foods,54.2956,OUT013,1987,High,Tier 3,Supermarket Type1,851.71
FDF29,15.1,reg,0.020046943,Frozen Foods,128.831,OUT017,2007,,Tier 2,Supermarket Type1,1282.23
FDY08,9.395,Regular,0.170932857,Fruits and Vegetables,140.5838,OUT013,1987,High,Tier 3,Supermarket Type1,1318.14
DRJ59,11.65,Low Fat,0.019451167,Hard Drinks,37.0164,OUT018,2009,Medium,Tier 3,Supermarket Type2,1037.63
FDT23,,Regular,0.074369587,Breads,79.3986,OUT027,1985,Medium,Tier 3,Supermarket Type3,1464.26
FDU15,13.65,Regular,0.026710454,Meat,37.8532,OUT018,2009,Medium,Tier 3,Supermarket Type2,1123.7
FDT47,5.26,Regular,0.024488439,Breads,96.8068,OUT013,1987,High,Tier 3,Supermarket Type1,1328.22
FDI53,,Regular,0,Frozen Foods,162.8236,OUT019,1985,Small,Tier 1,Grocery Store,860.03
FDR59,14.5,Regular,0.064123704,Breads,262.3594,OUT018,2009,Medium,Tier 3,Supermarket Type2,2040.77
FDD53,16.2,Low Fat,0.044214135,Frozen Foods,40.4454,OUT035,2004,Small,Tier 2,Supermarket Type1,597.06
FDY51,12.5,Low Fat,0.081593757,Meat,219.8798,OUT017,2007,,Tier 2,Supermarket Type1,1641.4
FDT04,17.25,Low Fat,0.107208159,Frozen Foods,37.9822,OUT049,1999,Medium,Tier 1,Supermarket Type1,818.16
FDU51,20.2,Regular,0.096663729,Meat,176.9028,OUT049,1999,Medium,Tier 1,Supermarket Type1,1649.37
FDG14,9,Regular,0.050491164,Canned,151.7024,OUT035,2004,Small,Tier 2,Supermarket Type1,1300.92
NCU06,17.6,Low Fat,0.074557961,Household,231.001,OUT045,2002,,Tier 2,Supermarket Type1,1892.6
DRG25,10.5,Low Fat,0.019049691,Soft Drinks,186.024,OUT046,1997,Small,Tier 1,Supermarket Type1,1652.49
DRH49,19.7,Low Fat,0.024650932,Soft Drinks,83.6592,OUT035,2004,Small,Tier 2,Supermarket Type1,1135.84
FDN15,17.5,LF,0.016730894,Meat,139.018,OUT035,2004,Small,Tier 2,Supermarket Type1,1469.04
FDL43,10.1,Low Fat,0.02717463,Meat,76.267,OUT018,2009,Medium,Tier 3,Supermarket Type2,988.71
NCT18,14.6,Low Fat,0.059497511,Household,182.4976,OUT049,1999,Medium,Tier 1,Supermarket Type1,1532.39
NCB31,6.235,Low Fat,0.118575601,Household,260.991,OUT013,1987,High,Tier 3,Supermarket Type1,1869.38
FDK57,10.195,Low Fat,0.080277707,Snack Foods,119.144,OUT035,2004,Small,Tier 2,Supermarket Type1,998.41
FDY04,,Regular,0.074370772,Frozen Foods,162.921,OUT019,1985,Small,Tier 1,Grocery Store,947.63
NCP54,15.35,Low Fat,0.03514967,Household,121.673,OUT046,1997,Small,Tier 1,Supermarket Type1,1213.02
FDF41,12.15,Low Fat,0.131070648,Frozen Foods,244.346,OUT013,1987,High,Tier 3,Supermarket Type1,1955.99
FDM01,7.895,Regular,0,Breakfast,102.4332,OUT045,2002,,Tier 2,Supermarket Type1,1190.65
FDW03,5.63,Regular,0.024591047,Meat,104.3306,OUT045,2002,,Tier 2,Supermarket Type1,1200.1
FDF28,15.7,Regular,0.037941512,Frozen Foods,122.8046,OUT045,2002,,Tier 2,Supermarket Type1,1397.18
FDY37,17,Regular,0.026719159,Canned,142.047,OUT017,2007,,Tier 2,Supermarket Type1,1559.21
FDQ03,15,Regular,0.078455536,Meat,237.3248,OUT017,2007,,Tier 2,Supermarket Type1,1658.68
FDP51,,Regular,0.08486204,Meat,120.0124,OUT027,1985,Medium,Tier 3,Supermarket Type3,1437.19
FDJ40,13.6,Regular,0.049869757,Frozen Foods,110.9912,OUT017,2007,,Tier 2,Supermarket Type1,1053.77
FDC32,18.35,Low Fat,0.099263089,Fruits and Vegetables,93.4462,OUT049,1999,Medium,Tier 1,Supermarket Type1,1113.07
DRI49,,Low Fat,0.182618653,Soft Drinks,81.6276,OUT027,1985,Medium,Tier 3,Supermarket Type3,1249.1
NCW54,7.5,Low Fat,0.096958614,Household,55.3588,OUT017,2007,,Tier 2,Supermarket Type1,773.71
FDF09,6.215,Low Fat,0.012217624,Fruits and Vegetables,37.7848,OUT017,2007,,Tier 2,Supermarket Type1,781.33
FDP45,15.7,Regular,0.030749596,Snack Foods,250.6724,OUT018,2009,Medium,Tier 3,Supermarket Type2,2248.92
DRJ23,18.35,Low Fat,0.041838623,Hard Drinks,187.1872,OUT018,2009,Medium,Tier 3,Supermarket Type2,1945.32
FDS59,14.8,Regular,0.044141726,Breads,111.157,OUT017,2007,,Tier 2,Supermarket Type1,1327.24
FDY08,9.395,Regular,0.171075221,Fruits and Vegetables,138.9838,OUT046,1997,Small,Tier 1,Supermarket Type1,1335.21
FDX16,17.85,low fat,0.065912362,Frozen Foods,147.805,OUT049,1999,Medium,Tier 1,Supermarket Type1,1333.56
FDY16,18.35,Regular,0.092602446,Frozen Foods,184.7266,OUT018,2009,Medium,Tier 3,Supermarket Type2,1633.1
FDK32,16.25,Regular,0,Fruits and Vegetables,152.8682,OUT035,2004,Small,Tier 2,Supermarket Type1,1273.53
FDQ22,16.75,LF,0.029714904,Snack Foods,39.3822,OUT013,1987,High,Tier 3,Supermarket Type1,853.11
NCC31,8.02,Low Fat,0.019951406,Household,155.9972,OUT018,2009,Medium,Tier 3,Supermarket Type2,1579.17
FDG58,10.695,Regular,0.086916126,Snack Foods,153.7972,OUT049,1999,Medium,Tier 1,Supermarket Type1,1482.53
DRF48,5.73,Low Fat,0.051758358,Soft Drinks,189.0898,OUT013,1987,High,Tier 3,Supermarket Type1,1690.52
DRH36,16.2,Low Fat,0.033431957,Soft Drinks,73.3696,OUT049,1999,Medium,Tier 1,Supermarket Type1,1200.84
NCR30,20.6,Low Fat,0.070979549,Household,75.5696,OUT035,2004,Small,Tier 2,Supermarket Type1,1036.95
FDB03,,Regular,0.274592283,Dairy,242.2538,OUT019,1985,Small,Tier 1,Grocery Store,1400.76
FDZ28,,Regular,0.051243144,Frozen Foods,126.1678,OUT027,1985,Medium,Tier 3,Supermarket Type3,1840.3
FDR35,12.5,Low Fat,0.020814797,Breads,198.4742,OUT017,2007,,Tier 2,Supermarket Type1,1491.37
DRD15,,LF,0.056520886,Dairy,232.6642,OUT027,1985,Medium,Tier 3,Supermarket Type3,2094.28
FDJ33,,Regular,0.154640734,Snack Foods,124.273,OUT019,1985,Small,Tier 1,Grocery Store,606.82
FDA56,9.21,LF,0.014670454,Fruits and Vegetables,120.2414,OUT010,1998,,Tier 3,Grocery Store,684.59
FDP56,8.185,Low Fat,0.046484138,Fruits and Vegetables,47.9692,OUT046,1997,Small,Tier 1,Supermarket Type1,728.29
NCT30,9.1,Low Fat,0.08029289,Household,48.1718,OUT046,1997,Small,Tier 1,Supermarket Type1,742.38
FDK15,10.8,Low Fat,0.098970494,Meat,100.3042,OUT017,2007,,Tier 2,Supermarket Type1,1091.2
FDH44,19.1,Regular,0,Fruits and Vegetables,146.9418,OUT018,2009,Medium,Tier 3,Supermarket Type2,1741.88
FDV01,19.2,Regular,0.084879879,Canned,154.6314,OUT013,1987,High,Tier 3,Supermarket Type1,1645.48
DRG03,14.5,Low Fat,0.062337196,Dairy,152.4998,OUT017,2007,,Tier 2,Supermarket Type1,1548.15
FDG50,,Low Fat,0.015197838,Canned,89.7146,OUT027,1985,Medium,Tier 3,Supermarket Type3,1277.25
FDR16,5.845,Regular,0.175778605,Frozen Foods,214.9218,OUT010,1998,,Tier 3,Grocery Store,931.78
FDZ60,20.5,Low Fat,0.119361811,Baking Goods,107.8596,OUT046,1997,Small,Tier 1,Supermarket Type1,973.3
DRG03,14.5,Low Fat,0.062112285,Dairy,154.2998,OUT045,2002,,Tier 2,Supermarket Type1,1305.25
FDS56,5.785,Regular,0.038914743,Fruits and Vegetables,264.0252,OUT018,2009,Medium,Tier 3,Supermarket Type2,2115.61
FDU33,7.63,Regular,0.134982959,Snack Foods,45.2402,OUT045,2002,,Tier 2,Supermarket Type1,665.75
DRD27,18.75,Low Fat,0.023835413,Dairy,99.1042,OUT035,2004,Small,Tier 2,Supermarket Type1,1096.87
FDW22,9.695,Regular,0,Snack Foods,223.1114,OUT046,1997,Small,Tier 1,Supermarket Type1,1823.98
DRA24,19.35,Regular,0.040009212,Soft Drinks,163.2868,OUT045,2002,,Tier 2,Supermarket Type1,1593.52
FDF38,11.8,Regular,0.026398984,Canned,38.9138,OUT049,1999,Medium,Tier 1,Supermarket Type1,1035.87
FDX48,17.75,Regular,0.037856364,Baking Goods,154.3656,OUT013,1987,High,Tier 3,Supermarket Type1,1719.19
FDS58,9.285,Regular,0.021092185,Snack Foods,160.8578,OUT018,2009,Medium,Tier 3,Supermarket Type2,1446.73
FDC32,18.35,Low Fat,0.099109001,Fruits and Vegetables,92.9462,OUT046,1997,Small,Tier 1,Supermarket Type1,863.46
NCQ29,12,Low Fat,0.104441517,Health and Hygiene,261.7278,OUT045,2002,,Tier 2,Supermarket Type1,1809.51
DRK39,7.02,Low Fat,0.05006853,Dairy,84.025,OUT018,2009,Medium,Tier 3,Supermarket Type2,1093.22
NCS38,8.6,Low Fat,0.090701591,Household,114.2176,OUT017,2007,,Tier 2,Supermarket Type1,1060.77
DRO47,10.195,Low Fat,0.112131275,Hard Drinks,112.086,OUT013,1987,High,Tier 3,Supermarket Type1,1187.92
DRG27,,Low Fat,0.104601689,Dairy,42.3138,OUT027,1985,Medium,Tier 3,Supermarket Type3,1164.08
FDC57,,Regular,0.054330154,Fruits and Vegetables,191.482,OUT027,1985,Medium,Tier 3,Supermarket Type3,2066.75
FDS55,7.02,Low Fat,0.081164178,Fruits and Vegetables,146.7734,OUT046,1997,Small,Tier 1,Supermarket Type1,1355.35
NCJ06,20.1,Low Fat,0.034793779,Household,119.8782,OUT018,2009,Medium,Tier 3,Supermarket Type2,1617.72
FDO01,,Regular,0.036275691,Breakfast,129.5994,OUT019,1985,Small,Tier 1,Grocery Store,1013.65
NCM55,15.6,Low Fat,0.066861456,Others,185.7924,OUT045,2002,,Tier 2,Supermarket Type1,1382.88
FDC52,11.15,Regular,0.008292773,Dairy,152.2708,OUT049,1999,Medium,Tier 1,Supermarket Type1,1387.08
FDQ15,20.35,Regular,0.151379828,Meat,80.1276,OUT045,2002,,Tier 2,Supermarket Type1,832.91
NCT30,,Low Fat,0.079904068,Household,47.5718,OUT027,1985,Medium,Tier 3,Supermarket Type3,1110.23
NCR42,,Low Fat,0.038295533,Household,32.39,OUT027,1985,Medium,Tier 3,Supermarket Type3,1101.18
FDD28,10.695,Low Fat,0,Frozen Foods,57.8904,OUT035,2004,Small,Tier 2,Supermarket Type1,810.26
FDQ34,10.85,Low Fat,0.162494861,Snack Foods,104.5622,OUT049,1999,Medium,Tier 1,Supermarket Type1,1168.8
FDZ12,,Low Fat,0.102480138,Baking Goods,142.747,OUT027,1985,Medium,Tier 3,Supermarket Type3,1761.38
DRE13,,Low Fat,0.048508058,Soft Drinks,86.1198,OUT019,1985,Small,Tier 1,Grocery Store,695.5
NCN07,,Low Fat,0.059432784,Others,133.0284,OUT019,1985,Small,Tier 1,Grocery Store,980.67
FDM28,15.7,Low Fat,0.045195307,Frozen Foods,180.766,OUT035,2004,Small,Tier 2,Supermarket Type1,1665.44
FDI10,8.51,Regular,0.078847814,Snack Foods,171.5422,OUT017,2007,,Tier 2,Supermarket Type1,1250.09
FDQ25,8.63,Regular,0.028253161,Canned,170.4422,OUT013,1987,High,Tier 3,Supermarket Type1,1437.41
FDA38,5.44,Low Fat,0.042648161,Dairy,241.5538,OUT010,1998,,Tier 3,Grocery Store,1250.24
DRI13,15.35,Low Fat,0.020358565,Soft Drinks,216.5508,OUT049,1999,Medium,Tier 1,Supermarket Type1,1839.16
FDY20,,Regular,0.081356869,Fruits and Vegetables,90.2488,OUT027,1985,Medium,Tier 3,Supermarket Type3,1386.65
NCZ53,9.6,Low Fat,0.024472537,Health and Hygiene,187.2214,OUT035,2004,Small,Tier 2,Supermarket Type1,1497.89
NCM31,6.095,Low Fat,0.081129049,Others,143.8154,OUT013,1987,High,Tier 3,Supermarket Type1,1410.63
DRB01,7.39,Low Fat,0.082704564,Soft Drinks,189.053,OUT017,2007,,Tier 2,Supermarket Type1,1594.09
DRF37,17.25,Low Fat,0.084332638,Soft Drinks,262.091,OUT046,1997,Small,Tier 1,Supermarket Type1,2070.35
NCF42,17.35,Low Fat,0.167643297,Household,177.1712,OUT049,1999,Medium,Tier 1,Supermarket Type1,1726.01
FDF16,7.3,LF,0.08648324,Frozen Foods,148.9076,OUT018,2009,Medium,Tier 3,Supermarket Type2,1690.26
FDB41,19,Regular,0.097232147,Frozen Foods,47.8718,OUT013,1987,High,Tier 3,Supermarket Type1,742.79
FDR34,17,Regular,0.015952023,Snack Foods,227.3352,OUT013,1987,High,Tier 3,Supermarket Type1,1825.99
FDR15,9.3,Regular,0.033574204,Meat,155.7314,OUT018,2009,Medium,Tier 3,Supermarket Type2,1499.41
NCV42,,Low Fat,0.05501583,Household,111.8228,OUT019,1985,Small,Tier 1,Grocery Store,658.01
FDW51,6.155,Regular,0.094641972,Meat,212.056,OUT035,2004,Small,Tier 2,Supermarket Type1,1516.22
FDU36,6.15,Low Fat,0.046532678,Baking Goods,97.2384,OUT017,2007,,Tier 2,Supermarket Type1,1044.98
FDX60,14.35,Low Fat,0.080719435,Baking Goods,80.996,OUT049,1999,Medium,Tier 1,Supermarket Type1,1149.28
FDY03,17.6,Regular,0.076107437,Meat,113.0202,OUT035,2004,Small,Tier 2,Supermarket Type1,1179.31
FDW55,12.6,Regular,0.022014451,Fruits and Vegetables,248.2092,OUT045,2002,,Tier 2,Supermarket Type1,2053.54
FDT01,13.65,reg,0.308258994,Canned,213.0902,OUT010,1998,,Tier 3,Grocery Store,1177.11
FDG58,10.695,Regular,0.086708987,Snack Foods,154.6972,OUT013,1987,High,Tier 3,Supermarket Type1,1651.66
FDK21,7.905,Low Fat,0.010068952,Snack Foods,249.4408,OUT017,2007,,Tier 2,Supermarket Type1,1748.2
NCS41,,Low Fat,0.093573569,Health and Hygiene,182.4608,OUT019,1985,Small,Tier 1,Grocery Store,943.82
FDS10,19.2,Low Fat,0.035256945,Snack Foods,181.7318,OUT045,2002,,Tier 2,Supermarket Type1,1506.19
NCT53,5.4,Low Fat,0.048116258,Health and Hygiene,164.9526,OUT046,1997,Small,Tier 1,Supermarket Type1,1312.73
FDJ28,12.3,Low Fat,0.021950037,Frozen Foods,190.7162,OUT018,2009,Medium,Tier 3,Supermarket Type2,1803.28
FDX44,9.3,Low Fat,0.043053682,Fruits and Vegetables,87.6172,OUT045,2002,,Tier 2,Supermarket Type1,1023.25
FDT20,10.5,Low Fat,0.041564073,Fruits and Vegetables,38.4164,OUT018,2009,Medium,Tier 3,Supermarket Type2,1009.38
FDO44,12.6,low fat,0.087947879,Fruits and Vegetables,109.9228,OUT017,2007,,Tier 2,Supermarket Type1,1202.62
NCX17,21.25,Low Fat,0.113780055,Health and Hygiene,234.93,OUT049,1999,Medium,Tier 1,Supermarket Type1,2094.46
FDY01,11.8,Regular,0.171246685,Canned,116.5834,OUT017,2007,,Tier 2,Supermarket Type1,1232.69
FDJ12,,Regular,0.038852056,Baking Goods,209.5296,OUT027,1985,Medium,Tier 3,Supermarket Type3,2314.95
DRK35,8.365,low fat,0.072139167,Hard Drinks,36.7506,OUT018,2009,Medium,Tier 3,Supermarket Type2,741.76
FDD47,,Regular,0.249342884,Starchy Foods,168.5448,OUT019,1985,Small,Tier 1,Grocery Store,733.09
NCM53,18.75,Low Fat,0.052031075,Health and Hygiene,106.228,OUT035,2004,Small,Tier 2,Supermarket Type1,998.68
FDO45,13.15,Regular,0.037921193,Snack Foods,87.3856,OUT013,1987,High,Tier 3,Supermarket Type1,1095.54
NCM42,6.13,LF,0.047404371,Household,109.3912,OUT010,1998,,Tier 3,Grocery Store,615.9
FDE04,19.75,Regular,0,Frozen Foods,179.666,OUT046,1997,Small,Tier 1,Supermarket Type1,1617.41
NCI30,,Low Fat,0.058650124,Household,247.846,OUT027,1985,Medium,Tier 3,Supermarket Type3,2365.87
FDZ19,6.425,Low Fat,0.093377128,Fruits and Vegetables,174.6712,OUT013,1987,High,Tier 3,Supermarket Type1,1626.63
FDW57,8.31,Regular,0.115581112,Snack Foods,177.5028,OUT013,1987,High,Tier 3,Supermarket Type1,1672.41
FDA25,16.5,Regular,0,Canned,102.299,OUT013,1987,High,Tier 3,Supermarket Type1,1457.14
FDT22,10.395,LF,0.112097216,Snack Foods,59.022,OUT046,1997,Small,Tier 1,Supermarket Type1,571.5
FDP51,13.85,Regular,0.085204025,Meat,118.9124,OUT013,1987,High,Tier 3,Supermarket Type1,1126.28
FDD48,,Low Fat,0.030012644,Baking Goods,116.1176,OUT027,1985,Medium,Tier 3,Supermarket Type3,1488.14
FDY39,5.305,Regular,0.0470198,Meat,182.7608,OUT035,2004,Small,Tier 2,Supermarket Type1,1336
FDO48,15,Regular,0.04492594,Baking Goods,221.9456,OUT010,1998,,Tier 3,Grocery Store,1268.27
FDD23,,reg,0.048449768,Starchy Foods,185.5898,OUT027,1985,Medium,Tier 3,Supermarket Type3,1964.64
DRN35,,Low Fat,0.069907412,Hard Drinks,36.9532,OUT027,1985,Medium,Tier 3,Supermarket Type3,1164.83
FDT01,13.65,Regular,0.184132888,Canned,214.0902,OUT035,2004,Small,Tier 2,Supermarket Type1,1591.33
FDC20,10.65,LF,0.040123315,Fruits and Vegetables,54.6272,OUT010,1998,,Tier 3,Grocery Store,469.89
DRJ35,10.1,low fat,0.046575743,Hard Drinks,62.1878,OUT035,2004,Small,Tier 2,Supermarket Type1,928.81
FDB32,20.6,Low Fat,0.023452939,Fruits and Vegetables,93.6778,OUT046,1997,Small,Tier 1,Supermarket Type1,1283.32
FDL24,10.3,Regular,0.024896589,Baking Goods,173.2422,OUT046,1997,Small,Tier 1,Supermarket Type1,1283.53
NCV42,6.26,LF,0.031416038,Household,112.5228,OUT035,2004,Small,Tier 2,Supermarket Type1,902.42
FDZ46,7.485,Low Fat,0.06912372,Snack Foods,109.2228,OUT046,1997,Small,Tier 1,Supermarket Type1,945.91
FDC15,18.1,Low Fat,0.177820954,Dairy,155.7288,OUT013,1987,High,Tier 3,Supermarket Type1,1355.17
FDD08,,LF,0.061900923,Fruits and Vegetables,37.8506,OUT019,1985,Small,Tier 1,Grocery Store,268.97
FDY50,5.8,Low Fat,0,Dairy,88.8172,OUT049,1999,Medium,Tier 1,Supermarket Type1,1155.09
FDD36,13.3,Low Fat,0.021255857,Baking Goods,119.1124,OUT013,1987,High,Tier 3,Supermarket Type1,1372.09
FDG57,,Low Fat,0.071948252,Fruits and Vegetables,48.8034,OUT027,1985,Medium,Tier 3,Supermarket Type3,1271.17
FDL21,15.85,Regular,0.007175526,Snack Foods,40.848,OUT018,2009,Medium,Tier 3,Supermarket Type2,1146.16
FDN16,,Regular,0.06239666,Frozen Foods,101.999,OUT027,1985,Medium,Tier 3,Supermarket Type3,1646.34
FDJ09,,LF,0.058112049,Snack Foods,45.5744,OUT027,1985,Medium,Tier 3,Supermarket Type3,1376.86
FDS01,11.6,Low Fat,0.02970149,Canned,179.3686,OUT010,1998,,Tier 3,Grocery Store,888
FDV33,9.6,Regular,0.027498277,Snack Foods,260.2304,OUT017,2007,,Tier 2,Supermarket Type1,1827.72
DRE12,4.59,Low Fat,0.071180921,Soft Drinks,114.186,OUT017,2007,,Tier 2,Supermarket Type1,987.09
FDR07,21.35,Low Fat,0.077679213,Fruits and Vegetables,97.2094,OUT013,1987,High,Tier 3,Supermarket Type1,1152.19
FDP48,7.52,Regular,0.073685833,Baking Goods,183.895,OUT010,1998,,Tier 3,Grocery Store,992.75
NCB55,15.7,Low Fat,0.160632642,Household,57.8562,OUT035,2004,Small,Tier 2,Supermarket Type1,705.54
FDQ08,15.7,Regular,0.018914599,Fruits and Vegetables,59.6536,OUT013,1987,High,Tier 3,Supermarket Type1,1069.97
FDR34,17,Regular,0.01596229,Snack Foods,230.8352,OUT035,2004,Small,Tier 2,Supermarket Type1,1870.23
FDO33,14.75,Low Fat,0.089322461,Snack Foods,112.2518,OUT046,1997,Small,Tier 1,Supermarket Type1,1223.24
FDP13,8.1,Regular,0.134595967,Canned,38.448,OUT045,2002,,Tier 2,Supermarket Type1,797.03
FDX12,18.2,Regular,0,Baking Goods,243.0196,OUT049,1999,Medium,Tier 1,Supermarket Type1,2281.01
NCT06,17.1,Low Fat,0.03879778,Household,166.3842,OUT049,1999,Medium,Tier 1,Supermarket Type1,1452.9
FDR16,,Regular,0,Frozen Foods,213.7218,OUT019,1985,Small,Tier 1,Grocery Store,1192.97
FDE36,5.26,reg,0.041772386,Baking Goods,165.0868,OUT046,1997,Small,Tier 1,Supermarket Type1,1274.2
FDZ36,6.035,Regular,0.065886059,Baking Goods,184.924,OUT049,1999,Medium,Tier 1,Supermarket Type1,1564.03
FDV13,17.35,Regular,0.027666863,Canned,87.9856,OUT045,2002,,Tier 2,Supermarket Type1,1051.47
NCZ17,12.15,Low Fat,0.079416624,Health and Hygiene,36.2506,OUT035,2004,Small,Tier 2,Supermarket Type1,640.95
FDU56,16.85,Low Fat,0.044504129,Fruits and Vegetables,183.5266,OUT045,2002,,Tier 2,Supermarket Type1,1632.29
FDM09,11.15,Regular,0.085915295,Snack Foods,170.779,OUT035,2004,Small,Tier 2,Supermarket Type1,1442.01
FDV02,16.75,Low Fat,0.060888099,Dairy,171.9106,OUT017,2007,,Tier 2,Supermarket Type1,1626.96
FDS34,19.35,reg,0.07707176,Snack Foods,112.8518,OUT018,2009,Medium,Tier 3,Supermarket Type2,1552.77
FDA11,7.75,Low Fat,0.043306047,Baking Goods,95.3436,OUT049,1999,Medium,Tier 1,Supermarket Type1,1362.66
FDP09,19.75,Low Fat,0.034081551,Snack Foods,211.7902,OUT017,2007,,Tier 2,Supermarket Type1,1601.42
FDB29,,Regular,0.05215787,Frozen Foods,114.4176,OUT027,1985,Medium,Tier 3,Supermarket Type3,1445.85
FDT19,7.59,Regular,0,Fruits and Vegetables,172.808,OUT017,2007,,Tier 2,Supermarket Type1,1406.57
DRH15,8.775,Low Fat,0.110532975,Dairy,44.2428,OUT017,2007,,Tier 2,Supermarket Type1,645.28
FDY38,13.6,Regular,0.119176431,Dairy,233.93,OUT046,1997,Small,Tier 1,Supermarket Type1,1721.56
FDF14,,Low Fat,0.027038245,Canned,151.834,OUT027,1985,Medium,Tier 3,Supermarket Type3,1822.25
FDN48,13.35,Low Fat,0.108714206,Baking Goods,93.2804,OUT010,1998,,Tier 3,Grocery Store,589.65
FDQ12,12.65,Low Fat,0.03538128,Baking Goods,230.701,OUT013,1987,High,Tier 3,Supermarket Type1,2023.56
NCJ43,6.635,Low Fat,0.027124299,Household,172.9396,OUT045,2002,,Tier 2,Supermarket Type1,1598.2
FDE17,,Regular,0.095344543,Frozen Foods,152.3366,OUT019,1985,Small,Tier 1,Grocery Store,1071.54
FDB05,5.155,Low Fat,0.08318261,Frozen Foods,248.8776,OUT035,2004,Small,Tier 2,Supermarket Type1,1949.05
FDH10,21,Low Fat,0.049405001,Snack Foods,192.8478,OUT045,2002,,Tier 2,Supermarket Type1,1498.2
NCR06,12.5,Low Fat,0.006803416,Household,40.8112,OUT017,2007,,Tier 2,Supermarket Type1,677.84
FDU32,8.785,Low Fat,0.026073405,Fruits and Vegetables,121.4414,OUT018,2009,Medium,Tier 3,Supermarket Type2,1324.96
FDD56,15.2,Regular,0.103939618,Fruits and Vegetables,173.6054,OUT049,1999,Medium,Tier 1,Supermarket Type1,1543.68
FDO36,19.7,Low Fat,0.078231229,Baking Goods,181.466,OUT018,2009,Medium,Tier 3,Supermarket Type2,1758.55
FDH16,10.5,Low Fat,0.087966875,Frozen Foods,91.583,OUT010,1998,,Tier 3,Grocery Store,548.04
FDX10,6.385,Regular,0.124214471,Snack Foods,35.5874,OUT018,2009,Medium,Tier 3,Supermarket Type2,895.63
FDZ37,8.1,Regular,0.019880322,Canned,88.0198,OUT017,2007,,Tier 2,Supermarket Type1,1116.92
FDU31,10.5,Regular,0.041829904,Fruits and Vegetables,217.8508,OUT010,1998,,Tier 3,Grocery Store,1395.03
DRC49,8.67,LF,0.065538317,Soft Drinks,141.8128,OUT049,1999,Medium,Tier 1,Supermarket Type1,1579.68
FDL15,17.85,Low Fat,0.046729336,Meat,152.5682,OUT045,2002,,Tier 2,Supermarket Type1,1226.02
FDN32,,Low Fat,0,Fruits and Vegetables,186.0266,OUT019,1985,Small,Tier 1,Grocery Store,1021.65
DRH59,,Low Fat,0.058150483,Hard Drinks,74.138,OUT027,1985,Medium,Tier 3,Supermarket Type3,1230.92
NCU29,7.685,Low Fat,0.025517058,Health and Hygiene,147.476,OUT049,1999,Medium,Tier 1,Supermarket Type1,1386.95
FDR37,,Regular,0,Breakfast,183.7292,OUT019,1985,Small,Tier 1,Grocery Store,1120.01
FDS14,7.285,Low Fat,0.050167414,Dairy,156.9288,OUT018,2009,Medium,Tier 3,Supermarket Type2,1567.95
FDU02,,Low Fat,0.102015088,Dairy,227.2352,OUT027,1985,Medium,Tier 3,Supermarket Type3,2181.48
FDJ08,11.1,Low Fat,0.110651177,Fruits and Vegetables,192.7846,OUT035,2004,Small,Tier 2,Supermarket Type1,1521.43
NCZ06,19.6,Low Fat,0.094352624,Household,253.8698,OUT045,2002,,Tier 2,Supermarket Type1,2048.57
FDO31,6.76,Regular,0.029027743,Fruits and Vegetables,81.396,OUT049,1999,Medium,Tier 1,Supermarket Type1,1235.87
FDH31,12,Regular,0.020494302,Meat,101.2042,OUT018,2009,Medium,Tier 3,Supermarket Type2,1506.18
FDS58,9.285,Regular,0.021125435,Snack Foods,159.7578,OUT017,2007,,Tier 2,Supermarket Type1,1234.65
NCA53,,Low Fat,0.009830622,Health and Hygiene,48.9034,OUT027,1985,Medium,Tier 3,Supermarket Type3,1104.62
FDF50,4.905,Low Fat,0,Canned,197.7768,OUT046,1997,Small,Tier 1,Supermarket Type1,1476.11
NCW42,18.2,Low Fat,0.058559885,Household,222.6456,OUT049,1999,Medium,Tier 1,Supermarket Type1,1850.25
NCQ17,10.3,Low Fat,0.117169698,Health and Hygiene,156.163,OUT045,2002,,Tier 2,Supermarket Type1,1283.54
FDK51,19.85,Low Fat,0.005256469,Dairy,264.0884,OUT018,2009,Medium,Tier 3,Supermarket Type2,2291.71
NCW41,18,Low Fat,0.025860761,Health and Hygiene,157.1604,OUT010,1998,,Tier 3,Grocery Store,1029.11
NCR29,7.565,Low Fat,0.054949947,Health and Hygiene,54.993,OUT017,2007,,Tier 2,Supermarket Type1,874.96
FDB08,,Low Fat,0.054457963,Fruits and Vegetables,158.8578,OUT019,1985,Small,Tier 1,Grocery Store,1088.21
FDA40,,Regular,0.098790484,Frozen Foods,85.8856,OUT027,1985,Medium,Tier 3,Supermarket Type3,1523.96
FDL14,8.115,Regular,0.032289868,Canned,157.6972,OUT018,2009,Medium,Tier 3,Supermarket Type2,1785.08
FDB47,8.8,Low Fat,0.071429389,Snack Foods,207.4612,OUT046,1997,Small,Tier 1,Supermarket Type1,1424.35
FDO03,10.395,Regular,0.036876003,Meat,228.3352,OUT035,2004,Small,Tier 2,Supermarket Type1,1568.42
DRK13,,Low Fat,0.201643565,Soft Drinks,197.7084,OUT019,1985,Small,Tier 1,Grocery Store,953.42
FDX13,7.725,Low Fat,0.079978878,Canned,248.3092,OUT010,1998,,Tier 3,Grocery Store,1304.79
FDF52,9.3,Low Fat,0.066783292,Frozen Foods,183.0292,OUT046,1997,Small,Tier 1,Supermarket Type1,1445.66
FDT11,5.94,Regular,0.029347924,Breads,188.4556,OUT013,1987,High,Tier 3,Supermarket Type1,1662.67
FDB08,6.055,Low Fat,0,Fruits and Vegetables,160.1578,OUT013,1987,High,Tier 3,Supermarket Type1,1571.25
FDQ28,14,Regular,0,Frozen Foods,155.6656,OUT018,2009,Medium,Tier 3,Supermarket Type2,1739.16
FDD29,12.15,Low Fat,0.018447852,Frozen Foods,252.6698,OUT045,2002,,Tier 2,Supermarket Type1,2070.13
NCQ29,,Low Fat,0.103725396,Health and Hygiene,261.7278,OUT027,1985,Medium,Tier 3,Supermarket Type3,2492.65
NCO02,11.15,Low Fat,0.073307104,Others,65.2142,OUT013,1987,High,Tier 3,Supermarket Type1,1166.75
FDR56,15.5,Regular,0.168661356,Fruits and Vegetables,195.8768,OUT010,1998,,Tier 3,Grocery Store,886.03
NCM54,17.7,Low Fat,0.051018257,Household,125.2678,OUT049,1999,Medium,Tier 1,Supermarket Type1,1255.96
FDP51,13.85,Regular,0.085258864,Meat,116.8124,OUT035,2004,Small,Tier 2,Supermarket Type1,978.69
FDT38,18.7,Low Fat,0.057489563,Dairy,84.7566,OUT013,1987,High,Tier 3,Supermarket Type1,1088.32
FDZ20,16.1,Low Fat,0.034446714,Fruits and Vegetables,253.3356,OUT018,2009,Medium,Tier 3,Supermarket Type2,2155.04
FDJ53,10.5,Low Fat,0.071198613,Frozen Foods,120.6098,OUT013,1987,High,Tier 3,Supermarket Type1,1289.78
FDX13,7.725,Low Fat,0.047857249,Canned,249.2092,OUT049,1999,Medium,Tier 1,Supermarket Type1,2055.65
FDP58,11.1,Low Fat,0.135116764,Snack Foods,220.4482,OUT035,2004,Small,Tier 2,Supermarket Type1,1669.56
NCK31,,Low Fat,0.047357161,Others,51.9666,OUT019,1985,Small,Tier 1,Grocery Store,518.69
FDA35,14.85,Regular,0.054056872,Baking Goods,123.2072,OUT018,2009,Medium,Tier 3,Supermarket Type2,1597.94
FDV37,13,Regular,0.083854075,Canned,198.7426,OUT018,2009,Medium,Tier 3,Supermarket Type2,2010.62
NCO07,,Low Fat,0.009728926,Others,213.656,OUT027,1985,Medium,Tier 3,Supermarket Type3,1991.85
FDA20,6.78,Low Fat,0.066756194,Fruits and Vegetables,187.324,OUT045,2002,,Tier 2,Supermarket Type1,1382.66
FDZ59,6.63,Regular,0.104001913,Baking Goods,168.45,OUT035,2004,Small,Tier 2,Supermarket Type1,1201.28
NCY17,18.2,Low Fat,0.164018678,Health and Hygiene,44.9086,OUT017,2007,,Tier 2,Supermarket Type1,665.78
FDQ28,14,Regular,0.060415636,Frozen Foods,153.1656,OUT035,2004,Small,Tier 2,Supermarket Type1,1282.04
FDV35,19.5,Low Fat,0.128931187,Breads,154.6314,OUT017,2007,,Tier 2,Supermarket Type1,1383.93
FDQ36,7.855,Regular,0.161413005,Baking Goods,35.2848,OUT013,1987,High,Tier 3,Supermarket Type1,763.78
FDD34,7.945,Low Fat,0.01594096,Snack Foods,163.121,OUT018,2009,Medium,Tier 3,Supermarket Type2,1735.43
FDK51,19.85,Low Fat,0,Dairy,265.0884,OUT045,2002,,Tier 2,Supermarket Type1,2220.94
FDV31,9.8,LF,0.106697143,Fruits and Vegetables,175.637,OUT035,2004,Small,Tier 2,Supermarket Type1,1519.58
FDR04,7.075,Low Fat,0.022562708,Frozen Foods,95.9068,OUT035,2004,Small,Tier 2,Supermarket Type1,1174.71
FDR14,11.65,Low Fat,0.174319632,Dairy,55.5298,OUT049,1999,Medium,Tier 1,Supermarket Type1,694.08
DRC36,13,Regular,0.075295456,Soft Drinks,174.4054,OUT010,1998,,Tier 3,Grocery Store,883.46
FDE39,,Low Fat,0.063266852,Dairy,120.6782,OUT019,1985,Small,Tier 1,Grocery Store,672.29
FDP57,17.5,Low Fat,0.052525654,Snack Foods,104.399,OUT049,1999,Medium,Tier 1,Supermarket Type1,1224.42
FDE57,9.6,Low Fat,0.036285125,Fruits and Vegetables,141.2154,OUT046,1997,Small,Tier 1,Supermarket Type1,1263.23
NCN18,8.895,Low Fat,0.12471467,Household,111.4544,OUT046,1997,Small,Tier 1,Supermarket Type1,1052.02
NCQ05,11.395,Low Fat,0.021694101,Health and Hygiene,150.0708,OUT018,2009,Medium,Tier 3,Supermarket Type2,1651.63
FDW47,15,LF,0.046366458,Breads,119.9414,OUT035,2004,Small,Tier 2,Supermarket Type1,1235.95
FDV46,18.2,Low Fat,0.012605492,Snack Foods,137.818,OUT035,2004,Small,Tier 2,Supermarket Type1,1424.05
NCP29,8.42,Low Fat,0.112498699,Health and Hygiene,62.8168,OUT045,2002,,Tier 2,Supermarket Type1,970.18
FDE09,8.775,Low Fat,0.021691386,Fruits and Vegetables,110.5228,OUT018,2009,Medium,Tier 3,Supermarket Type2,1162.78
NCU06,,Low Fat,0.074046742,Household,229.801,OUT027,1985,Medium,Tier 3,Supermarket Type3,2034.76
FDT19,7.59,Regular,0.242768664,Fruits and Vegetables,173.708,OUT010,1998,,Tier 3,Grocery Store,697.03
DRF15,18.35,Low Fat,0.033401862,Dairy,152.234,OUT017,2007,,Tier 2,Supermarket Type1,1349.68
DRI51,17.25,Low Fat,0.042206477,Dairy,170.2764,OUT013,1987,High,Tier 3,Supermarket Type1,1580.28
NCX54,9.195,Low Fat,0.048019877,Household,104.2622,OUT013,1987,High,Tier 3,Supermarket Type1,1192.59
DRE01,10.1,Low Fat,0.167016095,Soft Drinks,241.5512,OUT013,1987,High,Tier 3,Supermarket Type1,1883.92
NCB07,19.2,Low Fat,0.077664737,Household,195.511,OUT045,2002,,Tier 2,Supermarket Type1,1701.81
FDU50,5.75,Regular,0.075155997,Dairy,114.1176,OUT035,2004,Small,Tier 2,Supermarket Type1,1119.26
FDG40,13.65,Low Fat,0.039816816,Frozen Foods,34.1558,OUT035,2004,Small,Tier 2,Supermarket Type1,803.57
FDW10,21.2,Low Fat,0.070964186,Snack Foods,175.637,OUT018,2009,Medium,Tier 3,Supermarket Type2,1933.54
FDX51,9.5,Regular,0.022040367,Meat,194.1452,OUT013,1987,High,Tier 3,Supermarket Type1,1533.46
NCP17,19.35,Low Fat,0.027770577,Health and Hygiene,63.1168,OUT045,2002,,Tier 2,Supermarket Type1,803.6
FDP21,7.42,reg,0.025735975,Snack Foods,187.7872,OUT035,2004,Small,Tier 2,Supermarket Type1,1364.61
FDL04,19,Low Fat,0.112150406,Frozen Foods,105.2622,OUT045,2002,,Tier 2,Supermarket Type1,1031.01
FDV23,11,Low Fat,0.105748691,Breads,123.1046,OUT013,1987,High,Tier 3,Supermarket Type1,1225.9
FDF24,15.5,Regular,0.025370468,Baking Goods,81.1934,OUT046,1997,Small,Tier 1,Supermarket Type1,996.23
FDH56,,Regular,0.063508168,Fruits and Vegetables,113.8492,OUT027,1985,Medium,Tier 3,Supermarket Type3,1597.51
FDB51,6.92,Low Fat,0.038513862,Dairy,61.5852,OUT049,1999,Medium,Tier 1,Supermarket Type1,1050.5
FDI58,,Regular,0.070362085,Snack Foods,95.112,OUT027,1985,Medium,Tier 3,Supermarket Type3,1562.29
FDR20,20,Regular,0.028100349,Fruits and Vegetables,46.9744,OUT013,1987,High,Tier 3,Supermarket Type1,1125.07
FDC51,10.895,Regular,0.009661057,Dairy,122.973,OUT018,2009,Medium,Tier 3,Supermarket Type2,1632.92
FDB16,,Low Fat,0.044708228,Dairy,86.2198,OUT027,1985,Medium,Tier 3,Supermarket Type3,1246.47
FDE40,15.6,Regular,0.099297902,Dairy,60.5194,OUT049,1999,Medium,Tier 1,Supermarket Type1,834.69
NCM17,7.93,Low Fat,0.071122419,Health and Hygiene,43.7086,OUT035,2004,Small,Tier 2,Supermarket Type1,540.9
FDU56,16.85,Low Fat,0,Fruits and Vegetables,185.3266,OUT035,2004,Small,Tier 2,Supermarket Type1,1483.25
FDS32,,Regular,0.051920175,Fruits and Vegetables,140.9838,OUT019,1985,Small,Tier 1,Grocery Store,849.18
FDX02,16,Low Fat,0.057148803,Dairy,224.3404,OUT049,1999,Medium,Tier 1,Supermarket Type1,1924.44
FDT39,,reg,0.009820129,Meat,152.7366,OUT027,1985,Medium,Tier 3,Supermarket Type3,1865.71
FDE35,7.06,Regular,0.044148717,Starchy Foods,56.9904,OUT017,2007,,Tier 2,Supermarket Type1,897.13
NCI42,,Low Fat,0.018148732,Household,210.1954,OUT019,1985,Small,Tier 1,Grocery Store,1408.24
DRL23,18.35,Low Fat,0.015304311,Hard Drinks,105.7938,OUT046,1997,Small,Tier 1,Supermarket Type1,1314.54
FDA10,20.35,Low Fat,0.141816013,Snack Foods,122.2072,OUT046,1997,Small,Tier 1,Supermarket Type1,1341.96
FDA11,7.75,Low Fat,0.04320284,Baking Goods,95.6436,OUT013,1987,High,Tier 3,Supermarket Type1,972.41
NCM06,7.475,low fat,0.075727897,Household,154.7656,OUT046,1997,Small,Tier 1,Supermarket Type1,1163.38
NCT05,10.895,Low Fat,0.020947887,Health and Hygiene,257.5672,OUT035,2004,Small,Tier 2,Supermarket Type1,1789.03
NCQ02,12.6,Low Fat,0.012480591,Household,186.2556,OUT010,1998,,Tier 3,Grocery Store,1063.37
NCY06,15.25,Low Fat,0.06127993,Household,129.6968,OUT049,1999,Medium,Tier 1,Supermarket Type1,1363.93
FDY56,16.35,Regular,0.062399603,Fruits and Vegetables,224.7062,OUT035,2004,Small,Tier 2,Supermarket Type1,1720.17
FDL02,20,Regular,0.104063695,Canned,104.5622,OUT035,2004,Small,Tier 2,Supermarket Type1,1084.43
NCI06,11.3,LF,0.047708667,Household,178.366,OUT035,2004,Small,Tier 2,Supermarket Type1,1517.18
FDQ14,9.27,Low Fat,0.061912597,Dairy,150.105,OUT045,2002,,Tier 2,Supermarket Type1,1451.75
FDQ12,12.65,Low Fat,0.035611045,Baking Goods,228.301,OUT017,2007,,Tier 2,Supermarket Type1,1966.16
FDP36,10.395,Regular,0.091172403,Baking Goods,48.6008,OUT046,1997,Small,Tier 1,Supermarket Type1,919.01
FDK21,,Low Fat,0.009963834,Snack Foods,250.8408,OUT027,1985,Medium,Tier 3,Supermarket Type3,2195.16
FDO40,17.1,Low Fat,0.032694281,Frozen Foods,147.8392,OUT045,2002,,Tier 2,Supermarket Type1,1267.39
NCK54,,low fat,0,Household,117.515,OUT019,1985,Small,Tier 1,Grocery Store,704.83
FDY09,15.6,Low Fat,0.025302804,Snack Foods,176.8054,OUT018,2009,Medium,Tier 3,Supermarket Type2,1706.86
NCW30,5.21,Low Fat,0.011027014,Household,260.6962,OUT049,1999,Medium,Tier 1,Supermarket Type1,2065.37
NCC55,,LF,0,Household,36.2848,OUT027,1985,Medium,Tier 3,Supermarket Type3,1209.07
FDE58,18.5,Low Fat,0.052280828,Snack Foods,117.3124,OUT018,2009,Medium,Tier 3,Supermarket Type2,1486.67
FDR39,20.35,Low Fat,0.083729547,Meat,184.4292,OUT013,1987,High,Tier 3,Supermarket Type1,1777.45
FDU28,19.2,Regular,0.094064368,Frozen Foods,187.0214,OUT049,1999,Medium,Tier 1,Supermarket Type1,1831.36
FDH08,7.51,Low Fat,0.017527666,Fruits and Vegetables,228.001,OUT017,2007,,Tier 2,Supermarket Type1,1950.8
FDG35,21.2,Regular,0.007055259,Starchy Foods,175.4738,OUT045,2002,,Tier 2,Supermarket Type1,1804.16
FDG22,17.6,Regular,0.041445492,Snack Foods,35.219,OUT049,1999,Medium,Tier 1,Supermarket Type1,742.6
FDC34,16,Regular,0.172726426,Snack Foods,156.7972,OUT035,2004,Small,Tier 2,Supermarket Type1,1108.93
FDP15,15.2,Low Fat,0.084284513,Meat,254.933,OUT018,2009,Medium,Tier 3,Supermarket Type2,2049.68
FDK34,13.35,Low Fat,0.06448577,Snack Foods,239.4564,OUT010,1998,,Tier 3,Grocery Store,1326.42
FDU45,15.6,Regular,0.035499428,Snack Foods,115.7518,OUT035,2004,Small,Tier 2,Supermarket Type1,1114.89
FDQ04,,LF,0.084343183,Frozen Foods,39.7796,OUT027,1985,Medium,Tier 3,Supermarket Type3,1158.38
FDX22,6.785,Regular,0.023068402,Snack Foods,209.7928,OUT018,2009,Medium,Tier 3,Supermarket Type2,1945.59
FDB45,20.85,Low Fat,0.021450443,Fruits and Vegetables,103.6306,OUT017,2007,,Tier 2,Supermarket Type1,1288.61
NCH43,,Low Fat,0.070227182,Household,217.1192,OUT027,1985,Medium,Tier 3,Supermarket Type3,2257.45
DRE60,9.395,Low Fat,0.159334462,Soft Drinks,224.372,OUT046,1997,Small,Tier 1,Supermarket Type1,1792.41
FDD17,,Low Fat,0.032468955,Frozen Foods,236.1906,OUT027,1985,Medium,Tier 3,Supermarket Type3,2069.33
NCM54,17.7,Low Fat,0.051227193,Household,127.2678,OUT017,2007,,Tier 2,Supermarket Type1,1116.77
NCH55,16.35,Low Fat,0.034643462,Household,127.402,OUT013,1987,High,Tier 3,Supermarket Type1,1269.98
NCT06,17.1,Low Fat,0.038956669,Household,165.1842,OUT017,2007,,Tier 2,Supermarket Type1,1406.15
FDA48,,Low Fat,0.114317778,Baking Goods,221.5114,OUT027,1985,Medium,Tier 3,Supermarket Type3,2062.93
FDY58,,Low Fat,0.039725274,Snack Foods,228.2694,OUT027,1985,Medium,Tier 3,Supermarket Type3,2204.23
FDO25,6.3,Low Fat,0.127707501,Canned,211.327,OUT045,2002,,Tier 2,Supermarket Type1,1615.46
FDN50,16.85,Regular,0.026573609,Canned,94.912,OUT045,2002,,Tier 2,Supermarket Type1,1177.05
FDH35,18.25,Low Fat,0.060237241,Starchy Foods,164.9526,OUT035,2004,Small,Tier 2,Supermarket Type1,1498.78
FDK09,15.2,Low Fat,0.091949401,Snack Foods,227.4352,OUT045,2002,,Tier 2,Supermarket Type1,1909.54
FDO16,5.48,Low Fat,0.015095622,Frozen Foods,82.325,OUT013,1987,High,Tier 3,Supermarket Type1,1259.56
FDW11,12.6,Low Fat,0.048881014,Breads,63.7194,OUT045,2002,,Tier 2,Supermarket Type1,702.66
FDU47,,Regular,0,Breads,140.3838,OUT027,1985,Medium,Tier 3,Supermarket Type3,1614.61
NCQ42,20.35,Low Fat,0.065726925,Household,128.6678,OUT010,1998,,Tier 3,Grocery Store,702.97
FDK55,,Low Fat,0.025636945,Meat,89.1172,OUT027,1985,Medium,Tier 3,Supermarket Type3,1383.57
FDN08,7.72,Regular,0.088502045,Fruits and Vegetables,116.2466,OUT049,1999,Medium,Tier 1,Supermarket Type1,1199.74
FDT57,15.2,Low Fat,0.019073386,Snack Foods,237.7248,OUT045,2002,,Tier 2,Supermarket Type1,1889.72
FDJ12,8.895,Regular,0.039200151,Baking Goods,207.5296,OUT018,2009,Medium,Tier 3,Supermarket Type2,1908.4
DRL59,16.75,Low Fat,0.021344178,Hard Drinks,52.2298,OUT017,2007,,Tier 2,Supermarket Type1,952.3
NCN53,5.175,Low Fat,0.030355463,Health and Hygiene,35.0874,OUT046,1997,Small,Tier 1,Supermarket Type1,775.89
FDO51,6.785,Regular,0.07027007,Meat,43.9112,OUT010,1998,,Tier 3,Grocery Store,396.76
FDK56,9.695,Low Fat,0.130733334,Fruits and Vegetables,188.3898,OUT017,2007,,Tier 2,Supermarket Type1,1664.35
FDY12,9.8,Regular,0.140584452,Baking Goods,52.3008,OUT035,2004,Small,Tier 2,Supermarket Type1,463.73
FDU15,13.65,Regular,0.026597059,Meat,36.3532,OUT035,2004,Small,Tier 2,Supermarket Type1,542.56
FDQ19,7.35,Regular,0.014365128,Fruits and Vegetables,242.8512,OUT046,1997,Small,Tier 1,Supermarket Type1,1732.2
DRF15,18.35,Low Fat,0.033281349,Dairy,154.134,OUT045,2002,,Tier 2,Supermarket Type1,1371.23
DRE25,,Low Fat,0.128309411,Soft Drinks,92.112,OUT019,1985,Small,Tier 1,Grocery Store,510.64
FDK57,10.195,Low Fat,0.080619969,Snack Foods,119.144,OUT018,2009,Medium,Tier 3,Supermarket Type2,1363.1
FDD33,12.85,Low Fat,0.181092301,Fruits and Vegetables,231.6642,OUT010,1998,,Tier 3,Grocery Store,1267.12
FDR34,,Regular,0.015887996,Snack Foods,228.6352,OUT027,1985,Medium,Tier 3,Supermarket Type3,2313.69
FDU04,7.93,Low Fat,0.005559688,Frozen Foods,121.2414,OUT045,2002,,Tier 2,Supermarket Type1,1327.33
FDE35,,Regular,0.07686393,Starchy Foods,60.4904,OUT019,1985,Small,Tier 1,Grocery Store,568.02
NCD31,12.1,Low Fat,0.015431545,Household,162.7526,OUT035,2004,Small,Tier 2,Supermarket Type1,1569.95
FDJ56,8.985,LF,0.183368339,Fruits and Vegetables,100.07,OUT035,2004,Small,Tier 2,Supermarket Type1,688.25
NCU53,5.485,Low Fat,0.042751812,Health and Hygiene,164.5842,OUT046,1997,Small,Tier 1,Supermarket Type1,1232.13
FDD39,16.7,Low Fat,0.070141633,Dairy,214.985,OUT035,2004,Small,Tier 2,Supermarket Type1,1550.19
NCU17,,Low Fat,0.162626685,Health and Hygiene,103.6674,OUT019,1985,Small,Tier 1,Grocery Store,512.31
FDJ20,20.7,Regular,0.100174939,Fruits and Vegetables,123.2388,OUT046,1997,Small,Tier 1,Supermarket Type1,1170.56
NCW41,18,Low Fat,0.015513314,Health and Hygiene,156.9604,OUT018,2009,Medium,Tier 3,Supermarket Type2,1690.32
FDL52,6.635,Regular,0.046081489,Frozen Foods,38.0506,OUT035,2004,Small,Tier 2,Supermarket Type1,676.25
FDS39,6.895,Low Fat,0.022456327,Meat,141.2812,OUT035,2004,Small,Tier 2,Supermarket Type1,1304.1
DRJ47,18.25,Low Fat,0.044340045,Hard Drinks,173.908,OUT045,2002,,Tier 2,Supermarket Type1,1660.34
FDP13,8.1,Regular,0.224830093,Canned,40.248,OUT010,1998,,Tier 3,Grocery Store,258.72
DRK39,7.02,LF,0.083464455,Dairy,82.425,OUT010,1998,,Tier 3,Grocery Store,647.36
FDF28,15.7,Regular,0.06337778,Frozen Foods,126.2046,OUT010,1998,,Tier 3,Grocery Store,602.99
FDB09,16.25,Low Fat,0.057512493,Fruits and Vegetables,125.5046,OUT045,2002,,Tier 2,Supermarket Type1,1115.26
FDM51,11.8,Regular,0.025926223,Meat,99.9674,OUT046,1997,Small,Tier 1,Supermarket Type1,979.09
DRM49,6.11,Regular,0.152573001,Soft Drinks,45.1086,OUT018,2009,Medium,Tier 3,Supermarket Type2,800.55
DRF23,4.61,Low Fat,0.122550245,Hard Drinks,176.1396,OUT013,1987,High,Tier 3,Supermarket Type1,1474.74
DRH01,17.5,Low Fat,0.097885516,Soft Drinks,172.6738,OUT035,2004,Small,Tier 2,Supermarket Type1,1415.11
FDH12,,Low Fat,0.08454227,Baking Goods,107.128,OUT027,1985,Medium,Tier 3,Supermarket Type3,1558.62
FDA28,,Regular,0.083694927,Frozen Foods,124.8362,OUT019,1985,Small,Tier 1,Grocery Store,853.77
FDW37,19.2,Low Fat,0.124555719,Canned,90.3488,OUT018,2009,Medium,Tier 3,Supermarket Type2,1351.22
FDF02,16.2,Low Fat,0.103473165,Canned,103.799,OUT046,1997,Small,Tier 1,Supermarket Type1,1220.17
DRL37,15.5,Low Fat,0.053372178,Soft Drinks,43.377,OUT046,1997,Small,Tier 1,Supermarket Type1,965.04
NCF43,8.51,low fat,0.051945908,Household,141.547,OUT046,1997,Small,Tier 1,Supermarket Type1,1093.33
FDH08,7.51,Low Fat,0.029172707,Fruits and Vegetables,228.201,OUT010,1998,,Tier 3,Grocery Store,1180.42
FDR34,,Regular,0.027953194,Snack Foods,229.4352,OUT019,1985,Small,Tier 1,Grocery Store,1300.24
NCK19,9.8,LF,0.09060629,Others,195.0478,OUT049,1999,Medium,Tier 1,Supermarket Type1,1632.82
NCD55,14,Low Fat,0.024430294,Household,42.6454,OUT018,2009,Medium,Tier 3,Supermarket Type2,1000.56
FDT27,11.395,Regular,0.069695361,Meat,233.7616,OUT049,1999,Medium,Tier 1,Supermarket Type1,1949.73
FDQ57,7.275,Low Fat,0.02800432,Snack Foods,146.976,OUT045,2002,,Tier 2,Supermarket Type1,1388.09
FDA47,10.5,Regular,0.116651733,Baking Goods,162.421,OUT035,2004,Small,Tier 2,Supermarket Type1,1372.83
DRG15,,Low Fat,0.076364306,Dairy,63.0536,OUT027,1985,Medium,Tier 3,Supermarket Type3,1403.57
FDE05,10.895,Regular,0.03258625,Frozen Foods,145.6102,OUT018,2009,Medium,Tier 3,Supermarket Type2,1722.79
FDN46,7.21,reg,0.144631478,Snack Foods,100.6332,OUT046,1997,Small,Tier 1,Supermarket Type1,744.78
FDX27,,Regular,0.113564473,Dairy,92.6436,OUT027,1985,Medium,Tier 3,Supermarket Type3,1242.83
FDT51,11.65,Regular,0.010940934,Meat,110.4544,OUT045,2002,,Tier 2,Supermarket Type1,1054.2
FDU33,7.63,Regular,0.134597662,Snack Foods,44.7402,OUT013,1987,High,Tier 3,Supermarket Type1,700.34
FDJ16,,Low Fat,0.114329308,Frozen Foods,59.4246,OUT027,1985,Medium,Tier 3,Supermarket Type3,1170.44
FDD20,,Low Fat,0.036268455,Fruits and Vegetables,122.5046,OUT019,1985,Small,Tier 1,Grocery Store,784.63
FDT36,12.3,Low Fat,0.111447593,Baking Goods,33.4874,OUT049,1999,Medium,Tier 1,Supermarket Type1,822.98
DRF15,,Low Fat,0.03305315,Dairy,152.334,OUT027,1985,Medium,Tier 3,Supermarket Type3,1865.59
FDN52,9.395,Regular,0.220221011,Frozen Foods,88.1198,OUT010,1998,,Tier 3,Grocery Store,479.22
FDC22,,Regular,0.135767734,Snack Foods,191.282,OUT027,1985,Medium,Tier 3,Supermarket Type3,2061.36
FDX15,17.2,Low Fat,0.156615836,Meat,160.6578,OUT045,2002,,Tier 2,Supermarket Type1,1534.06
FDT13,14.85,Low Fat,0.018556186,Canned,187.1214,OUT013,1987,High,Tier 3,Supermarket Type1,1533.42
FDU04,7.93,Low Fat,0.00557982,Frozen Foods,121.1414,OUT017,2007,,Tier 2,Supermarket Type1,1060.77
FDU31,,Regular,0.043756113,Fruits and Vegetables,216.3508,OUT019,1985,Small,Tier 1,Grocery Store,1189.05
FDW59,,Low Fat,0,Breads,85.4566,OUT027,1985,Medium,Tier 3,Supermarket Type3,1385.51
NCO29,11.15,Low Fat,0.032256191,Health and Hygiene,165.1526,OUT046,1997,Small,Tier 1,Supermarket Type1,1382.36
FDL15,17.85,Low Fat,0.046625941,Meat,152.3682,OUT035,2004,Small,Tier 2,Supermarket Type1,1333.01
FDI41,18.5,Regular,0.062353714,Frozen Foods,145.4418,OUT049,1999,Medium,Tier 1,Supermarket Type1,1532.31
FDQ48,14.3,Regular,0,Baking Goods,98.7726,OUT049,1999,Medium,Tier 1,Supermarket Type1,1339.35
DRI39,13.8,Low Fat,0.09698132,Dairy,55.593,OUT013,1987,High,Tier 3,Supermarket Type1,1028.08
FDI08,18.2,Regular,0.066241884,Fruits and Vegetables,250.9092,OUT013,1987,High,Tier 3,Supermarket Type1,2197.78
FDC21,14.6,Regular,0.04302561,Fruits and Vegetables,110.0254,OUT049,1999,Medium,Tier 1,Supermarket Type1,1475.62
FDF58,13.3,Low Fat,0.009579343,Snack Foods,62.351,OUT035,2004,Small,Tier 2,Supermarket Type1,660.41
FDS08,5.735,Low Fat,0.095341405,Fruits and Vegetables,178.037,OUT010,1998,,Tier 3,Grocery Store,813.54
FDE47,14.15,Low Fat,0.037985629,Starchy Foods,123.1046,OUT045,2002,,Tier 2,Supermarket Type1,1128.94
NCP18,,Low Fat,0.050071843,Household,152.4708,OUT019,1985,Small,Tier 1,Grocery Store,875.02
NCR41,17.85,Low Fat,0,Health and Hygiene,96.8094,OUT013,1987,High,Tier 3,Supermarket Type1,1228.4
FDA27,20.35,Regular,0.030901894,Dairy,254.2672,OUT013,1987,High,Tier 3,Supermarket Type1,2121.11
FDA43,10.895,low fat,0.064663519,Fruits and Vegetables,194.0794,OUT035,2004,Small,Tier 2,Supermarket Type1,1540.5
FDA49,19.7,Low Fat,0.065053427,Canned,86.6198,OUT045,2002,,Tier 2,Supermarket Type1,1127.76
NCE55,8.92,Low Fat,0,Household,178.137,OUT018,2009,Medium,Tier 3,Supermarket Type2,1861.19
DRM49,,Regular,0.15121816,Soft Drinks,45.9086,OUT027,1985,Medium,Tier 3,Supermarket Type3,1259.9
FDF22,,Low Fat,0.056555477,Snack Foods,214.2218,OUT027,1985,Medium,Tier 3,Supermarket Type3,2307.82
FDQ15,20.35,Regular,0.151688857,Meat,80.6276,OUT018,2009,Medium,Tier 3,Supermarket Type2,978.38
NCS54,13.6,Low Fat,0.010049688,Household,174.937,OUT017,2007,,Tier 2,Supermarket Type1,1404.31
NCY05,13.5,Low Fat,0.054944247,Health and Hygiene,36.3874,OUT013,1987,High,Tier 3,Supermarket Type1,748.18
FDR45,10.8,Low Fat,0.028943289,Snack Foods,239.6222,OUT046,1997,Small,Tier 1,Supermarket Type1,1767.47
FDK57,10.195,Low Fat,0.080417724,Snack Foods,121.244,OUT049,1999,Medium,Tier 1,Supermarket Type1,1262.83
FDF41,12.15,Low Fat,0.219568112,Frozen Foods,248.346,OUT010,1998,,Tier 3,Grocery Store,1287.34
FDV21,11.5,Low Fat,0,Snack Foods,125.6704,OUT046,1997,Small,Tier 1,Supermarket Type1,1282.69
FDD51,11.15,Low Fat,0.119952711,Dairy,45.2744,OUT046,1997,Small,Tier 1,Supermarket Type1,767.1
FDF33,7.97,Low Fat,0.021535488,Seafood,109.6596,OUT046,1997,Small,Tier 1,Supermarket Type1,1224.54
FDA38,5.44,Low Fat,0.025479919,Dairy,238.5538,OUT046,1997,Small,Tier 1,Supermarket Type1,1949.19
FDR56,15.5,Regular,0.100970195,Fruits and Vegetables,195.8768,OUT045,2002,,Tier 2,Supermarket Type1,1783.95
NCN41,17,Low Fat,0.05250462,Health and Hygiene,121.673,OUT017,2007,,Tier 2,Supermarket Type1,1065.95
FDC60,,Regular,0.113918065,Baking Goods,87.9514,OUT027,1985,Medium,Tier 3,Supermarket Type3,1240.71
FDB47,8.8,Low Fat,0.07157425,Snack Foods,207.9612,OUT045,2002,,Tier 2,Supermarket Type1,1539.97
DRH01,17.5,Low Fat,0.097822555,Soft Drinks,175.4738,OUT013,1987,High,Tier 3,Supermarket Type1,1545.57
FDW08,12.1,Low Fat,0.148381569,Fruits and Vegetables,104.928,OUT046,1997,Small,Tier 1,Supermarket Type1,971.26
FDF38,,Regular,0.026230365,Canned,39.1138,OUT027,1985,Medium,Tier 3,Supermarket Type3,1199.02
FDY32,7.605,Low Fat,0.129972082,Fruits and Vegetables,162.921,OUT017,2007,,Tier 2,Supermarket Type1,1379.33
FDG34,11.5,Regular,0.037628842,Snack Foods,109.5254,OUT049,1999,Medium,Tier 1,Supermarket Type1,1363.02
FDG47,,Low Fat,0.121893603,Starchy Foods,261.3252,OUT019,1985,Small,Tier 1,Grocery Store,1606.08
NCF18,18.35,Low Fat,0.088965771,Household,189.8504,OUT035,2004,Small,Tier 2,Supermarket Type1,1670.56
FDL39,,Regular,0.110885027,Dairy,181.3318,OUT019,1985,Small,Tier 1,Grocery Store,1250.03
NCH55,16.35,Low Fat,0.03466576,Household,125.902,OUT035,2004,Small,Tier 2,Supermarket Type1,1026.71
DRJ35,10.1,Low Fat,0,Hard Drinks,60.7878,OUT049,1999,Medium,Tier 1,Supermarket Type1,903.03
FDS44,12.65,Regular,0.156014453,Fruits and Vegetables,238.9538,OUT035,2004,Small,Tier 2,Supermarket Type1,1587.38
DRE01,10.1,LF,0.167836117,Soft Drinks,241.0512,OUT018,2009,Medium,Tier 3,Supermarket Type2,1897.43
FDY39,5.305,Regular,0.046989556,Meat,184.3608,OUT013,1987,High,Tier 3,Supermarket Type1,1597.83
FDY32,7.605,Low Fat,0.129767515,Fruits and Vegetables,161.821,OUT018,2009,Medium,Tier 3,Supermarket Type2,1552.46
FDR33,,Low Fat,0.02665921,Snack Foods,111.157,OUT027,1985,Medium,Tier 3,Supermarket Type3,1637.87
NCP50,17.35,Low Fat,0.020591811,Others,81.0618,OUT049,1999,Medium,Tier 1,Supermarket Type1,1268.76
FDZ47,20.7,Regular,0.07961949,Baking Goods,98.6042,OUT018,2009,Medium,Tier 3,Supermarket Type2,1452.57
FDU57,8.27,Regular,0.089693419,Snack Foods,152.2708,OUT049,1999,Medium,Tier 1,Supermarket Type1,1608.66
FDY44,14.15,Regular,0.02438425,Fruits and Vegetables,194.411,OUT013,1987,High,Tier 3,Supermarket Type1,1556.36
DRH59,10.8,Low Fat,0.058671483,Hard Drinks,73.838,OUT018,2009,Medium,Tier 3,Supermarket Type2,975.9
FDB03,,Regular,0.156072361,Dairy,240.2538,OUT027,1985,Medium,Tier 3,Supermarket Type3,2052.43
FDY46,18.6,Low Fat,0.047987061,Snack Foods,186.8898,OUT045,2002,,Tier 2,Supermarket Type1,1525.91
FDM39,6.42,LF,0.053579102,Dairy,177.3002,OUT045,2002,,Tier 2,Supermarket Type1,1419.87
FDY36,12.3,Low Fat,0.009408748,Baking Goods,74.838,OUT035,2004,Small,Tier 2,Supermarket Type1,894.24
NCM55,15.6,Low Fat,0.066713516,Others,184.2924,OUT035,2004,Small,Tier 2,Supermarket Type1,1504.77
FDJ50,8.645,Low Fat,0.036130545,Canned,52.6982,OUT010,1998,,Tier 3,Grocery Store,406.84
DRL60,8.52,Low Fat,0.027036842,Soft Drinks,150.8682,OUT013,1987,High,Tier 3,Supermarket Type1,1571.08
NCJ54,9.895,Low Fat,0.060160503,Household,232.2642,OUT049,1999,Medium,Tier 1,Supermarket Type1,2055.57
FDX59,10.195,Low Fat,0.051953489,Breads,33.8558,OUT017,2007,,Tier 2,Supermarket Type1,880.81
FDI07,12.35,Regular,0,Meat,199.0426,OUT013,1987,High,Tier 3,Supermarket Type1,1597.18
DRF51,15.75,Low Fat,0.277579189,Dairy,39.6506,OUT010,1998,,Tier 3,Grocery Store,50
FDM14,13.8,Low Fat,0.013338995,Canned,109.7254,OUT017,2007,,Tier 2,Supermarket Type1,1068.08
FDP21,7.42,Regular,0.025793045,Snack Foods,187.9872,OUT045,2002,,Tier 2,Supermarket Type1,1479.66
FDE40,15.6,Regular,0.099125013,Dairy,63.0194,OUT035,2004,Small,Tier 2,Supermarket Type1,740.59
FDE05,10.895,Regular,0.032447909,Frozen Foods,146.9102,OUT035,2004,Small,Tier 2,Supermarket Type1,1266.07
FDM13,,Low Fat,0.062869397,Breakfast,132.8626,OUT027,1985,Medium,Tier 3,Supermarket Type3,1699.66
FDC34,,Regular,0.1719225,Snack Foods,156.7972,OUT027,1985,Medium,Tier 3,Supermarket Type3,1770.15
NCI55,18.6,Low Fat,0.01270511,Household,122.8414,OUT018,2009,Medium,Tier 3,Supermarket Type2,1606.39
NCE43,12.5,Low Fat,0.103863648,Household,168.8448,OUT018,2009,Medium,Tier 3,Supermarket Type2,1771.67
FDW58,20.75,Low Fat,0.007583861,Snack Foods,107.0622,OUT018,2009,Medium,Tier 3,Supermarket Type2,1613.27
FDG60,20.35,Low Fat,0.060822826,Baking Goods,234.6616,OUT045,2002,,Tier 2,Supermarket Type1,1690.35
FDV31,9.8,Low Fat,0.107320959,Fruits and Vegetables,176.337,OUT017,2007,,Tier 2,Supermarket Type1,1290.86
FDR47,17.85,low fat,0.087395867,Breads,194.2794,OUT013,1987,High,Tier 3,Supermarket Type1,1610.83
FDM60,,Regular,0.08429269,Baking Goods,40.6138,OUT019,1985,Small,Tier 1,Grocery Store,228.01
NCF06,6.235,Low Fat,0.020280634,Household,258.4962,OUT018,2009,Medium,Tier 3,Supermarket Type2,2117.12
NCN26,,Low Fat,0,Household,117.0808,OUT027,1985,Medium,Tier 3,Supermarket Type3,1638.44
FDQ59,9.8,Regular,0.056474207,Breads,85.6908,OUT049,1999,Medium,Tier 1,Supermarket Type1,1153.07
FDF09,6.215,Low Fat,0.012148905,Fruits and Vegetables,36.5848,OUT046,1997,Small,Tier 1,Supermarket Type1,774.79
NCS06,7.935,Low Fat,0,Household,264.791,OUT017,2007,,Tier 2,Supermarket Type1,2119.9
FDT44,16.6,Low Fat,0.102986542,Fruits and Vegetables,117.9466,OUT046,1997,Small,Tier 1,Supermarket Type1,1287.22
FDI19,15.1,Low Fat,0.05263512,Meat,244.2512,OUT017,2007,,Tier 2,Supermarket Type1,2083.71
FDT22,10.395,Low Fat,0.112731284,Snack Foods,59.922,OUT017,2007,,Tier 2,Supermarket Type1,618.88
NCF54,,Low Fat,0.047147628,Household,170.8422,OUT027,1985,Medium,Tier 3,Supermarket Type3,1749.7
DRG25,10.5,Low Fat,0.019088324,Soft Drinks,185.924,OUT045,2002,,Tier 2,Supermarket Type1,1470.9
FDB59,18.25,Low Fat,0.015365323,Snack Foods,197.3084,OUT017,2007,,Tier 2,Supermarket Type1,1628.12
FDQ37,20.75,Low Fat,0.089765562,Breakfast,194.6478,OUT017,2007,,Tier 2,Supermarket Type1,1601.02
FDP56,8.185,Low Fat,0.046475348,Fruits and Vegetables,47.9692,OUT035,2004,Small,Tier 2,Supermarket Type1,702.3
FDW44,9.5,Regular,0.035144569,Fruits and Vegetables,171.8448,OUT035,2004,Small,Tier 2,Supermarket Type1,1440.02
FDJ26,15.3,Regular,0.141879554,Canned,215.1218,OUT010,1998,,Tier 3,Grocery Store,1269.58
FDU43,19.35,Regular,0.058279823,Fruits and Vegetables,237.4564,OUT018,2009,Medium,Tier 3,Supermarket Type2,2213.01
FDW33,9.395,Low Fat,0.099321607,Snack Foods,104.928,OUT045,2002,,Tier 2,Supermarket Type1,1204.48
NCX53,,Low Fat,0.0148655,Health and Hygiene,143.2154,OUT027,1985,Medium,Tier 3,Supermarket Type3,1959.81
FDN56,5.46,Regular,0.179191782,Fruits and Vegetables,146.2786,OUT010,1998,,Tier 3,Grocery Store,535.48
DRF15,18.35,Low Fat,0.033265629,Dairy,152.334,OUT049,1999,Medium,Tier 1,Supermarket Type1,1427.35
FDO33,14.75,Low Fat,0.089827705,Snack Foods,114.4518,OUT017,2007,,Tier 2,Supermarket Type1,1049.89
FDZ39,19.7,Regular,0.030169768,Meat,103.799,OUT010,1998,,Tier 3,Grocery Store,646.64
NCJ19,18.6,Low Fat,0.118848485,Others,55.3588,OUT017,2007,,Tier 2,Supermarket Type1,799.71
FDU01,20.25,Regular,0,Canned,184.6924,OUT035,2004,Small,Tier 2,Supermarket Type1,1586.56
FDT12,6.215,Regular,0.049612318,Baking Goods,224.1062,OUT035,2004,Small,Tier 2,Supermarket Type1,1697.44
NCM18,13,Low Fat,0.083179333,Household,62.0194,OUT018,2009,Medium,Tier 3,Supermarket Type2,1150.25
FDP19,11.5,Low Fat,0.174497541,Fruits and Vegetables,128.8652,OUT017,2007,,Tier 2,Supermarket Type1,1252.21
NCR42,9.105,Low Fat,0.038541712,Household,33.09,OUT049,1999,Medium,Tier 1,Supermarket Type1,998.04
FDN10,11.5,Low Fat,0.046123804,Snack Foods,118.6124,OUT046,1997,Small,Tier 1,Supermarket Type1,1355.36
FDG44,6.13,Low Fat,0.102768984,Fruits and Vegetables,54.7298,OUT017,2007,,Tier 2,Supermarket Type1,581.43
FDQ10,12.85,Low Fat,0.033179231,Snack Foods,171.5422,OUT046,1997,Small,Tier 1,Supermarket Type1,1340.57
DRH13,8.575,Low Fat,0.023923093,Soft Drinks,105.528,OUT049,1999,Medium,Tier 1,Supermarket Type1,1152.9
FDT52,9.695,Regular,0.047390108,Frozen Foods,245.0144,OUT013,1987,High,Tier 3,Supermarket Type1,1923.79
FDM56,16.7,Low Fat,0.070333939,Fruits and Vegetables,110.7912,OUT045,2002,,Tier 2,Supermarket Type1,1140.95
NCO43,5.5,Low Fat,0.078832748,Others,101.5016,OUT010,1998,,Tier 3,Grocery Store,570.81
NCV29,11.8,Low Fat,0,Health and Hygiene,177.2686,OUT035,2004,Small,Tier 2,Supermarket Type1,1529.58
NCF06,6.235,Low Fat,0.020181546,Household,260.1962,OUT013,1987,High,Tier 3,Supermarket Type1,2155.56
FDO50,16.25,Low Fat,0.078153958,Canned,91.3804,OUT035,2004,Small,Tier 2,Supermarket Type1,1092
FDT59,13.65,Low Fat,0.015898191,Breads,229.7668,OUT013,1987,High,Tier 3,Supermarket Type1,2117.96
FDX40,,low fat,0.09851376,Frozen Foods,36.7164,OUT027,1985,Medium,Tier 3,Supermarket Type3,1310.78
FDE50,19.7,Regular,0.016297312,Canned,186.3556,OUT017,2007,,Tier 2,Supermarket Type1,1484.19
FDX51,9.5,Regular,0.022183497,Meat,196.9452,OUT017,2007,,Tier 2,Supermarket Type1,1502.73
NCD30,19.7,Low Fat,0.026958635,Household,98.5726,OUT018,2009,Medium,Tier 3,Supermarket Type2,1275.79
FDK15,10.8,Low Fat,0.098331927,Meat,100.5042,OUT013,1987,High,Tier 3,Supermarket Type1,1096.87
FDL12,15.85,Regular,0.121879396,Baking Goods,61.222,OUT045,2002,,Tier 2,Supermarket Type1,821.98
FDK46,9.6,Low Fat,0.051758515,Snack Foods,259.462,OUT017,2007,,Tier 2,Supermarket Type1,1968.66
DRH49,19.7,Low Fat,0.04126841,Soft Drinks,80.6592,OUT010,1998,,Tier 3,Grocery Store,632.38
FDQ57,7.275,Low Fat,0.027947642,Snack Foods,146.876,OUT046,1997,Small,Tier 1,Supermarket Type1,1398.59
FDY59,8.195,Low Fat,0.031581072,Baking Goods,93.4462,OUT017,2007,,Tier 2,Supermarket Type1,1174.9
FDO09,13.5,Regular,0.12578499,Snack Foods,261.691,OUT018,2009,Medium,Tier 3,Supermarket Type2,2299.59
NCG30,20.2,Low Fat,0.112299979,Household,126.4046,OUT035,2004,Small,Tier 2,Supermarket Type1,960.56
FDM09,11.15,Regular,0.086417608,Snack Foods,168.679,OUT017,2007,,Tier 2,Supermarket Type1,1270.01
NCN17,,Low Fat,0.054672984,Health and Hygiene,101.0358,OUT027,1985,Medium,Tier 3,Supermarket Type3,1382.99
NCS42,8.6,Low Fat,0.0693587,Household,89.9146,OUT013,1987,High,Tier 3,Supermarket Type1,1018.31
FDD02,,Low Fat,0.088053052,Canned,117.0124,OUT019,1985,Small,Tier 1,Grocery Store,674.82
FDE34,9.195,Low Fat,0.107801614,Snack Foods,182.3634,OUT013,1987,High,Tier 3,Supermarket Type1,1570.34
FDU38,10.8,Low Fat,0.08271731,Dairy,192.6504,OUT045,2002,,Tier 2,Supermarket Type1,1587.73
FDB33,17.75,Low Fat,0.014580169,Fruits and Vegetables,157.5262,OUT046,1997,Small,Tier 1,Supermarket Type1,1511.52
NCJ29,10.6,Low Fat,0.035391991,Health and Hygiene,86.8224,OUT017,2007,,Tier 2,Supermarket Type1,1120.87
FDZ27,7.935,Low Fat,0.017153018,Dairy,48.135,OUT035,2004,Small,Tier 2,Supermarket Type1,862.85
FDI40,11.5,Regular,0.125498428,Frozen Foods,99.7358,OUT013,1987,High,Tier 3,Supermarket Type1,1301.1
FDG22,17.6,Regular,0.041346719,Snack Foods,37.819,OUT013,1987,High,Tier 3,Supermarket Type1,714.99
FDT51,11.65,Regular,0.010980551,Meat,110.7544,OUT017,2007,,Tier 2,Supermarket Type1,1028.82
FDF20,12.85,Low Fat,0.033355494,Fruits and Vegetables,198.5768,OUT018,2009,Medium,Tier 3,Supermarket Type2,1747.1
FDV50,14.3,Low Fat,0.122548032,Dairy,122.173,OUT035,2004,Small,Tier 2,Supermarket Type1,1003.76
FDT02,12.6,Low Fat,0.024232347,Dairy,36.1874,OUT049,1999,Medium,Tier 1,Supermarket Type1,854.42
DRC49,8.67,Low Fat,0.065806717,Soft Drinks,144.6128,OUT017,2007,,Tier 2,Supermarket Type1,1292.83
FDF26,6.825,Regular,0.046707264,Canned,151.9998,OUT049,1999,Medium,Tier 1,Supermarket Type1,1504.74
FDV52,20.7,Regular,0,Frozen Foods,118.6466,OUT035,2004,Small,Tier 2,Supermarket Type1,1287.46
FDX59,10.195,Low Fat,0.051741591,Breads,35.2558,OUT049,1999,Medium,Tier 1,Supermarket Type1,955.7
FDV25,5.905,Low Fat,0.045643611,Canned,222.0456,OUT035,2004,Small,Tier 2,Supermarket Type1,1785.51
FDW23,,Low Fat,0.081615145,Baking Goods,38.6164,OUT027,1985,Medium,Tier 3,Supermarket Type3,1317.44
FDE53,10.895,Low Fat,0.026989658,Frozen Foods,107.728,OUT018,2009,Medium,Tier 3,Supermarket Type2,1171.48
FDA19,7.52,Low Fat,0.055439323,Fruits and Vegetables,130.0994,OUT017,2007,,Tier 2,Supermarket Type1,1072.29
FDH22,6.405,Low Fat,0.136300946,Snack Foods,126.0678,OUT046,1997,Small,Tier 1,Supermarket Type1,976.54
NCO41,12.5,Low Fat,0.018833177,Health and Hygiene,97.8384,OUT013,1987,High,Tier 3,Supermarket Type1,1146.66
FDX12,18.2,Regular,0.026211917,Baking Goods,241.3196,OUT017,2007,,Tier 2,Supermarket Type1,1896.07
FDF17,5.19,Low Fat,0.042585419,Frozen Foods,196.911,OUT013,1987,High,Tier 3,Supermarket Type1,1693.01
FDS11,7.05,Regular,0.055671183,Breads,222.3088,OUT045,2002,,Tier 2,Supermarket Type1,1760.94
FDR51,9.035,Regular,0.173436917,Meat,150.0708,OUT035,2004,Small,Tier 2,Supermarket Type1,1228.54
FDT49,7,Low Fat,0.253421913,Canned,106.228,OUT010,1998,,Tier 3,Grocery Store,548.17
FDC56,7.72,Low Fat,0.121419594,Fruits and Vegetables,120.244,OUT013,1987,High,Tier 3,Supermarket Type1,1366.1
FDR13,,Regular,0.02858175,Canned,116.4492,OUT027,1985,Medium,Tier 3,Supermarket Type3,1799.25
FDQ60,6.195,Regular,0.10935376,Baking Goods,120.4098,OUT035,2004,Small,Tier 2,Supermarket Type1,850.2
FDN38,6.615,Regular,0.092114847,Canned,248.7408,OUT049,1999,Medium,Tier 1,Supermarket Type1,1821.48
NCL29,9.695,Low Fat,0.113844617,Health and Hygiene,157.8604,OUT013,1987,High,Tier 3,Supermarket Type1,1340.64
FDO13,,Low Fat,0.060763988,Breakfast,164.0526,OUT027,1985,Medium,Tier 3,Supermarket Type3,1779.1
FDE26,9.3,Low Fat,0.089368341,Canned,143.8786,OUT018,2009,Medium,Tier 3,Supermarket Type2,1457
FDA31,7.1,Low Fat,0.18413701,Fruits and Vegetables,172.808,OUT010,1998,,Tier 3,Grocery Store,872.42
FDX14,13.1,Low Fat,0.07492586,Dairy,75.3354,OUT035,2004,Small,Tier 2,Supermarket Type1,903.61
FDA34,11.5,Low Fat,0.014890695,Starchy Foods,174.108,OUT045,2002,,Tier 2,Supermarket Type1,1606.69
FDF26,6.825,Regular,0.046595951,Canned,153.0998,OUT013,1987,High,Tier 3,Supermarket Type1,1576.89
FDE38,6.52,Low Fat,0.044697626,Canned,166.5842,OUT045,2002,,Tier 2,Supermarket Type1,1577.63
DRI11,8.26,Low Fat,0.034404287,Hard Drinks,113.5834,OUT046,1997,Small,Tier 1,Supermarket Type1,1314.56
FDQ60,,Regular,0.108844791,Baking Goods,118.5098,OUT027,1985,Medium,Tier 3,Supermarket Type3,1380.34
FDL21,,Regular,0.007111808,Snack Foods,39.348,OUT027,1985,Medium,Tier 3,Supermarket Type3,1073.51
DRC12,,Low Fat,0.037643694,Soft Drinks,192.0188,OUT027,1985,Medium,Tier 3,Supermarket Type3,1922.72
FDC47,15,Low Fat,0.118890636,Snack Foods,227.9694,OUT046,1997,Small,Tier 1,Supermarket Type1,1661.83
FDE57,9.6,Low Fat,0.036358713,Fruits and Vegetables,140.0154,OUT045,2002,,Tier 2,Supermarket Type1,1281.56
FDT14,10.695,Regular,0.127986136,Dairy,120.344,OUT045,2002,,Tier 2,Supermarket Type1,1135.57
NCZ53,9.6,Low Fat,0.024477166,Health and Hygiene,189.6214,OUT046,1997,Small,Tier 1,Supermarket Type1,1609.09
FDE28,9.5,Regular,0.133086933,Frozen Foods,230.1668,OUT018,2009,Medium,Tier 3,Supermarket Type2,2010.64
FDR19,13.5,Regular,0.159690469,Fruits and Vegetables,144.2102,OUT035,2004,Small,Tier 2,Supermarket Type1,1288.93
NCF54,,Low Fat,0.082951105,Household,173.7422,OUT019,1985,Small,Tier 1,Grocery Store,1200.43
FDZ08,12.5,Regular,0.109992376,Fruits and Vegetables,81.1592,OUT046,1997,Small,Tier 1,Supermarket Type1,1103.88
NCJ05,18.7,Low Fat,0.046276017,Health and Hygiene,154.2682,OUT018,2009,Medium,Tier 3,Supermarket Type2,1482.73
FDF59,12.5,Low Fat,0.071244009,Starchy Foods,127.102,OUT046,1997,Small,Tier 1,Supermarket Type1,1064.44
NCO05,7.27,Low Fat,0.046550645,Health and Hygiene,100.4384,OUT035,2004,Small,Tier 2,Supermarket Type1,890.41
FDW24,6.8,Low Fat,0.037649797,Baking Goods,49.5034,OUT018,2009,Medium,Tier 3,Supermarket Type2,941.98
NCX42,6.36,Low Fat,0.00600295,Household,166.1526,OUT018,2009,Medium,Tier 3,Supermarket Type2,1645.96
NCA53,11.395,LF,0.009876591,Health and Hygiene,48.2034,OUT035,2004,Small,Tier 2,Supermarket Type1,775.99
FDI45,,Low Fat,0.065799906,Fruits and Vegetables,177.0054,OUT019,1985,Small,Tier 1,Grocery Store,1128.81
FDG46,8.63,Regular,0.032909657,Snack Foods,112.9518,OUT046,1997,Small,Tier 1,Supermarket Type1,1216.03
FDM20,10,Low Fat,0.064752101,Fruits and Vegetables,243.3144,OUT010,1998,,Tier 3,Grocery Store,1510.95
FDW11,12.6,Low Fat,0.081651205,Breads,61.6194,OUT010,1998,,Tier 3,Grocery Store,551.62
FDX08,12.85,Low Fat,0.022599777,Fruits and Vegetables,179.2318,OUT035,2004,Small,Tier 2,Supermarket Type1,1279.39
NCK17,11,Low Fat,0.03788768,Health and Hygiene,40.648,OUT035,2004,Small,Tier 2,Supermarket Type1,527.47
FDK32,16.25,Regular,0.049175079,Fruits and Vegetables,151.5682,OUT018,2009,Medium,Tier 3,Supermarket Type2,1491.12
NCA42,6.965,Low Fat,0.028543185,Household,159.4604,OUT035,2004,Small,Tier 2,Supermarket Type1,1235.1
DRI01,7.97,Low Fat,0.034446434,Soft Drinks,170.7422,OUT035,2004,Small,Tier 2,Supermarket Type1,1335.87
NCL55,12.15,LF,0,Others,254.004,OUT049,1999,Medium,Tier 1,Supermarket Type1,2101.07
DRE25,15.35,Low Fat,0.073581718,Soft Drinks,94.412,OUT018,2009,Medium,Tier 3,Supermarket Type2,1296.49
FDD14,20.7,Low Fat,0.170768961,Canned,183.5266,OUT017,2007,,Tier 2,Supermarket Type1,1563.6
FDB10,10,Low Fat,0.067208123,Snack Foods,235.559,OUT046,1997,Small,Tier 1,Supermarket Type1,1875.09
DRN11,7.85,Low Fat,0.162949459,Hard Drinks,145.0444,OUT035,2004,Small,Tier 2,Supermarket Type1,1263.04
FDP38,10.1,Low Fat,0.032232864,Canned,50.9008,OUT018,2009,Medium,Tier 3,Supermarket Type2,1205.64
NCA30,19,Low Fat,0.130065297,Household,188.6872,OUT017,2007,,Tier 2,Supermarket Type1,1363.72
FDT15,12.15,reg,0.042922946,Meat,184.695,OUT017,2007,,Tier 2,Supermarket Type1,1409.24
NCP55,14.65,Low Fat,0.011235608,Others,57.0614,OUT018,2009,Medium,Tier 3,Supermarket Type2,1000.28
FDF12,8.235,Low Fat,0.082412268,Baking Goods,148.5076,OUT035,2004,Small,Tier 2,Supermarket Type1,1141.27
FDM21,20.2,Low Fat,0.06462627,Snack Foods,256.2646,OUT018,2009,Medium,Tier 3,Supermarket Type2,2160.69
FDX56,17.1,Regular,0.07404547,Fruits and Vegetables,205.8638,OUT035,2004,Small,Tier 2,Supermarket Type1,1600.31
FDF10,15.5,Regular,0.157816029,Snack Foods,145.4418,OUT017,2007,,Tier 2,Supermarket Type1,1298.4
FDT32,19,Regular,0.065767041,Fruits and Vegetables,189.6214,OUT045,2002,,Tier 2,Supermarket Type1,1685.73
FDM51,11.8,Regular,0.026031835,Meat,101.2674,OUT018,2009,Medium,Tier 3,Supermarket Type2,1432.14
NCR50,20.2,Low Fat,0.011868237,Household,154.434,OUT018,2009,Medium,Tier 3,Supermarket Type2,1833.11
FDI19,15.1,Low Fat,0.052420442,Meat,242.4512,OUT049,1999,Medium,Tier 1,Supermarket Type1,2202
FDX21,7.05,Low Fat,0.085446623,Snack Foods,107.8912,OUT017,2007,,Tier 2,Supermarket Type1,881.85
FDR31,6.46,Regular,0.049153588,Fruits and Vegetables,145.3102,OUT035,2004,Small,Tier 2,Supermarket Type1,1073.19
FDY02,8.945,Regular,0.08757299,Dairy,261.191,OUT013,1987,High,Tier 3,Supermarket Type1,1920.35
NCA29,10.5,Low Fat,0,Household,170.6106,OUT045,2002,,Tier 2,Supermarket Type1,1438.86
NCX17,21.25,Low Fat,0.113603432,Health and Hygiene,231.73,OUT046,1997,Small,Tier 1,Supermarket Type1,1755.02
FDM12,16.7,Regular,0.070058787,Baking Goods,190.3214,OUT045,2002,,Tier 2,Supermarket Type1,1601.61
FDI53,,Regular,0.136978402,Frozen Foods,160.4236,OUT027,1985,Medium,Tier 3,Supermarket Type3,1794.55
NCU30,5.11,Low Fat,0,Household,164.121,OUT049,1999,Medium,Tier 1,Supermarket Type1,1643.44
FDC56,,Low Fat,0.120932251,Fruits and Vegetables,121.044,OUT027,1985,Medium,Tier 3,Supermarket Type3,1666.4
FDK27,11,Low Fat,0.00898298,Meat,123.0756,OUT018,2009,Medium,Tier 3,Supermarket Type2,1604.83
NCK18,9.6,Low Fat,0.00673599,Household,166.4184,OUT017,2007,,Tier 2,Supermarket Type1,1662.44
FDB52,,Low Fat,0.053288809,Dairy,257.5672,OUT019,1985,Small,Tier 1,Grocery Store,1348.16
DRG25,,Low Fat,0.018957442,Soft Drinks,188.324,OUT027,1985,Medium,Tier 3,Supermarket Type3,1875.22
FDZ13,7.84,reg,0.153733623,Canned,51.935,OUT049,1999,Medium,Tier 1,Supermarket Type1,728.16
FDB57,,Regular,0.032925311,Fruits and Vegetables,223.5772,OUT019,1985,Small,Tier 1,Grocery Store,1290.54
FDR40,9.1,Regular,0.008034387,Frozen Foods,82.5618,OUT046,1997,Small,Tier 1,Supermarket Type1,950.56
NCO14,,Low Fat,0.051902594,Household,44.7086,OUT019,1985,Small,Tier 1,Grocery Store,363.68
NCN19,13.1,Low Fat,0.012124086,Others,190.753,OUT045,2002,,Tier 2,Supermarket Type1,1673.93
FDQ28,,Regular,0.105799985,Frozen Foods,155.0656,OUT019,1985,Small,Tier 1,Grocery Store,996.14
FDO13,7.865,Low Fat,0.061308404,Breakfast,164.8526,OUT018,2009,Medium,Tier 3,Supermarket Type2,1734.57
FDK48,7.445,Low Fat,0,Baking Goods,77.2354,OUT013,1987,High,Tier 3,Supermarket Type1,1241.91
FDU07,11.1,Low Fat,0.060090767,Fruits and Vegetables,152.5366,OUT018,2009,Medium,Tier 3,Supermarket Type2,1764.57
FDW20,20.75,Low Fat,0,Fruits and Vegetables,123.373,OUT046,1997,Small,Tier 1,Supermarket Type1,1121.8
FDV12,16.7,Regular,0.101891731,Baking Goods,98.7384,OUT010,1998,,Tier 3,Grocery Store,463.26
FDH24,20.7,Low Fat,0.021413299,Baking Goods,158.2288,OUT013,1987,High,Tier 3,Supermarket Type1,1507.89
FDV59,13.35,Low Fat,0.048101713,Breads,216.0166,OUT049,1999,Medium,Tier 1,Supermarket Type1,1807.25
FDK57,10.195,Low Fat,0.080455726,Snack Foods,120.144,OUT045,2002,,Tier 2,Supermarket Type1,1135.75
FDL16,,Low Fat,0.16763712,Frozen Foods,45.506,OUT027,1985,Medium,Tier 3,Supermarket Type3,1109.91
NCQ17,10.3,Low Fat,0.116932555,Health and Hygiene,155.463,OUT046,1997,Small,Tier 1,Supermarket Type1,1341.91
FDJ15,11.35,Regular,0.023417483,Dairy,185.1608,OUT018,2009,Medium,Tier 3,Supermarket Type2,1873.76
FDX24,8.355,Low Fat,0,Baking Goods,93.5462,OUT049,1999,Medium,Tier 1,Supermarket Type1,1326.99
FDT47,5.26,Regular,0,Breads,96.3068,OUT046,1997,Small,Tier 1,Supermarket Type1,1197.51
FDT10,16.7,Regular,0.062140968,Snack Foods,60.8562,OUT049,1999,Medium,Tier 1,Supermarket Type1,1223.68
FDZ37,8.1,Regular,0.019849032,Canned,87.7198,OUT018,2009,Medium,Tier 3,Supermarket Type2,1065.29
FDW43,,Regular,0.022316641,Fruits and Vegetables,229.5036,OUT027,1985,Medium,Tier 3,Supermarket Type3,2110.68
DRN36,15.2,Low Fat,0.050461669,Soft Drinks,95.5752,OUT017,2007,,Tier 2,Supermarket Type1,994.65
FDJ14,10.3,Regular,0.05017202,Canned,80.596,OUT045,2002,,Tier 2,Supermarket Type1,915.22
FDA32,14,Low Fat,0.030069149,Fruits and Vegetables,217.4192,OUT013,1987,High,Tier 3,Supermarket Type1,1858.74
FDJ38,,Regular,0.070394702,Canned,190.053,OUT019,1985,Small,Tier 1,Grocery Store,1158.44
FDQ57,7.275,Low Fat,0,Snack Foods,146.776,OUT017,2007,,Tier 2,Supermarket Type1,1414.19
NCQ41,,Low Fat,0,Health and Hygiene,193.5794,OUT019,1985,Small,Tier 1,Grocery Store,1315.19
FDG56,13.3,Regular,0.071563651,Fruits and Vegetables,59.9536,OUT049,1999,Medium,Tier 1,Supermarket Type1,1118.44
DRC13,,Regular,0.032284472,Soft Drinks,123.973,OUT027,1985,Medium,Tier 3,Supermarket Type3,1817.3
FDV55,17.75,Low Fat,0.055063016,Fruits and Vegetables,144.5444,OUT035,2004,Small,Tier 2,Supermarket Type1,1092.69
FDQ49,20.2,Regular,0,Breakfast,157.363,OUT045,2002,,Tier 2,Supermarket Type1,1346.9
FDE29,8.905,Low Fat,0.239568811,Frozen Foods,60.4878,OUT010,1998,,Tier 3,Grocery Store,86.41
FDR03,15.7,Regular,0,Meat,205.798,OUT013,1987,High,Tier 3,Supermarket Type1,1765.79
FDD45,8.615,Low Fat,0,Fruits and Vegetables,92.9436,OUT049,1999,Medium,Tier 1,Supermarket Type1,1152.49
FDN38,6.615,Regular,0.153942031,Canned,249.7408,OUT010,1998,,Tier 3,Grocery Store,1299.33
FDT56,16,Regular,0.115592409,Fruits and Vegetables,58.1246,OUT046,1997,Small,Tier 1,Supermarket Type1,822.65
FDT48,4.92,low fat,0.046048229,Baking Goods,200.0084,OUT045,2002,,Tier 2,Supermarket Type1,1655.04
FDU03,18.7,Regular,0.091720302,Meat,180.8292,OUT049,1999,Medium,Tier 1,Supermarket Type1,1771.91
FDC56,7.72,LF,0.203400773,Fruits and Vegetables,118.944,OUT010,1998,,Tier 3,Grocery Store,691.17
NCO43,,Low Fat,0.046870135,Others,99.3016,OUT027,1985,Medium,Tier 3,Supermarket Type3,1674.48
FDQ27,5.19,Regular,0.044502932,Meat,101.699,OUT017,2007,,Tier 2,Supermarket Type1,864.62
FDR03,15.7,Regular,0.008735936,Meat,205.998,OUT046,1997,Small,Tier 1,Supermarket Type1,1551.03
DRH23,14.65,Low Fat,0.285077835,Hard Drinks,54.1614,OUT010,1998,,Tier 3,Grocery Store,56.87
FDG22,17.6,Regular,0.041465078,Snack Foods,38.119,OUT045,2002,,Tier 2,Supermarket Type1,715.54
NCJ42,19.75,Low Fat,0.014289425,Household,103.8332,OUT013,1987,High,Tier 3,Supermarket Type1,1263.47
FDR24,17.35,Regular,0.062851683,Baking Goods,90.583,OUT046,1997,Small,Tier 1,Supermarket Type1,1027.09
FDW60,5.44,Regular,0.017058723,Baking Goods,176.037,OUT035,2004,Small,Tier 2,Supermarket Type1,1441.93
FDJ08,11.1,Low Fat,0.110580006,Fruits and Vegetables,190.0846,OUT013,1987,High,Tier 3,Supermarket Type1,1701.64
DRL59,16.75,Low Fat,0.021310584,Hard Drinks,52.2298,OUT018,2009,Medium,Tier 3,Supermarket Type2,1200.33
FDG60,20.35,Low Fat,0.101598896,Baking Goods,232.7616,OUT010,1998,,Tier 3,Grocery Store,1503.2
FDW27,5.86,Regular,0,Meat,155.9314,OUT017,2007,,Tier 2,Supermarket Type1,1577.64
FDX14,13.1,Low Fat,0.075245304,Dairy,77.1354,OUT018,2009,Medium,Tier 3,Supermarket Type2,973.22
FDC20,10.65,Low Fat,0.023951515,Fruits and Vegetables,56.0272,OUT013,1987,High,Tier 3,Supermarket Type1,823.14
NCS29,9,Low Fat,0.069828759,Health and Hygiene,263.6884,OUT018,2009,Medium,Tier 3,Supermarket Type2,2049.44
FDJ56,8.985,Low Fat,0.183403018,Fruits and Vegetables,100.47,OUT046,1997,Small,Tier 1,Supermarket Type1,846.42
FDB20,,Low Fat,0.091011438,Fruits and Vegetables,77.0986,OUT019,1985,Small,Tier 1,Grocery Store,462.63
FDL28,,Regular,0.062868628,Frozen Foods,228.6668,OUT027,1985,Medium,Tier 3,Supermarket Type3,2198.59
FDW01,14.5,Low Fat,0.064321473,Canned,151.7682,OUT018,2009,Medium,Tier 3,Supermarket Type2,1625.34
FDL03,19.25,Regular,0.027080602,Meat,197.611,OUT046,1997,Small,Tier 1,Supermarket Type1,1741.24
FDX22,6.785,Regular,0.023010532,Snack Foods,209.1928,OUT049,1999,Medium,Tier 1,Supermarket Type1,1918.35
FDJ21,16.7,Regular,0.038520943,Snack Foods,144.6102,OUT035,2004,Small,Tier 2,Supermarket Type1,1445.59
FDR31,6.46,Regular,0.049262588,Fruits and Vegetables,147.6102,OUT045,2002,,Tier 2,Supermarket Type1,1497.74
FDG21,17.35,Regular,0.146272238,Seafood,151.505,OUT035,2004,Small,Tier 2,Supermarket Type1,1064.08
FDS22,,Regular,0.023042273,Snack Foods,42.6428,OUT027,1985,Medium,Tier 3,Supermarket Type3,1069.3
FDK08,9.195,Regular,0.122281599,Fruits and Vegetables,99.4016,OUT035,2004,Small,Tier 2,Supermarket Type1,816.02
FDE17,20.1,Regular,0.054677324,Frozen Foods,151.7366,OUT018,2009,Medium,Tier 3,Supermarket Type2,1568.04
NCN30,16.35,Low Fat,0.017089325,Household,95.841,OUT017,2007,,Tier 2,Supermarket Type1,1095.2
FDT50,6.75,Regular,0.108238986,Dairy,97.2752,OUT046,1997,Small,Tier 1,Supermarket Type1,960.85
NCX42,6.36,Low Fat,0.005987891,Household,163.6526,OUT049,1999,Medium,Tier 1,Supermarket Type1,1612.22
FDJ12,8.895,Regular,0.039033732,Baking Goods,207.8296,OUT035,2004,Small,Tier 2,Supermarket Type1,1670.2
NCA18,,Low Fat,0.055806016,Household,117.4492,OUT027,1985,Medium,Tier 3,Supermarket Type3,1710.25
FDP23,,Low Fat,0.062307997,Breads,217.4166,OUT019,1985,Small,Tier 1,Grocery Store,1451.21
FDX12,18.2,reg,0,Baking Goods,241.4196,OUT013,1987,High,Tier 3,Supermarket Type1,2256.21
FDN40,5.88,Low Fat,0.086808977,Frozen Foods,152.7998,OUT018,2009,Medium,Tier 3,Supermarket Type2,1340.43
FDV48,9.195,Regular,0.051607098,Baking Goods,77.8644,OUT035,2004,Small,Tier 2,Supermarket Type1,730.17
NCY54,8.43,Low Fat,0.177546973,Household,171.9422,OUT013,1987,High,Tier 3,Supermarket Type1,1355.9
FDL16,12.85,Low Fat,0.281955554,Frozen Foods,46.006,OUT010,1998,,Tier 3,Grocery Store,57.22
FDR45,10.8,Low Fat,0.029061192,Snack Foods,240.0222,OUT018,2009,Medium,Tier 3,Supermarket Type2,2054.57
FDJ52,7.145,Low Fat,0.017786864,Frozen Foods,161.0578,OUT046,1997,Small,Tier 1,Supermarket Type1,1401.82
DRG01,14.8,Low Fat,0.04513213,Soft Drinks,77.167,OUT017,2007,,Tier 2,Supermarket Type1,1036.4
FDP52,18.7,Regular,0.070632902,Frozen Foods,231.201,OUT013,1987,High,Tier 3,Supermarket Type1,2034.94
FDU58,6.61,Regular,0.029175827,Snack Foods,186.5898,OUT017,2007,,Tier 2,Supermarket Type1,1669.26
FDL02,20,Regular,0.10429446,Canned,105.5622,OUT045,2002,,Tier 2,Supermarket Type1,1286.73
FDG28,9.285,Regular,0.049239282,Frozen Foods,244.1144,OUT013,1987,High,Tier 3,Supermarket Type1,2170.31
FDA19,7.52,Low Fat,0.055117075,Fruits and Vegetables,128.7994,OUT035,2004,Small,Tier 2,Supermarket Type1,964.43
FDW46,,Regular,0.069961219,Snack Foods,66.4484,OUT027,1985,Medium,Tier 3,Supermarket Type3,1170
NCD43,8.85,Low Fat,0.016044864,Household,103.1964,OUT049,1999,Medium,Tier 1,Supermarket Type1,1152.09
DRG39,14.15,Low Fat,0.042145893,Dairy,51.7982,OUT013,1987,High,Tier 3,Supermarket Type1,900.01
NCF55,6.675,Low Fat,0.021700021,Household,35.5874,OUT049,1999,Medium,Tier 1,Supermarket Type1,833.93
FDJ07,7.26,LF,0.014423523,Meat,118.015,OUT046,1997,Small,Tier 1,Supermarket Type1,1174.92
FDE08,18.2,LF,0.049319685,Fruits and Vegetables,150.0734,OUT046,1997,Small,Tier 1,Supermarket Type1,1433.42
FDP56,,Low Fat,0.081387725,Fruits and Vegetables,49.6692,OUT019,1985,Small,Tier 1,Grocery Store,449.43
FDT45,15.85,Low Fat,0.057429676,Snack Foods,53.2956,OUT045,2002,,Tier 2,Supermarket Type1,981.39
FDF17,5.19,Low Fat,0.042794507,Frozen Foods,195.011,OUT018,2009,Medium,Tier 3,Supermarket Type2,1946.38
FDX44,9.3,Low Fat,0.042966544,Fruits and Vegetables,87.7172,OUT046,1997,Small,Tier 1,Supermarket Type1,780.87
FDM28,,Low Fat,0.044984953,Frozen Foods,179.866,OUT027,1985,Medium,Tier 3,Supermarket Type3,1785.28
FDI36,12.5,Regular,0.062440359,Baking Goods,197.9426,OUT049,1999,Medium,Tier 1,Supermarket Type1,1625.99
FDS07,12.35,Low Fat,0.099960144,Fruits and Vegetables,115.2518,OUT045,2002,,Tier 2,Supermarket Type1,1043.37
FDD36,13.3,Low Fat,0.021316704,Baking Goods,117.7124,OUT045,2002,,Tier 2,Supermarket Type1,1171.33
FDW11,12.6,Low Fat,0.048782082,Breads,60.5194,OUT046,1997,Small,Tier 1,Supermarket Type1,834.15
FDN40,5.88,Low Fat,0.086591206,Frozen Foods,154.4998,OUT049,1999,Medium,Tier 1,Supermarket Type1,1466.98
NCQ18,15.75,Low Fat,0.135282803,Household,97.87,OUT049,1999,Medium,Tier 1,Supermarket Type1,1217.78
NCQ54,17.7,Low Fat,0.01261332,Household,166.5474,OUT017,2007,,Tier 2,Supermarket Type1,1626.56
NCS42,8.6,Low Fat,0.069557245,Household,91.5146,OUT045,2002,,Tier 2,Supermarket Type1,1135.93
DRH39,20.7,Low Fat,0.1551444,Dairy,75.867,OUT010,1998,,Tier 3,Grocery Store,624.54
FDC09,,Regular,0.026174636,Fruits and Vegetables,103.7332,OUT027,1985,Medium,Tier 3,Supermarket Type3,1352.48
FDT08,13.65,Low Fat,0.082381676,Fruits and Vegetables,150.805,OUT010,1998,,Tier 3,Grocery Store,725.83
FDC08,19,Regular,0,Fruits and Vegetables,225.272,OUT035,2004,Small,Tier 2,Supermarket Type1,1674
FDT20,10.5,Low Fat,0.041629595,Fruits and Vegetables,37.3164,OUT017,2007,,Tier 2,Supermarket Type1,660.27
FDS35,9.3,Low Fat,0.111199491,Breads,64.0826,OUT035,2004,Small,Tier 2,Supermarket Type1,693.47
FDX58,13.15,Low Fat,0.043941955,Snack Foods,182.295,OUT018,2009,Medium,Tier 3,Supermarket Type2,1758.12
FDW58,20.75,Low Fat,0,Snack Foods,105.9622,OUT046,1997,Small,Tier 1,Supermarket Type1,1228.04
DRD27,18.75,Low Fat,0,Dairy,99.3042,OUT046,1997,Small,Tier 1,Supermarket Type1,1214.42
FDH32,,Low Fat,0.133171307,Fruits and Vegetables,97.641,OUT019,1985,Small,Tier 1,Grocery Store,678.67
FDS26,20.35,Low Fat,0.089452302,Dairy,262.7594,OUT035,2004,Small,Tier 2,Supermarket Type1,2068.12
FDQ31,5.785,Regular,0.053847216,Fruits and Vegetables,86.8856,OUT046,1997,Small,Tier 1,Supermarket Type1,1117.9
FDP11,15.85,Low Fat,0.069382034,Breads,219.6166,OUT018,2009,Medium,Tier 3,Supermarket Type2,1780.4
FDD58,7.76,Low Fat,0.059687962,Snack Foods,99.47,OUT017,2007,,Tier 2,Supermarket Type1,898.69
FDM33,15.6,Low Fat,0.08789759,Snack Foods,218.3798,OUT045,2002,,Tier 2,Supermarket Type1,1619.18
FDZ16,16.85,Regular,0.160104378,Frozen Foods,195.7478,OUT049,1999,Medium,Tier 1,Supermarket Type1,1605.47
NCS29,9,LF,0.116404843,Health and Hygiene,264.6884,OUT010,1998,,Tier 3,Grocery Store,1406.02
NCM18,,Low Fat,0.145045421,Household,60.0194,OUT019,1985,Small,Tier 1,Grocery Store,356.07
FDP11,15.85,Low Fat,0.069207981,Breads,219.5166,OUT049,1999,Medium,Tier 1,Supermarket Type1,1922
NCC42,15,Low Fat,0.045162424,Health and Hygiene,141.3838,OUT017,2007,,Tier 2,Supermarket Type1,1414.96
DRM23,16.6,Low Fat,0.135733218,Hard Drinks,172.7422,OUT046,1997,Small,Tier 1,Supermarket Type1,1524.12
NCN55,,Low Fat,0.059202419,Others,239.3538,OUT027,1985,Medium,Tier 3,Supermarket Type3,2407.66
FDK46,9.6,Low Fat,0.051424565,Snack Foods,258.162,OUT013,1987,High,Tier 3,Supermarket Type1,2234.81
FDR01,5.405,Regular,0.053621283,Canned,198.7742,OUT046,1997,Small,Tier 1,Supermarket Type1,1372.83
NCA05,20.75,Low Fat,0.025181597,Health and Hygiene,150.2734,OUT045,2002,,Tier 2,Supermarket Type1,1306.09
NCP43,17.75,Low Fat,0.03067961,Others,178.066,OUT017,2007,,Tier 2,Supermarket Type1,1470
FDR12,12.6,Regular,0.052782711,Baking Goods,170.3764,OUT010,1998,,Tier 3,Grocery Store,938.77
FDQ01,19.7,Regular,0.16056791,Canned,256.4014,OUT013,1987,High,Tier 3,Supermarket Type1,1981.6
FDM13,6.425,Low Fat,0.063175326,Breakfast,131.2626,OUT046,1997,Small,Tier 1,Supermarket Type1,1185.06
FDQ19,7.35,Regular,0.014446383,Fruits and Vegetables,242.9512,OUT017,2007,,Tier 2,Supermarket Type1,1916.68
FDK56,,Low Fat,0.227609738,Fruits and Vegetables,186.0898,OUT019,1985,Small,Tier 1,Grocery Store,1055.15
NCX06,17.6,LF,0.026256897,Household,182.6976,OUT010,1998,,Tier 3,Grocery Store,1250.41
FDO56,,Regular,0.044764726,Fruits and Vegetables,118.8808,OUT027,1985,Medium,Tier 3,Supermarket Type3,1764.06
FDU45,15.6,Regular,0.035578149,Snack Foods,112.6518,OUT045,2002,,Tier 2,Supermarket Type1,1386.76
FDI16,,Regular,0.237725726,Frozen Foods,54.964,OUT019,1985,Small,Tier 1,Grocery Store,71.85
FDL32,15.7,Regular,0.122466933,Fruits and Vegetables,113.0544,OUT046,1997,Small,Tier 1,Supermarket Type1,954.48
FDA07,7.55,Regular,0.030944625,Fruits and Vegetables,123.5072,OUT046,1997,Small,Tier 1,Supermarket Type1,1074.29
FDA14,16.1,Low Fat,0.065315421,Dairy,147.176,OUT045,2002,,Tier 2,Supermarket Type1,1300.38
FDV46,,Low Fat,0.012546822,Snack Foods,139.918,OUT027,1985,Medium,Tier 3,Supermarket Type3,1729.76
NCO07,9.06,Low Fat,0.009774419,Others,212.856,OUT035,2004,Small,Tier 2,Supermarket Type1,1656.33
NCP41,16.6,Low Fat,0.016210706,Health and Hygiene,105.8596,OUT046,1997,Small,Tier 1,Supermarket Type1,1201.84
FDY60,10.5,Regular,0.026478367,Baking Goods,141.9128,OUT018,2009,Medium,Tier 3,Supermarket Type2,1625.19
FDN38,6.615,reg,0.092492086,Canned,251.0408,OUT017,2007,,Tier 2,Supermarket Type1,1965.79
FDO15,16.75,Regular,0.008566545,Meat,74.9038,OUT046,1997,Small,Tier 1,Supermarket Type1,1150.51
FDT60,12,Low Fat,0.075485441,Baking Goods,122.3388,OUT013,1987,High,Tier 3,Supermarket Type1,1494.93
FDA55,17.2,Regular,0.056978251,Fruits and Vegetables,224.4088,OUT035,2004,Small,Tier 2,Supermarket Type1,1555.37
FDE02,8.71,Low Fat,0.202948268,Canned,94.7778,OUT010,1998,,Tier 3,Grocery Store,298.59
DRJ39,20.25,Low Fat,0.036382541,Dairy,221.0482,OUT049,1999,Medium,Tier 1,Supermarket Type1,1860.77
FDV34,10.695,Regular,0.011423298,Snack Foods,74.6038,OUT035,2004,Small,Tier 2,Supermarket Type1,837.9
FDS20,,LF,0.05360606,Fruits and Vegetables,184.3292,OUT027,1985,Medium,Tier 3,Supermarket Type3,1943.07
FDF02,,Low Fat,0.102972092,Canned,102.899,OUT027,1985,Medium,Tier 3,Supermarket Type3,1487.77
FDW40,14,Regular,0.105740196,Frozen Foods,143.3812,OUT017,2007,,Tier 2,Supermarket Type1,1345.43
NCB43,20.2,Low Fat,0.099912316,Household,186.8898,OUT046,1997,Small,Tier 1,Supermarket Type1,1640.37
FDR58,6.675,Low Fat,0.042158587,Snack Foods,90.8462,OUT017,2007,,Tier 2,Supermarket Type1,1136.44
DRJ59,11.65,Low Fat,0.01936859,Hard Drinks,40.0164,OUT035,2004,Small,Tier 2,Supermarket Type1,869.21
NCD30,19.7,Low Fat,0.027001133,Household,98.9726,OUT017,2007,,Tier 2,Supermarket Type1,958.95
FDE14,13.65,Regular,0.031623019,Canned,97.87,OUT017,2007,,Tier 2,Supermarket Type1,943.37
FDC28,7.905,Low Fat,0.055210913,Frozen Foods,108.0254,OUT018,2009,Medium,Tier 3,Supermarket Type2,1184.78
FDU16,19.25,Regular,0.058512492,Frozen Foods,84.2908,OUT018,2009,Medium,Tier 3,Supermarket Type2,1167.69
NCD19,8.93,Low Fat,0.013176896,Household,55.9614,OUT035,2004,Small,Tier 2,Supermarket Type1,727.44
FDU21,11.8,Regular,0.076720455,Snack Foods,35.8558,OUT046,1997,Small,Tier 1,Supermarket Type1,666.76
FDV59,,Low Fat,0.04779447,Breads,217.3166,OUT027,1985,Medium,Tier 3,Supermarket Type3,2172.73
FDU03,18.7,Regular,0,Meat,182.1292,OUT045,2002,,Tier 2,Supermarket Type1,1692.61
FDC33,8.96,Regular,0,Fruits and Vegetables,198.5768,OUT010,1998,,Tier 3,Grocery Store,1281.89
NCR42,9.105,Low Fat,0.038474607,Household,34.89,OUT035,2004,Small,Tier 2,Supermarket Type1,775
DRH59,10.8,Low Fat,0.058422401,Hard Drinks,75.238,OUT035,2004,Small,Tier 2,Supermarket Type1,1027.83
NCM31,6.095,low fat,0,Others,142.5154,OUT035,2004,Small,Tier 2,Supermarket Type1,1053.5
FDS50,17,Low Fat,0.055422895,Dairy,222.3114,OUT035,2004,Small,Tier 2,Supermarket Type1,1555.83
FDP39,12.65,Low Fat,0.069424963,Meat,52.4324,OUT046,1997,Small,Tier 1,Supermarket Type1,665.45
FDQ55,13.65,Regular,0.013027225,Fruits and Vegetables,116.7834,OUT013,1987,High,Tier 3,Supermarket Type1,1254.13
FDV36,,Low Fat,0.046051414,Baking Goods,124.602,OUT019,1985,Small,Tier 1,Grocery Store,756.36
FDI05,,Regular,0.126255345,Frozen Foods,76.8354,OUT027,1985,Medium,Tier 3,Supermarket Type3,1298.46
FDS45,,Regular,0.029353119,Snack Foods,107.2622,OUT027,1985,Medium,Tier 3,Supermarket Type3,1590.02
FDA39,6.32,Low Fat,0.012743738,Meat,38.6822,OUT045,2002,,Tier 2,Supermarket Type1,811.52
FDC37,15.5,Low Fat,0.055023254,Baking Goods,108.2938,OUT010,1998,,Tier 3,Grocery Store,787.59
FDJ60,,Regular,0.062225629,Baking Goods,166.4184,OUT027,1985,Medium,Tier 3,Supermarket Type3,1996.8
DRQ35,9.3,Low Fat,0.042291451,Hard Drinks,122.7388,OUT046,1997,Small,Tier 1,Supermarket Type1,1349.1
NCJ06,20.1,Low Fat,0.034652619,Household,119.9782,OUT046,1997,Small,Tier 1,Supermarket Type1,1052.39
NCY42,6.38,Low Fat,0.015224339,Household,144.647,OUT018,2009,Medium,Tier 3,Supermarket Type2,1386.52
DRM37,15.35,Low Fat,0,Soft Drinks,196.3768,OUT049,1999,Medium,Tier 1,Supermarket Type1,1704.52
FDR14,11.65,Low Fat,0.174402008,Dairy,51.9298,OUT045,2002,,Tier 2,Supermarket Type1,634.2
FDE51,5.925,Regular,0.096617312,Dairy,44.1086,OUT049,1999,Medium,Tier 1,Supermarket Type1,788.12
FDT33,7.81,Regular,0.034182922,Snack Foods,166.6158,OUT017,2007,,Tier 2,Supermarket Type1,1438.29
FDR08,18.7,Low Fat,0.037591645,Fruits and Vegetables,112.6886,OUT013,1987,High,Tier 3,Supermarket Type1,1361.85
FDE36,5.26,Regular,0.06991841,Baking Goods,162.9868,OUT010,1998,,Tier 3,Grocery Store,972.32
FDL22,,Low Fat,0.063714498,Snack Foods,90.2488,OUT019,1985,Small,Tier 1,Grocery Store,705.53
FDR44,6.11,Regular,0.102835238,Fruits and Vegetables,131.5968,OUT013,1987,High,Tier 3,Supermarket Type1,1430
FDI56,,Low Fat,0.163505748,Fruits and Vegetables,89.5146,OUT019,1985,Small,Tier 1,Grocery Store,685.68
FDE47,14.15,Low Fat,0.063451474,Starchy Foods,126.5046,OUT010,1998,,Tier 3,Grocery Store,586.72
FDV27,7.97,Regular,0.066935112,Meat,89.4514,OUT010,1998,,Tier 3,Grocery Store,373.53
FDV10,7.645,Regular,0.066809761,Snack Foods,41.7112,OUT049,1999,Medium,Tier 1,Supermarket Type1,745.8
FDC40,16,Regular,0.06519584,Dairy,78.3986,OUT045,2002,,Tier 2,Supermarket Type1,914.52
NCX41,19,Low Fat,0.017704532,Health and Hygiene,210.8244,OUT013,1987,High,Tier 3,Supermarket Type1,1853.6
NCQ38,,Low Fat,0.013301702,Others,105.028,OUT027,1985,Medium,Tier 3,Supermarket Type3,1567.18
FDV12,,Regular,0.06057989,Baking Goods,100.5384,OUT027,1985,Medium,Tier 3,Supermarket Type3,1536.94
FDE52,10.395,Regular,0.03005585,Dairy,88.1514,OUT017,2007,,Tier 2,Supermarket Type1,1108.55
FDG20,,Regular,0.125079268,Fruits and Vegetables,176.9028,OUT027,1985,Medium,Tier 3,Supermarket Type3,1972.89
FDV16,,Regular,0.082529103,Frozen Foods,34.1558,OUT027,1985,Medium,Tier 3,Supermarket Type3,1263.08
FDI32,17.7,Low Fat,0.175359775,Fruits and Vegetables,114.3834,OUT017,2007,,Tier 2,Supermarket Type1,1284.18
FDJ32,10.695,Low Fat,0,Fruits and Vegetables,61.7536,OUT049,1999,Medium,Tier 1,Supermarket Type1,869.51
FDN39,19.35,Regular,0.065787291,Meat,169.7816,OUT018,2009,Medium,Tier 3,Supermarket Type2,1582.04
FDY34,10.5,Regular,0.011043976,Snack Foods,167.2842,OUT017,2007,,Tier 2,Supermarket Type1,1382.62
FDC14,14.5,Regular,0.041241272,Canned,41.2454,OUT035,2004,Small,Tier 2,Supermarket Type1,647.23
FDA55,17.2,Regular,0.057311381,Fruits and Vegetables,224.8088,OUT017,2007,,Tier 2,Supermarket Type1,1778.27
FDZ50,12.8,Regular,0.132357566,Dairy,181.9608,OUT010,1998,,Tier 3,Grocery Store,1011.26
DRG13,17.25,Low Fat,0.037243966,Soft Drinks,165.2526,OUT049,1999,Medium,Tier 1,Supermarket Type1,1673.12
FDP01,20.75,Regular,0.06327325,Breakfast,153.1682,OUT013,1987,High,Tier 3,Supermarket Type1,1624.73
NCG54,12.1,Low Fat,0.080257683,Household,172.7106,OUT017,2007,,Tier 2,Supermarket Type1,1583.38
FDM13,6.425,Low Fat,0.063303448,Breakfast,132.0626,OUT045,2002,,Tier 2,Supermarket Type1,1372.35
NCO18,,Low Fat,0.024531894,Household,178.7686,OUT027,1985,Medium,Tier 3,Supermarket Type3,2153.65
NCW41,18,Low Fat,0.015437518,Health and Hygiene,156.4604,OUT013,1987,High,Tier 3,Supermarket Type1,1413.64
FDM52,,Low Fat,0.025867549,Frozen Foods,148.1076,OUT027,1985,Medium,Tier 3,Supermarket Type3,1656.81
NCF55,6.675,Low Fat,0.021662238,Household,34.9874,OUT035,2004,Small,Tier 2,Supermarket Type1,544.66
FDT09,15.15,Regular,0.0122633,Snack Foods,131.4284,OUT046,1997,Small,Tier 1,Supermarket Type1,1229.87
NCM19,12.65,Low Fat,0.047228313,Others,110.7202,OUT035,2004,Small,Tier 2,Supermarket Type1,1054.01
FDW12,8.315,Regular,0,Baking Goods,146.9444,OUT018,2009,Medium,Tier 3,Supermarket Type2,1592.4
FDP15,,Low Fat,0.146972598,Meat,256.333,OUT019,1985,Small,Tier 1,Grocery Store,1488.06
FDK36,7.09,Low Fat,0.007229947,Baking Goods,48.3034,OUT045,2002,,Tier 2,Supermarket Type1,898.79
FDZ25,15.7,Regular,0.027611824,Canned,171.779,OUT035,2004,Small,Tier 2,Supermarket Type1,1576.83
NCW06,16.2,Low Fat,0.050418702,Household,193.4162,OUT049,1999,Medium,Tier 1,Supermarket Type1,1925.81
FDW60,5.44,Regular,0.017061949,Baking Goods,178.437,OUT046,1997,Small,Tier 1,Supermarket Type1,1274.13
DRC49,8.67,Low Fat,0.065382126,Soft Drinks,145.2128,OUT013,1987,High,Tier 3,Supermarket Type1,1247.52
NCT17,10.8,Low Fat,0.041857932,Health and Hygiene,189.6214,OUT035,2004,Small,Tier 2,Supermarket Type1,1374.85
NCN06,8.39,Low Fat,0.120988121,Household,164.7868,OUT018,2009,Medium,Tier 3,Supermarket Type2,1477.17
FDC45,17,Low Fat,0.135620265,Fruits and Vegetables,170.8106,OUT013,1987,High,Tier 3,Supermarket Type1,1494.4
DRJ47,,Low Fat,0.07747657,Hard Drinks,171.408,OUT019,1985,Small,Tier 1,Grocery Store,1015.52
NCF06,6.235,Low Fat,0.020239317,Household,258.5962,OUT045,2002,,Tier 2,Supermarket Type1,1969.71
FDE21,12.8,Low Fat,0.038404703,Fruits and Vegetables,117.1492,OUT010,1998,,Tier 3,Grocery Store,788.36
DRG27,8.895,Low Fat,0.105023222,Dairy,40.6138,OUT013,1987,High,Tier 3,Supermarket Type1,897.12
FDW40,14,Regular,0.105308924,Frozen Foods,141.6812,OUT049,1999,Medium,Tier 1,Supermarket Type1,1545.47
NCO53,16.2,Low Fat,0.175184487,Health and Hygiene,184.9608,OUT046,1997,Small,Tier 1,Supermarket Type1,1613.02
FDE23,17.6,Regular,0.053263687,Starchy Foods,44.606,OUT049,1999,Medium,Tier 1,Supermarket Type1,756.6
FDQ16,19.7,Low Fat,0.041738399,Frozen Foods,108.6912,OUT046,1997,Small,Tier 1,Supermarket Type1,1011.14
FDS26,20.35,Low Fat,0.089650666,Dairy,259.8594,OUT045,2002,,Tier 2,Supermarket Type1,1870.99
FDZ13,7.84,Regular,0.256919126,Canned,48.035,OUT010,1998,,Tier 3,Grocery Store,50
FDS14,7.285,Low Fat,0.050041563,Dairy,156.3288,OUT049,1999,Medium,Tier 1,Supermarket Type1,1449.77
FDC10,9.8,Regular,0.073025471,Snack Foods,119.0098,OUT045,2002,,Tier 2,Supermarket Type1,1148.43
FDY16,18.35,Regular,0,Frozen Foods,185.0266,OUT049,1999,Medium,Tier 1,Supermarket Type1,1804.1
FDJ20,20.7,Regular,0.100155997,Fruits and Vegetables,125.7388,OUT035,2004,Small,Tier 2,Supermarket Type1,1231.32
FDV43,16,Low Fat,0.076841095,Fruits and Vegetables,42.6086,OUT035,2004,Small,Tier 2,Supermarket Type1,799.19
FDZ32,,Regular,0.037948091,Fruits and Vegetables,105.9964,OUT027,1985,Medium,Tier 3,Supermarket Type3,1685.33
FDR23,15.85,Low Fat,0.081787519,Breads,174.937,OUT046,1997,Small,Tier 1,Supermarket Type1,1645.49
FDN24,14.1,Low Fat,0.113246012,Baking Goods,52.7956,OUT035,2004,Small,Tier 2,Supermarket Type1,519.15
FDE34,,Low Fat,0.107368929,Snack Foods,183.0634,OUT027,1985,Medium,Tier 3,Supermarket Type3,1756.72
FDU31,10.5,Regular,0.024970259,Fruits and Vegetables,218.1508,OUT013,1987,High,Tier 3,Supermarket Type1,1746.86
FDW33,9.395,Low Fat,0.099524363,Snack Foods,107.328,OUT018,2009,Medium,Tier 3,Supermarket Type2,1199.5
FDU26,16.7,Regular,0.042618956,Dairy,117.3782,OUT046,1997,Small,Tier 1,Supermarket Type1,1154.12
FDE20,,Regular,0.005503734,Fruits and Vegetables,169.779,OUT027,1985,Medium,Tier 3,Supermarket Type3,1923.33
NCW05,20.25,Low Fat,0.148044603,Health and Hygiene,105.9938,OUT035,2004,Small,Tier 2,Supermarket Type1,1045.48
FDB22,8.02,Low Fat,0,Snack Foods,151.7998,OUT018,2009,Medium,Tier 3,Supermarket Type2,1672.04
FDO56,10.195,Regular,0.044982556,Fruits and Vegetables,116.1808,OUT046,1997,Small,Tier 1,Supermarket Type1,1247.88
FDA19,,Low Fat,0.054860542,Fruits and Vegetables,129.7994,OUT027,1985,Medium,Tier 3,Supermarket Type3,1807.02
DRI39,13.8,Low Fat,0.097258937,Dairy,55.993,OUT045,2002,,Tier 2,Supermarket Type1,999.03
FDH52,9.42,Regular,0.044081944,Frozen Foods,60.1194,OUT018,2009,Medium,Tier 3,Supermarket Type2,884.92
FDZ50,12.8,Regular,0.079061378,Dairy,182.8608,OUT035,2004,Small,Tier 2,Supermarket Type1,1299.18
NCN42,20.25,Low Fat,0.014219927,Household,147.4418,OUT035,2004,Small,Tier 2,Supermarket Type1,1251.88
FDB53,13.35,Low Fat,0.139336364,Frozen Foods,148.5392,OUT013,1987,High,Tier 3,Supermarket Type1,1324.01
DRG11,6.385,Low Fat,0.084312514,Hard Drinks,109.1596,OUT017,2007,,Tier 2,Supermarket Type1,1035.19
DRK11,,low fat,0.010712295,Hard Drinks,148.9392,OUT027,1985,Medium,Tier 3,Supermarket Type3,1810.02
FDQ60,6.195,Regular,0.109993108,Baking Goods,122.3098,OUT017,2007,,Tier 2,Supermarket Type1,1157.08
FDT36,12.3,Low Fat,0.111904005,Baking Goods,33.9874,OUT017,2007,,Tier 2,Supermarket Type1,749.32
DRG25,10.5,Low Fat,0.019127291,Soft Drinks,185.424,OUT018,2009,Medium,Tier 3,Supermarket Type2,1900.12
DRJ23,18.35,Low Fat,0.041668881,Hard Drinks,190.4872,OUT046,1997,Small,Tier 1,Supermarket Type1,1759.63
FDG05,11,Regular,0.08783053,Frozen Foods,158.263,OUT035,2004,Small,Tier 2,Supermarket Type1,1476.4
NCK06,5.03,Low Fat,0.008681751,Household,121.1756,OUT018,2009,Medium,Tier 3,Supermarket Type2,1227.86
FDU52,7.56,Low Fat,0.064131575,Frozen Foods,154.563,OUT017,2007,,Tier 2,Supermarket Type1,1206.3
FDW07,18,Regular,0.1432701,Fruits and Vegetables,88.0514,OUT018,2009,Medium,Tier 3,Supermarket Type2,1089.34
NCM17,7.93,Low Fat,0.071280135,Health and Hygiene,44.8086,OUT045,2002,,Tier 2,Supermarket Type1,672.81
FDA22,7.435,Low Fat,0.084623634,Starchy Foods,168.6158,OUT045,2002,,Tier 2,Supermarket Type1,1375.27
NCA41,16.75,Low Fat,0.032719454,Health and Hygiene,194.2162,OUT018,2009,Medium,Tier 3,Supermarket Type2,1874.99
FDF38,11.8,Regular,0.026353021,Canned,41.6138,OUT035,2004,Small,Tier 2,Supermarket Type1,753.76
FDH52,9.42,Regular,0.043903102,Frozen Foods,62.1194,OUT046,1997,Small,Tier 1,Supermarket Type1,921.08
FDY58,,low fat,0.069892283,Snack Foods,226.3694,OUT019,1985,Small,Tier 1,Grocery Store,1459.63
FDZ16,16.85,Regular,0.160180036,Frozen Foods,195.5478,OUT045,2002,,Tier 2,Supermarket Type1,1706.3
NCM18,13,Low Fat,0.083310458,Household,61.7194,OUT017,2007,,Tier 2,Supermarket Type1,1049.48
FDA22,7.435,Low Fat,0.084796386,Starchy Foods,166.7158,OUT018,2009,Medium,Tier 3,Supermarket Type2,1432.67
NCJ43,6.635,Low Fat,0.027064283,Household,176.3396,OUT035,2004,Small,Tier 2,Supermarket Type1,1278.95
FDI34,,Regular,0.084723678,Snack Foods,230.6668,OUT027,1985,Medium,Tier 3,Supermarket Type3,2093.92
FDG56,13.3,Regular,0.071452562,Fruits and Vegetables,61.0536,OUT046,1997,Small,Tier 1,Supermarket Type1,775.59
FDS34,19.35,Regular,0.076759076,Snack Foods,115.6518,OUT046,1997,Small,Tier 1,Supermarket Type1,1150.45
DRC01,5.92,Regular,0.019196373,Soft Drinks,50.3692,OUT035,2004,Small,Tier 2,Supermarket Type1,736.19
FDQ04,6.4,Low Fat,0.08473758,Frozen Foods,39.3796,OUT035,2004,Small,Tier 2,Supermarket Type1,657.12
FDK04,7.36,Low Fat,0.052302143,Frozen Foods,57.9588,OUT035,2004,Small,Tier 2,Supermarket Type1,832.22
FDT51,11.65,Regular,0.010935766,Meat,110.0544,OUT049,1999,Medium,Tier 1,Supermarket Type1,1433.01
FDV26,20.25,Regular,0.076591246,Dairy,196.3794,OUT017,2007,,Tier 2,Supermarket Type1,1815.9
FDS04,10.195,reg,0.14689096,Frozen Foods,141.2838,OUT049,1999,Medium,Tier 1,Supermarket Type1,1546.22
FDW43,20.1,Regular,0.022516587,Fruits and Vegetables,228.2036,OUT018,2009,Medium,Tier 3,Supermarket Type2,1921.55
FDQ28,14,Regular,0.101142513,Frozen Foods,154.0656,OUT010,1998,,Tier 3,Grocery Store,757.33
NCK06,5.03,Low Fat,0.008695437,Household,121.1756,OUT017,2007,,Tier 2,Supermarket Type1,1103.85
FDS23,4.635,Low Fat,0.141463034,Breads,130.0994,OUT018,2009,Medium,Tier 3,Supermarket Type2,1277.67
FDZ36,,Regular,0.115178912,Baking Goods,187.824,OUT019,1985,Small,Tier 1,Grocery Store,1070.87
FDE56,17.25,Regular,0.159843921,Fruits and Vegetables,62.2194,OUT018,2009,Medium,Tier 3,Supermarket Type2,1050.1
FDW10,,Low Fat,0,Snack Foods,175.037,OUT027,1985,Medium,Tier 3,Supermarket Type3,2018.2
NCN14,19.1,Low Fat,0.092104198,Others,185.6608,OUT045,2002,,Tier 2,Supermarket Type1,1666.94
NCQ18,15.75,Low Fat,0.135346732,Household,98.37,OUT045,2002,,Tier 2,Supermarket Type1,1161.47
FDW08,12.1,Low Fat,0,Fruits and Vegetables,106.528,OUT017,2007,,Tier 2,Supermarket Type1,1339.6
FDU43,19.35,Regular,0.058032403,Fruits and Vegetables,236.5564,OUT035,2004,Small,Tier 2,Supermarket Type1,1609.28
FDR33,7.31,Low Fat,0.044839188,Snack Foods,108.257,OUT010,1998,,Tier 3,Grocery Store,478.23
FDM24,6.135,Regular,0.132777749,Baking Goods,150.7366,OUT010,1998,,Tier 3,Grocery Store,661.5
NCZ05,8.485,Low Fat,0.058132207,Health and Hygiene,102.899,OUT046,1997,Small,Tier 1,Supermarket Type1,959.02
NCV41,14.35,Low Fat,0.017035555,Health and Hygiene,112.5228,OUT035,2004,Small,Tier 2,Supermarket Type1,1076.99
FDV11,9.1,Regular,0.082000475,Breads,173.9054,OUT018,2009,Medium,Tier 3,Supermarket Type2,1646.38
NCY05,13.5,Low Fat,0.054979611,Health and Hygiene,36.9874,OUT035,2004,Small,Tier 2,Supermarket Type1,695.45
FDV44,8.365,Regular,0.040006739,Fruits and Vegetables,188.6188,OUT018,2009,Medium,Tier 3,Supermarket Type2,1833.95
FDW32,18.35,Regular,0.094443441,Fruits and Vegetables,84.3882,OUT049,1999,Medium,Tier 1,Supermarket Type1,1238.59
NCU18,,Low Fat,0.055569647,Household,143.0496,OUT027,1985,Medium,Tier 3,Supermarket Type3,1872.26
NCC43,7.39,Low Fat,0,Household,251.5066,OUT035,2004,Small,Tier 2,Supermarket Type1,2030.02
FDW19,12.35,Regular,0.038468382,Fruits and Vegetables,110.957,OUT013,1987,High,Tier 3,Supermarket Type1,1083.09
FDN31,11.5,Low Fat,0.072867754,Fruits and Vegetables,191.653,OUT035,2004,Small,Tier 2,Supermarket Type1,1337.01
FDI48,11.85,Regular,0.055831398,Baking Goods,50.5666,OUT045,2002,,Tier 2,Supermarket Type1,695.82
FDS24,20.85,Regular,0.062576446,Baking Goods,89.9514,OUT017,2007,,Tier 2,Supermarket Type1,1006.36
FDF46,7.07,Low Fat,0,Snack Foods,115.1834,OUT049,1999,Medium,Tier 1,Supermarket Type1,1272
DRG23,8.88,Low Fat,0.087272074,Hard Drinks,151.9682,OUT017,2007,,Tier 2,Supermarket Type1,1315.44
FDG14,9,Regular,0.050706432,Canned,150.9024,OUT018,2009,Medium,Tier 3,Supermarket Type2,1590.33
NCY30,20.25,Low Fat,0.025993608,Household,179.3976,OUT049,1999,Medium,Tier 1,Supermarket Type1,1805.04
FDO28,5.765,Low Fat,0,Frozen Foods,122.1098,OUT018,2009,Medium,Tier 3,Supermarket Type2,1528.96
DRD24,13.85,Low Fat,0.030789262,Soft Drinks,142.5154,OUT035,2004,Small,Tier 2,Supermarket Type1,1417.07
FDI33,16.5,Low Fat,0.028463,Snack Foods,89.9146,OUT049,1999,Medium,Tier 1,Supermarket Type1,1395.41
FDN32,17.5,Low Fat,0.015560368,Fruits and Vegetables,185.6266,OUT046,1997,Small,Tier 1,Supermarket Type1,1416.44
FDR16,5.845,Regular,0.105230981,Frozen Foods,213.0218,OUT045,2002,,Tier 2,Supermarket Type1,1471.83
FDF26,6.825,Regular,0.046634759,Canned,153.5998,OUT046,1997,Small,Tier 1,Supermarket Type1,1211.6
NCN29,15.2,Low Fat,0.012165821,Health and Hygiene,48.9034,OUT018,2009,Medium,Tier 3,Supermarket Type2,1002.42
FDE20,11.35,Regular,0.005541732,Fruits and Vegetables,168.679,OUT045,2002,,Tier 2,Supermarket Type1,1467.2
FDA46,13.6,Low Fat,0.117635456,Snack Foods,192.5136,OUT046,1997,Small,Tier 1,Supermarket Type1,1520.15
FDU28,19.2,Regular,0.094108819,Frozen Foods,188.1214,OUT045,2002,,Tier 2,Supermarket Type1,1623.37
FDQ48,14.3,Regular,0.034481025,Baking Goods,99.4726,OUT045,2002,,Tier 2,Supermarket Type1,1192.17
FDV36,18.7,Low Fat,0,Baking Goods,128.102,OUT013,1987,High,Tier 3,Supermarket Type1,1558.46
FDR14,11.65,Low Fat,0.174758034,Dairy,52.7298,OUT018,2009,Medium,Tier 3,Supermarket Type2,1074.28
FDP23,6.71,Low Fat,0.035788153,Breads,216.7166,OUT017,2007,,Tier 2,Supermarket Type1,1893.7
FDP56,8.185,Low Fat,0.046445455,Fruits and Vegetables,51.0692,OUT013,1987,High,Tier 3,Supermarket Type1,729.37
FDK48,7.445,Low Fat,0.062988626,Baking Goods,76.1354,OUT010,1998,,Tier 3,Grocery Store,304.17
FDR48,11.65,Low Fat,0.131504228,Baking Goods,152.5024,OUT046,1997,Small,Tier 1,Supermarket Type1,1168.96
NCY29,13.65,Low Fat,0.077354192,Health and Hygiene,57.293,OUT049,1999,Medium,Tier 1,Supermarket Type1,905.04
FDM22,14,Regular,0.042128684,Snack Foods,53.264,OUT018,2009,Medium,Tier 3,Supermarket Type2,1034.04
DRJ01,6.135,Low Fat,0.114936679,Soft Drinks,162.7236,OUT013,1987,High,Tier 3,Supermarket Type1,1452.48
FDZ43,11,Regular,0.057174261,Fruits and Vegetables,244.3512,OUT045,2002,,Tier 2,Supermarket Type1,1914.47
FDV03,17.6,Low Fat,0.058080284,Meat,154.5314,OUT035,2004,Small,Tier 2,Supermarket Type1,1422.85
FDX11,,Regular,0.106235129,Baking Goods,181.7634,OUT027,1985,Medium,Tier 3,Supermarket Type3,2020.59
NCA41,,Low Fat,0.032428906,Health and Hygiene,193.9162,OUT027,1985,Medium,Tier 3,Supermarket Type3,2190.85
FDE38,6.52,Low Fat,0.044859477,Canned,167.0842,OUT017,2007,,Tier 2,Supermarket Type1,1617.23
FDI27,8.71,Regular,0.046173643,Dairy,45.3744,OUT018,2009,Medium,Tier 3,Supermarket Type2,807.97
FDN32,17.5,Low Fat,0.015547419,Fruits and Vegetables,183.3266,OUT013,1987,High,Tier 3,Supermarket Type1,1592.8
NCN43,12.15,Low Fat,0.006797978,Others,121.373,OUT017,2007,,Tier 2,Supermarket Type1,1149.48
FDB47,,Low Fat,0.071083489,Snack Foods,207.4612,OUT027,1985,Medium,Tier 3,Supermarket Type3,2014.56
FDV03,17.6,Low Fat,0.058419856,Meat,155.4314,OUT017,2007,,Tier 2,Supermarket Type1,1402.49
NCN30,16.35,LF,0.017027667,Household,98.241,OUT045,2002,,Tier 2,Supermarket Type1,1153.45
NCV54,11.1,Low Fat,0.05541758,Household,120.5124,OUT010,1998,,Tier 3,Grocery Store,771.64
FDV07,9.5,Low Fat,0.031256911,Fruits and Vegetables,109.9228,OUT013,1987,High,Tier 3,Supermarket Type1,1340.94
FDP07,18.2,Low Fat,0.090041548,Fruits and Vegetables,198.211,OUT049,1999,Medium,Tier 1,Supermarket Type1,1891.52
FDK48,7.445,Low Fat,0.037785521,Baking Goods,73.3354,OUT018,2009,Medium,Tier 3,Supermarket Type2,1293.45
FDM15,,Regular,0.100537777,Meat,151.3366,OUT019,1985,Small,Tier 1,Grocery Store,1098.37
FDY19,,Low Fat,0.041164623,Fruits and Vegetables,117.7466,OUT027,1985,Medium,Tier 3,Supermarket Type3,1443.06
FDK46,9.6,Low Fat,0.051467395,Snack Foods,259.662,OUT046,1997,Small,Tier 1,Supermarket Type1,1791.02
FDY11,6.71,Regular,0.0296204,Baking Goods,66.1142,OUT045,2002,,Tier 2,Supermarket Type1,792.94
FDH09,12.6,Low Fat,0.056077574,Seafood,52.1982,OUT046,1997,Small,Tier 1,Supermarket Type1,740.82
FDO08,,Regular,0.053514971,Fruits and Vegetables,165.6526,OUT027,1985,Medium,Tier 3,Supermarket Type3,1843.43
FDU14,17.75,Low Fat,0.034723727,Dairy,250.475,OUT013,1987,High,Tier 3,Supermarket Type1,2100.61
FDD22,,Low Fat,0.099167136,Snack Foods,113.1544,OUT027,1985,Medium,Tier 3,Supermarket Type3,1587.6
FDM27,12.35,Regular,0.159365721,Meat,157.2946,OUT017,2007,,Tier 2,Supermarket Type1,1402.14
FDL02,,Regular,0.103579347,Canned,106.3622,OUT027,1985,Medium,Tier 3,Supermarket Type3,1620.27
NCA17,20.6,Low Fat,0,Health and Hygiene,147.5392,OUT035,2004,Small,Tier 2,Supermarket Type1,1543.67
FDE38,,Low Fat,0.078101381,Canned,164.8842,OUT019,1985,Small,Tier 1,Grocery Store,798.07
NCG07,12.3,Low Fat,0.052583676,Household,188.653,OUT049,1999,Medium,Tier 1,Supermarket Type1,1547.37
DRC27,13.8,Low Fat,0.058054117,Dairy,247.1802,OUT013,1987,High,Tier 3,Supermarket Type1,1891.84
FDA27,20.35,Regular,0.030921784,Dairy,255.2672,OUT035,2004,Small,Tier 2,Supermarket Type1,1853.59
FDW40,14,Regular,0.105358689,Frozen Foods,142.1812,OUT045,2002,,Tier 2,Supermarket Type1,1237.17
DRI11,8.26,Low Fat,0.034375656,Hard Drinks,115.3834,OUT013,1987,High,Tier 3,Supermarket Type1,1260.49
FDN50,16.85,Regular,0.026519826,Canned,94.712,OUT046,1997,Small,Tier 1,Supermarket Type1,1111
FDR12,12.6,Regular,0.031534752,Baking Goods,171.1764,OUT046,1997,Small,Tier 1,Supermarket Type1,1534.29
FDT34,,Low Fat,0.173505976,Snack Foods,104.7964,OUT027,1985,Medium,Tier 3,Supermarket Type3,1517.72
FDW11,12.6,Low Fat,0.048772858,Breads,61.4194,OUT035,2004,Small,Tier 2,Supermarket Type1,939.11
NCO30,,Low Fat,0.015648745,Household,183.7608,OUT027,1985,Medium,Tier 3,Supermarket Type3,2168.1
FDZ34,6.695,Low Fat,0.076307719,Starchy Foods,194.282,OUT017,2007,,Tier 2,Supermarket Type1,1356.74
FDU45,15.6,Regular,0.035706979,Snack Foods,112.9518,OUT017,2007,,Tier 2,Supermarket Type1,1045.3
NCD42,16.5,Low Fat,0.012635456,Health and Hygiene,37.1506,OUT035,2004,Small,Tier 2,Supermarket Type1,612.46
FDX25,16.7,LF,0.102262749,Canned,181.6292,OUT045,2002,,Tier 2,Supermarket Type1,1444.82
NCR29,7.565,low fat,0.054640876,Health and Hygiene,56.393,OUT046,1997,Small,Tier 1,Supermarket Type1,741.94
FDX43,,Low Fat,0,Fruits and Vegetables,168.15,OUT019,1985,Small,Tier 1,Grocery Store,1077.32
FDB04,11.35,Regular,0.105827874,Dairy,86.6856,OUT010,1998,,Tier 3,Grocery Store,522.98
FDR49,,Low Fat,0.138554192,Canned,46.4376,OUT027,1985,Medium,Tier 3,Supermarket Type3,1197.21
FDS39,6.895,Low Fat,0.022552069,Meat,141.6812,OUT018,2009,Medium,Tier 3,Supermarket Type2,1623.21
FDW58,20.75,Low Fat,0.007568411,Snack Foods,105.8622,OUT045,2002,,Tier 2,Supermarket Type1,1363.68
FDG22,,reg,0.072453062,Snack Foods,37.719,OUT019,1985,Small,Tier 1,Grocery Store,479.75
FDG31,12.15,Low Fat,0.038110748,Meat,62.6826,OUT017,2007,,Tier 2,Supermarket Type1,711.5
NCV53,,Low Fat,0,Health and Hygiene,240.288,OUT027,1985,Medium,Tier 3,Supermarket Type3,2172.08
DRJ37,10.8,Low Fat,0.061089829,Soft Drinks,150.4024,OUT035,2004,Small,Tier 2,Supermarket Type1,1157.83
FDV07,9.5,Low Fat,0.031277029,Fruits and Vegetables,110.1228,OUT035,2004,Small,Tier 2,Supermarket Type1,991.03
FDW52,14,Regular,0.037675391,Frozen Foods,166.0526,OUT018,2009,Medium,Tier 3,Supermarket Type2,1651.38
FDT15,12.15,Regular,0.042768081,Meat,184.795,OUT045,2002,,Tier 2,Supermarket Type1,1563.93
FDD02,16.6,Low Fat,0.050495866,Canned,118.7124,OUT018,2009,Medium,Tier 3,Supermarket Type2,1471.67
FDM16,8.155,Regular,0.033549054,Frozen Foods,73.7354,OUT035,2004,Small,Tier 2,Supermarket Type1,927.44
NCE55,8.92,Low Fat,0.129928494,Household,175.737,OUT046,1997,Small,Tier 1,Supermarket Type1,1494.06
FDB57,20.25,Regular,0.018881709,Fruits and Vegetables,222.0772,OUT018,2009,Medium,Tier 3,Supermarket Type2,2205.18
FDQ04,6.4,Low Fat,0.084683076,Frozen Foods,42.9796,OUT013,1987,High,Tier 3,Supermarket Type1,1000.97
FDQ47,,Regular,0.294472634,Breads,34.1874,OUT019,1985,Small,Tier 1,Grocery Store,50
FDY14,,Low Fat,0.122631339,Dairy,263.9226,OUT019,1985,Small,Tier 1,Grocery Store,1357.71
DRK37,5,Low Fat,0.044253583,Soft Drinks,188.553,OUT017,2007,,Tier 2,Supermarket Type1,1428.21
FDO25,6.3,Low Fat,0.128169935,Canned,209.827,OUT017,2007,,Tier 2,Supermarket Type1,1515.8
FDL57,15.1,Regular,0.067076811,Snack Foods,260.0304,OUT046,1997,Small,Tier 1,Supermarket Type1,1915.5
NCK29,5.615,Low Fat,0.126281351,Health and Hygiene,123.373,OUT018,2009,Medium,Tier 3,Supermarket Type2,1321.2
FDK46,,Low Fat,0,Snack Foods,260.762,OUT027,1985,Medium,Tier 3,Supermarket Type3,2475.69
NCB43,20.2,Low Fat,0.167232734,Household,185.8898,OUT010,1998,,Tier 3,Grocery Store,1124.28
DRE01,,Low Fat,0.166345741,Soft Drinks,241.5512,OUT027,1985,Medium,Tier 3,Supermarket Type3,2294.32
FDC46,17.7,Low Fat,0.117017229,Snack Foods,185.1266,OUT018,2009,Medium,Tier 3,Supermarket Type2,1901.78
FDQ23,6.55,Low Fat,0.024575567,Breads,104.3332,OUT045,2002,,Tier 2,Supermarket Type1,1289.56
FDX38,10.5,Regular,0.048281966,Dairy,49.6376,OUT049,1999,Medium,Tier 1,Supermarket Type1,761.05
FDG60,20.35,Low Fat,0.06094699,Baking Goods,236.2616,OUT018,2009,Medium,Tier 3,Supermarket Type2,1962.04
FDW55,12.6,Regular,0.022094166,Fruits and Vegetables,247.4092,OUT017,2007,,Tier 2,Supermarket Type1,1831.07
FDP39,12.65,Low Fat,0.06936719,Meat,50.0324,OUT013,1987,High,Tier 3,Supermarket Type1,850.3
FDB20,7.72,Low Fat,0.052192414,Fruits and Vegetables,78.7986,OUT018,2009,Medium,Tier 3,Supermarket Type2,1126.46
FDV21,11.5,Low Fat,0.17205066,Snack Foods,125.7704,OUT017,2007,,Tier 2,Supermarket Type1,1130.39
FDZ02,6.905,Regular,0.038115681,Dairy,96.7726,OUT013,1987,High,Tier 3,Supermarket Type1,1206.28
FDP19,,low fat,0.172675804,Fruits and Vegetables,128.9652,OUT027,1985,Medium,Tier 3,Supermarket Type3,1638.4
FDA38,5.44,Low Fat,0.025475101,Dairy,242.3538,OUT035,2004,Small,Tier 2,Supermarket Type1,1892.1
FDH22,6.405,LF,0.136577368,Snack Foods,126.7678,OUT045,2002,,Tier 2,Supermarket Type1,1280.14
DRM11,6.57,Low Fat,0.066203569,Hard Drinks,261.7278,OUT045,2002,,Tier 2,Supermarket Type1,2123.91
FDO12,,Low Fat,0,Baking Goods,194.9452,OUT027,1985,Medium,Tier 3,Supermarket Type3,1903.7
FDT14,10.695,Regular,0.127925684,Dairy,120.144,OUT049,1999,Medium,Tier 1,Supermarket Type1,1121.52
FDW34,9.6,Low Fat,0.059552178,Snack Foods,243.417,OUT010,1998,,Tier 3,Grocery Store,1290.4
FDG04,,Low Fat,0.006033353,Frozen Foods,188.3898,OUT027,1985,Medium,Tier 3,Supermarket Type3,1973.21
FDW59,13.15,Low Fat,0.020800301,Breads,84.9566,OUT018,2009,Medium,Tier 3,Supermarket Type2,1232.59
FDR33,7.31,Low Fat,0.026898064,Snack Foods,109.057,OUT018,2009,Medium,Tier 3,Supermarket Type2,1355.78
FDP32,6.65,Low Fat,0,Fruits and Vegetables,128.8678,OUT013,1987,High,Tier 3,Supermarket Type1,1421.32
FDL13,,Regular,0.056045843,Breakfast,232.83,OUT027,1985,Medium,Tier 3,Supermarket Type3,2320.62
FDD22,10,Low Fat,0.099566768,Snack Foods,113.5544,OUT013,1987,High,Tier 3,Supermarket Type1,1344.94
FDV40,,Low Fat,0,Frozen Foods,71.9038,OUT027,1985,Medium,Tier 3,Supermarket Type3,1559.97
NCD55,14,LF,0.024331179,Household,41.5454,OUT046,1997,Small,Tier 1,Supermarket Type1,577.6
FDQ20,8.325,Low Fat,0.049853714,Fruits and Vegetables,41.6138,OUT010,1998,,Tier 3,Grocery Store,112.28
FDD28,10.695,Low Fat,0.053404955,Frozen Foods,57.9904,OUT045,2002,,Tier 2,Supermarket Type1,722.75
FDC39,7.405,Low Fat,0.159518279,Dairy,208.8296,OUT045,2002,,Tier 2,Supermarket Type1,1470.83
NCR17,9.8,Low Fat,0.024421227,Health and Hygiene,117.3492,OUT049,1999,Medium,Tier 1,Supermarket Type1,1273.04
DRO35,13.85,Low Fat,0.034711182,Hard Drinks,116.3492,OUT018,2009,Medium,Tier 3,Supermarket Type2,1403.63
FDF40,20.25,Regular,0.022547134,Dairy,249.5092,OUT049,1999,Medium,Tier 1,Supermarket Type1,2148.76
FDR31,6.46,Regular,0.049363153,Fruits and Vegetables,144.6102,OUT018,2009,Medium,Tier 3,Supermarket Type2,1568.15
NCQ41,14.8,Low Fat,0,Health and Hygiene,195.5794,OUT017,2007,,Tier 2,Supermarket Type1,1778.29
FDP38,10.1,LF,0.032102094,Canned,49.9008,OUT046,1997,Small,Tier 1,Supermarket Type1,922.26
NCU54,,Low Fat,0.098144795,Household,209.627,OUT027,1985,Medium,Tier 3,Supermarket Type3,2235.12
FDG22,17.6,Regular,0.041549725,Snack Foods,34.919,OUT018,2009,Medium,Tier 3,Supermarket Type2,796.86
DRK59,8.895,Low Fat,0.075387039,Hard Drinks,234.4616,OUT013,1987,High,Tier 3,Supermarket Type1,1739.96
FDC37,15.5,Low Fat,0.032873353,Baking Goods,106.2938,OUT046,1997,Small,Tier 1,Supermarket Type1,1016.53
NCO42,21.25,Low Fat,0.024635077,Household,146.1102,OUT013,1987,High,Tier 3,Supermarket Type1,1460.18
NCT42,5.88,Low Fat,0.025028093,Household,150.4392,OUT017,2007,,Tier 2,Supermarket Type1,1303.05
FDX27,20.7,Regular,0,Dairy,93.8436,OUT035,2004,Small,Tier 2,Supermarket Type1,1075.04
FDV40,17.35,Low Fat,0.014751632,Frozen Foods,74.2038,OUT018,2009,Medium,Tier 3,Supermarket Type2,1257.29
FDT45,,low fat,0.0570359,Snack Foods,54.5956,OUT027,1985,Medium,Tier 3,Supermarket Type3,1314.44
FDS47,,LF,0.225662275,Breads,87.5856,OUT019,1985,Small,Tier 1,Grocery Store,541.12
FDR45,10.8,Low Fat,0.028937816,Snack Foods,238.2222,OUT035,2004,Small,Tier 2,Supermarket Type1,1921.78
FDB03,17.75,Regular,0.157149885,Dairy,239.5538,OUT045,2002,,Tier 2,Supermarket Type1,1979.36
FDO49,10.6,Regular,0.033045919,Breakfast,52.3008,OUT035,2004,Small,Tier 2,Supermarket Type1,567.11
FDU60,,Regular,0.059610971,Baking Goods,167.3132,OUT027,1985,Medium,Tier 3,Supermarket Type3,1716.07
FDB26,14,Regular,0.031394866,Canned,51.964,OUT018,2009,Medium,Tier 3,Supermarket Type2,954.55
FDB46,10.5,Regular,0.094294233,Snack Foods,213.7244,OUT017,2007,,Tier 2,Supermarket Type1,1590.12
FDQ37,,Low Fat,0.156283906,Breakfast,195.3478,OUT019,1985,Small,Tier 1,Grocery Store,1054.26
FDN03,9.8,Regular,0.01517532,Meat,249.9408,OUT017,2007,,Tier 2,Supermarket Type1,1929.62
NCX30,16.7,Low Fat,0.026674614,Household,248.8776,OUT045,2002,,Tier 2,Supermarket Type1,1998.72
FDK32,,Regular,0.085749906,Fruits and Vegetables,153.4682,OUT019,1985,Small,Tier 1,Grocery Store,998.4
DRM47,9.3,Low Fat,0.043749257,Hard Drinks,192.1846,OUT013,1987,High,Tier 3,Supermarket Type1,1803.74
NCO02,11.15,Low Fat,0.073368159,Others,67.2142,OUT046,1997,Small,Tier 1,Supermarket Type1,999.7
FDP04,15.35,Low Fat,0.013801277,Frozen Foods,64.3168,OUT013,1987,High,Tier 3,Supermarket Type1,1243.77
NCO43,5.5,Low Fat,0.047171435,Others,100.9016,OUT049,1999,Medium,Tier 1,Supermarket Type1,1002
FDD59,10.5,Regular,0.066125732,Starchy Foods,81.196,OUT013,1987,High,Tier 3,Supermarket Type1,928.56
FDQ10,12.85,Low Fat,0.033366906,Snack Foods,171.7422,OUT017,2007,,Tier 2,Supermarket Type1,1399.5
FDW45,18,Low Fat,0.039003613,Snack Foods,148.1418,OUT035,2004,Small,Tier 2,Supermarket Type1,1257.68
NCK30,14.85,Low Fat,0.061073374,Household,255.5698,OUT049,1999,Medium,Tier 1,Supermarket Type1,2053.62
FDU31,10.5,Regular,0.025092859,Fruits and Vegetables,215.1508,OUT018,2009,Medium,Tier 3,Supermarket Type2,1950.25
NCQ17,,Low Fat,0.20473381,Health and Hygiene,154.563,OUT019,1985,Small,Tier 1,Grocery Store,866.34
FDN01,8.895,Low Fat,0.072808291,Breakfast,175.637,OUT017,2007,,Tier 2,Supermarket Type1,1542.74
FDZ19,6.425,Low Fat,0.093600196,Fruits and Vegetables,174.8712,OUT049,1999,Medium,Tier 1,Supermarket Type1,1669.53
DRG37,16.2,Low Fat,0.019488044,Soft Drinks,155.7972,OUT017,2007,,Tier 2,Supermarket Type1,1606.75
FDE32,20.7,Low Fat,0.048857794,Fruits and Vegetables,37.8506,OUT045,2002,,Tier 2,Supermarket Type1,1000.11
FDO34,17.7,Low Fat,0.029985483,Snack Foods,167.7816,OUT049,1999,Medium,Tier 1,Supermarket Type1,1476.71
FDM04,,Regular,0,Frozen Foods,50.6666,OUT019,1985,Small,Tier 1,Grocery Store,300.17
FDZ25,15.7,Regular,0.027659984,Canned,170.679,OUT049,1999,Medium,Tier 1,Supermarket Type1,1554.74
FDU08,10.3,Low Fat,0.027357885,Fruits and Vegetables,99.1042,OUT049,1999,Medium,Tier 1,Supermarket Type1,1160.55
NCW30,5.21,Low Fat,0.011032225,Household,258.7962,OUT045,2002,,Tier 2,Supermarket Type1,1924.92
NCM18,13,Low Fat,0.082772931,Household,61.0194,OUT013,1987,High,Tier 3,Supermarket Type1,974.11
FDS22,16.85,Regular,0.023150021,Snack Foods,42.1428,OUT035,2004,Small,Tier 2,Supermarket Type1,797.9
NCH18,9.3,Low Fat,0.044913852,Household,245.1802,OUT017,2007,,Tier 2,Supermarket Type1,1959.17
FDC23,18,Low Fat,0.017891302,Starchy Foods,178.4686,OUT013,1987,High,Tier 3,Supermarket Type1,1824.48
FDY46,18.6,Low Fat,0.047850086,Snack Foods,186.3898,OUT013,1987,High,Tier 3,Supermarket Type1,1882.28
NCU06,17.6,Low Fat,0.074407062,Household,229.701,OUT046,1997,Small,Tier 1,Supermarket Type1,1986.59
FDX57,17.25,Regular,0.047362068,Snack Foods,98.3068,OUT045,2002,,Tier 2,Supermarket Type1,951.81
FDX36,,Regular,0.127662026,Baking Goods,224.7404,OUT027,1985,Medium,Tier 3,Supermarket Type3,1988.68
FDL16,12.85,Low Fat,0.168794488,Frozen Foods,46.606,OUT045,2002,,Tier 2,Supermarket Type1,601.37
FDT16,9.895,Regular,0.08145081,Frozen Foods,260.8278,OUT010,1998,,Tier 3,Grocery Store,1404.51
FDN16,12.6,Regular,0.062955703,Frozen Foods,102.499,OUT018,2009,Medium,Tier 3,Supermarket Type2,1286.28
FDC03,8.575,reg,0.071846495,Dairy,196.1794,OUT046,1997,Small,Tier 1,Supermarket Type1,1562.35
DRF60,10.8,low fat,0.052025392,Soft Drinks,238.6564,OUT013,1987,High,Tier 3,Supermarket Type1,2006.39
FDS27,,Regular,0.012397814,Meat,195.511,OUT027,1985,Medium,Tier 3,Supermarket Type3,2153.65
FDP33,18.7,LF,0.14942345,Snack Foods,255.0672,OUT010,1998,,Tier 3,Grocery Store,1558.29
FDJ36,14.5,reg,0.128782548,Baking Goods,100.6332,OUT018,2009,Medium,Tier 3,Supermarket Type2,1415.08
NCR42,9.105,Low Fat,0.03844986,Household,31.99,OUT013,1987,High,Tier 3,Supermarket Type1,617.08
FDV14,19.85,Low Fat,0.044749173,Dairy,86.2856,OUT017,2007,,Tier 2,Supermarket Type1,912.25
NCP42,8.51,Low Fat,0.01610767,Household,195.3478,OUT035,2004,Small,Tier 2,Supermarket Type1,1415.49
FDB50,,Low Fat,0.152874661,Canned,78.7986,OUT027,1985,Medium,Tier 3,Supermarket Type3,1206.31
NCC30,,Low Fat,0.027445644,Household,177.0344,OUT027,1985,Medium,Tier 3,Supermarket Type3,1896.49
FDA23,9.8,Low Fat,0.047379258,Baking Goods,101.3016,OUT018,2009,Medium,Tier 3,Supermarket Type2,1280.12
FDW16,17.35,Regular,0.041708827,Frozen Foods,91.1804,OUT017,2007,,Tier 2,Supermarket Type1,1109.4
FDQ52,17,Low Fat,0.199825987,Frozen Foods,247.8434,OUT010,1998,,Tier 3,Grocery Store,1393.3
FDB58,10.5,Regular,0.01351745,Snack Foods,143.5154,OUT049,1999,Medium,Tier 1,Supermarket Type1,1578.67
NCP29,8.42,LF,0.112445562,Health and Hygiene,64.8168,OUT049,1999,Medium,Tier 1,Supermarket Type1,1079.23
NCM05,6.825,Low Fat,0.059968347,Health and Hygiene,264.2226,OUT045,2002,,Tier 2,Supermarket Type1,2119.03
FDO25,6.3,low fat,0.127342972,Canned,210.927,OUT013,1987,High,Tier 3,Supermarket Type1,1507.59
NCM54,17.7,Low Fat,0,Household,127.9678,OUT046,1997,Small,Tier 1,Supermarket Type1,1142.72
NCL54,12.6,Low Fat,0,Household,173.2054,OUT046,1997,Small,Tier 1,Supermarket Type1,1392.83
FDL39,16.1,Regular,0.106003704,Dairy,181.2318,OUT010,1998,,Tier 3,Grocery Store,963.07
FDF53,20.75,Regular,0.083947142,Frozen Foods,180.2318,OUT018,2009,Medium,Tier 3,Supermarket Type2,1726.97
NCQ42,20.35,LF,0.03926078,Household,127.9678,OUT035,2004,Small,Tier 2,Supermarket Type1,1223.94
FDF58,13.3,Low Fat,0.009573182,Snack Foods,62.551,OUT013,1987,High,Tier 3,Supermarket Type1,1068.51
FDZ04,9.31,Low Fat,0.037947917,Frozen Foods,63.751,OUT035,2004,Small,Tier 2,Supermarket Type1,868.65
FDE26,,Low Fat,0.155837612,Canned,143.0786,OUT019,1985,Small,Tier 1,Grocery Store,908.18
FDS60,20.85,Low Fat,0.032632065,Baking Goods,179.566,OUT017,2007,,Tier 2,Supermarket Type1,1745.19
FDV58,20.85,Low Fat,0.121936216,Snack Foods,197.5452,OUT017,2007,,Tier 2,Supermarket Type1,1800.71
FDM04,9.195,Regular,0.047216172,Frozen Foods,51.4666,OUT045,2002,,Tier 2,Supermarket Type1,618.94
FDE08,18.2,Low Fat,0.04931036,Fruits and Vegetables,146.5734,OUT035,2004,Small,Tier 2,Supermarket Type1,1160.17
NCB43,20.2,Low Fat,0.100067654,Household,186.8898,OUT049,1999,Medium,Tier 1,Supermarket Type1,1597.23
FDU11,4.785,Low Fat,0.154982791,Breads,120.7098,OUT010,1998,,Tier 3,Grocery Store,512.91
FDF22,,Low Fat,0.099503188,Snack Foods,212.5218,OUT019,1985,Small,Tier 1,Grocery Store,1198.82
FDE24,14.85,LF,0.093384846,Baking Goods,141.3812,OUT013,1987,High,Tier 3,Supermarket Type1,1406.5
DRJ49,6.865,Low Fat,0.013993247,Soft Drinks,131.0652,OUT046,1997,Small,Tier 1,Supermarket Type1,1262.32
NCQ53,17.6,Low Fat,0.018901751,Health and Hygiene,235.759,OUT035,2004,Small,Tier 2,Supermarket Type1,1895.86
NCL41,12.35,Low Fat,0.041702894,Health and Hygiene,35.4216,OUT013,1987,High,Tier 3,Supermarket Type1,963.74
FDR22,19.35,Regular,0.018547157,Snack Foods,110.8544,OUT013,1987,High,Tier 3,Supermarket Type1,1485.46
FDH04,6.115,Regular,0.011370822,Frozen Foods,92.0488,OUT035,2004,Small,Tier 2,Supermarket Type1,1142.84
DRH15,8.775,low fat,0.110134175,Dairy,43.4428,OUT045,2002,,Tier 2,Supermarket Type1,521.24
FDY40,15.5,Regular,0,Frozen Foods,48.8692,OUT049,1999,Medium,Tier 1,Supermarket Type1,864.28
NCI17,8.645,Low Fat,0.143395524,Health and Hygiene,98.041,OUT035,2004,Small,Tier 2,Supermarket Type1,784.68
NCC18,19.1,Low Fat,0,Household,173.8422,OUT013,1987,High,Tier 3,Supermarket Type1,1630.83
FDY28,,Regular,0.151414173,Frozen Foods,211.7218,OUT027,1985,Medium,Tier 3,Supermarket Type3,1993.7
FDB45,,Low Fat,0.021226502,Fruits and Vegetables,104.0306,OUT027,1985,Medium,Tier 3,Supermarket Type3,1555.56
NCL30,18.1,Low Fat,0.049139791,Household,126.9336,OUT018,2009,Medium,Tier 3,Supermarket Type2,1532.61
FDM10,18.25,Low Fat,0.076401322,Snack Foods,212.7218,OUT017,2007,,Tier 2,Supermarket Type1,1807.96
FDH22,,Low Fat,0.135640903,Snack Foods,127.9678,OUT027,1985,Medium,Tier 3,Supermarket Type3,1695.25
NCZ53,9.6,Low Fat,0.024615619,Health and Hygiene,190.0214,OUT017,2007,,Tier 2,Supermarket Type1,1743.16
NCI18,18.35,Low Fat,0.014012358,Household,222.5746,OUT013,1987,High,Tier 3,Supermarket Type1,2140
FDH14,,Regular,0.046581881,Canned,142.1838,OUT027,1985,Medium,Tier 3,Supermarket Type3,1563.59
FDR36,,Regular,0.120997589,Baking Goods,43.6454,OUT027,1985,Medium,Tier 3,Supermarket Type3,991.65
FDW01,14.5,Low Fat,0.064190434,Canned,151.6682,OUT045,2002,,Tier 2,Supermarket Type1,1277.9
FDK02,,Low Fat,0.111681212,Canned,119.844,OUT027,1985,Medium,Tier 3,Supermarket Type3,1493.13
FDJ02,17.2,Regular,0.0252693,Canned,146.9418,OUT018,2009,Medium,Tier 3,Supermarket Type2,1589.84
FDU55,16.2,Low Fat,0.03588139,Fruits and Vegetables,260.4278,OUT013,1987,High,Tier 3,Supermarket Type1,2134.46
NCV18,,Low Fat,0.104736208,Household,84.825,OUT027,1985,Medium,Tier 3,Supermarket Type3,1417.77
FDH14,17.1,Regular,0.046999232,Canned,138.6838,OUT018,2009,Medium,Tier 3,Supermarket Type2,1635.16
FDZ37,8.1,Regular,0.019808594,Canned,88.7198,OUT045,2002,,Tier 2,Supermarket Type1,1148.83
FDX49,4.615,Regular,0.101990097,Canned,232.53,OUT049,1999,Medium,Tier 1,Supermarket Type1,2008.43
NCD43,8.85,LF,0.016019957,Household,104.5964,OUT046,1997,Small,Tier 1,Supermarket Type1,1288.81
FDZ07,15.1,Regular,0.093813181,Fruits and Vegetables,61.3194,OUT013,1987,High,Tier 3,Supermarket Type1,800.52
FDK43,9.8,Low Fat,0.026835691,Meat,126.302,OUT035,2004,Small,Tier 2,Supermarket Type1,1028.11
FDR32,6.78,Regular,0.086157502,Fruits and Vegetables,229.1694,OUT018,2009,Medium,Tier 3,Supermarket Type2,1846.35
FDT39,6.26,Regular,0.009859703,Meat,151.8366,OUT013,1987,High,Tier 3,Supermarket Type1,1423.05
NCV54,11.1,Low Fat,0.033296219,Household,120.2124,OUT017,2007,,Tier 2,Supermarket Type1,1188.9
FDF38,11.8,Regular,0.026465376,Canned,41.7138,OUT018,2009,Medium,Tier 3,Supermarket Type2,1015.21
FDV60,20.2,Regular,0.117361247,Baking Goods,197.511,OUT046,1997,Small,Tier 1,Supermarket Type1,1646.09
FDH44,,Regular,0.025746866,Fruits and Vegetables,145.1418,OUT027,1985,Medium,Tier 3,Supermarket Type3,1863.61
FDS21,19.85,Regular,0.020876151,Snack Foods,61.2194,OUT046,1997,Small,Tier 1,Supermarket Type1,1054.87
NCL41,12.35,low fat,0.041822272,Health and Hygiene,35.6216,OUT045,2002,,Tier 2,Supermarket Type1,909.73
FDM46,7.365,Low Fat,0.160872688,Snack Foods,94.012,OUT017,2007,,Tier 2,Supermarket Type1,724.84
FDU27,18.6,Regular,0.171824638,Meat,49.8376,OUT045,2002,,Tier 2,Supermarket Type1,587.66
NCJ54,9.895,Low Fat,0.060406879,Household,233.0642,OUT017,2007,,Tier 2,Supermarket Type1,1671.75
DRG51,12.1,Low Fat,0.011586629,Dairy,165.9526,OUT018,2009,Medium,Tier 3,Supermarket Type2,1609.01
NCA29,,Low Fat,0.047757473,Household,170.4106,OUT019,1985,Small,Tier 1,Grocery Store,1000.78
FDR47,17.85,Low Fat,0.087646045,Breads,194.3794,OUT045,2002,,Tier 2,Supermarket Type1,1601.16
NCL19,,Low Fat,0.015600318,Others,141.947,OUT027,1985,Medium,Tier 3,Supermarket Type3,1787.17
DRG01,14.8,Low Fat,0,Soft Drinks,76.267,OUT049,1999,Medium,Tier 1,Supermarket Type1,1213.07
FDG10,6.63,Regular,0.010939298,Snack Foods,57.9588,OUT046,1997,Small,Tier 1,Supermarket Type1,922.34
NCV05,10.1,Low Fat,0.030255476,Health and Hygiene,152.6656,OUT049,1999,Medium,Tier 1,Supermarket Type1,1647.13
NCH18,,Low Fat,0.078196049,Household,243.9802,OUT019,1985,Small,Tier 1,Grocery Store,1600.01
FDV14,19.85,Low Fat,0.044678741,Dairy,86.4856,OUT018,2009,Medium,Tier 3,Supermarket Type2,1091.41
DRJ23,18.35,Low Fat,0.041661002,Hard Drinks,190.2872,OUT035,2004,Small,Tier 2,Supermarket Type1,1401.53
DRJ11,9.5,Low Fat,0.085091153,Hard Drinks,187.1872,OUT046,1997,Small,Tier 1,Supermarket Type1,1370.45
FDZ03,13.65,Regular,0.079232324,Dairy,185.824,OUT017,2007,,Tier 2,Supermarket Type1,1464.27
FDI27,8.71,Regular,0.076971662,Dairy,45.7744,OUT010,1998,,Tier 3,Grocery Store,228.45
FDJ14,10.3,Regular,0.050274442,Canned,81.796,OUT018,2009,Medium,Tier 3,Supermarket Type2,1178.73
FDU32,8.785,Low Fat,0.026114508,Fruits and Vegetables,120.5414,OUT017,2007,,Tier 2,Supermarket Type1,1229.97
FDD47,,Regular,0.141721145,Starchy Foods,171.3448,OUT027,1985,Medium,Tier 3,Supermarket Type3,1878.35
DRF36,16.1,Low Fat,0.02357284,Soft Drinks,190.3846,OUT035,2004,Small,Tier 2,Supermarket Type1,1661.6
FDM21,20.2,LF,0.064364078,Snack Foods,258.3646,OUT046,1997,Small,Tier 1,Supermarket Type1,2114.48
FDV10,7.645,Regular,0.066977783,Snack Foods,43.0112,OUT018,2009,Medium,Tier 3,Supermarket Type2,1116.8
FDH60,19.7,Regular,0.081065919,Baking Goods,194.711,OUT018,2009,Medium,Tier 3,Supermarket Type2,1658.85
FDX47,6.55,Regular,0.057920576,Breads,156.2288,OUT010,1998,,Tier 3,Grocery Store,732.98
FDT19,,reg,0.253947823,Fruits and Vegetables,174.608,OUT019,1985,Small,Tier 1,Grocery Store,776.29
FDO11,8,Regular,0.030326275,Breads,251.0092,OUT045,2002,,Tier 2,Supermarket Type1,1833.26
FDH24,,Low Fat,0.021327353,Baking Goods,157.8288,OUT027,1985,Medium,Tier 3,Supermarket Type3,1807.36
FDL02,20,Regular,0.104507367,Canned,107.6622,OUT018,2009,Medium,Tier 3,Supermarket Type2,1346.09
FDB02,9.695,Regular,0.02920962,Canned,176.037,OUT049,1999,Medium,Tier 1,Supermarket Type1,1674.78
FDA43,10.895,Low Fat,0.064675749,Fruits and Vegetables,195.5794,OUT046,1997,Small,Tier 1,Supermarket Type1,1635.74
FDG52,13.65,Low Fat,0.065763945,Frozen Foods,46.4402,OUT045,2002,,Tier 2,Supermarket Type1,900.78
DRC12,17.85,Low Fat,0.037795394,Soft Drinks,189.5188,OUT013,1987,High,Tier 3,Supermarket Type1,1889.29
FDY37,17,Regular,0.026677105,Canned,142.047,OUT018,2009,Medium,Tier 3,Supermarket Type2,1769.25
NCU18,15.1,Low Fat,0.0559533,Household,141.5496,OUT045,2002,,Tier 2,Supermarket Type1,1152.86
FDU09,7.71,Regular,0.066584547,Snack Foods,56.0956,OUT035,2004,Small,Tier 2,Supermarket Type1,578.57
DRJ25,,Low Fat,0.149838383,Soft Drinks,49.3692,OUT027,1985,Medium,Tier 3,Supermarket Type3,1027.18
DRE12,4.59,Low Fat,0.071068888,Soft Drinks,113.086,OUT018,2009,Medium,Tier 3,Supermarket Type2,1230.14
DRL47,19.7,Low Fat,0.038955892,Hard Drinks,125.1362,OUT017,2007,,Tier 2,Supermarket Type1,1258.09
DRK01,7.63,low fat,0.061064307,Soft Drinks,95.9436,OUT046,1997,Small,Tier 1,Supermarket Type1,1000.14
FDC22,,Regular,0.238868509,Snack Foods,191.382,OUT019,1985,Small,Tier 1,Grocery Store,1036.12
FDG44,6.13,Low Fat,0.10210591,Fruits and Vegetables,52.9298,OUT013,1987,High,Tier 3,Supermarket Type1,930.13
FDW04,8.985,Regular,0.057816167,Frozen Foods,130.331,OUT035,2004,Small,Tier 2,Supermarket Type1,1262.68
FDK09,15.2,Low Fat,0.09190597,Snack Foods,227.9352,OUT049,1999,Medium,Tier 1,Supermarket Type1,2059.33
NCN43,12.15,Low Fat,0.006758464,Others,121.973,OUT035,2004,Small,Tier 2,Supermarket Type1,1358.82
FDG04,13.1,Low Fat,0.006072138,Frozen Foods,187.3898,OUT049,1999,Medium,Tier 1,Supermarket Type1,1571.88
FDH32,12.8,Low Fat,0.127308909,Fruits and Vegetables,94.741,OUT010,1998,,Tier 3,Grocery Store,388.1
DRI47,14.7,Low Fat,0.021038512,Hard Drinks,145.7128,OUT017,2007,,Tier 2,Supermarket Type1,1284.39
DRE15,13.35,Low Fat,0.017770596,Dairy,75.3012,OUT013,1987,High,Tier 3,Supermarket Type1,1037.61
FDY11,6.71,Regular,0.029554862,Baking Goods,67.8142,OUT035,2004,Small,Tier 2,Supermarket Type1,786.35
FDO60,20,Low Fat,0.034422963,Baking Goods,44.4086,OUT049,1999,Medium,Tier 1,Supermarket Type1,993.27
FDQ20,8.325,Low Fat,0.029906169,Fruits and Vegetables,41.1138,OUT018,2009,Medium,Tier 3,Supermarket Type2,1014.49
FDO57,,Low Fat,0.108183728,Snack Foods,161.2578,OUT027,1985,Medium,Tier 3,Supermarket Type3,1871.05
FDT14,,Regular,0.223633668,Dairy,119.944,OUT019,1985,Small,Tier 1,Grocery Store,736.92
FDA57,18.85,Low Fat,0.039705236,Snack Foods,40.348,OUT049,1999,Medium,Tier 1,Supermarket Type1,1106.13
DRN35,8.01,Low Fat,0.070644938,Hard Drinks,35.8532,OUT017,2007,,Tier 2,Supermarket Type1,884.68
FDJ03,12.35,Regular,0.072394912,Dairy,50.3692,OUT046,1997,Small,Tier 1,Supermarket Type1,599.33
FDX28,6.325,Low Fat,0.12588618,Frozen Foods,101.2042,OUT017,2007,,Tier 2,Supermarket Type1,855.6
DRE25,15.35,Low Fat,0.073431813,Soft Drinks,91.312,OUT045,2002,,Tier 2,Supermarket Type1,948.58
FDR09,18.25,Low Fat,0.077724599,Snack Foods,260.2962,OUT046,1997,Small,Tier 1,Supermarket Type1,1901.43
FDB23,19.2,Regular,0.005587545,Starchy Foods,226.3062,OUT035,2004,Small,Tier 2,Supermarket Type1,1773.06
FDO08,11.1,Regular,0.053884439,Fruits and Vegetables,163.8526,OUT045,2002,,Tier 2,Supermarket Type1,1446.39
FDQ23,6.55,Low Fat,0.024563959,Breads,100.9332,OUT049,1999,Medium,Tier 1,Supermarket Type1,1261.88
FDW04,8.985,Regular,0.057778979,Frozen Foods,130.331,OUT013,1987,High,Tier 3,Supermarket Type1,1427.71
DRK13,11.8,Low Fat,0.192766917,Soft Drinks,198.1084,OUT010,1998,,Tier 3,Grocery Store,1155.71
NCL17,,LF,0.067451486,Health and Hygiene,142.0812,OUT027,1985,Medium,Tier 3,Supermarket Type3,1882.24
FDY21,15.1,Low Fat,0.173448501,Snack Foods,194.611,OUT035,2004,Small,Tier 2,Supermarket Type1,1239.96
FDJ38,,Regular,0,Canned,189.053,OUT027,1985,Medium,Tier 3,Supermarket Type3,1874.29
FDA37,,Regular,0.096694919,Canned,126.5046,OUT019,1985,Small,Tier 1,Grocery Store,640.25
FDV43,16,Low Fat,0.076791671,Fruits and Vegetables,44.5086,OUT013,1987,High,Tier 3,Supermarket Type1,808.68
FDL36,15.1,Low Fat,0.076075485,Baking Goods,91.683,OUT046,1997,Small,Tier 1,Supermarket Type1,959.49
FDD53,16.2,Low Fat,0.044312181,Frozen Foods,40.9454,OUT045,2002,,Tier 2,Supermarket Type1,783.72
FDZ19,6.425,Low Fat,0.156424341,Fruits and Vegetables,176.3712,OUT010,1998,,Tier 3,Grocery Store,926.23
FDV21,11.5,Low Fat,0.171429906,Snack Foods,125.8704,OUT045,2002,,Tier 2,Supermarket Type1,1177.5
NCL54,12.6,Low Fat,0,Household,173.2054,OUT018,2009,Medium,Tier 3,Supermarket Type2,1846.83
DRI47,,Low Fat,0.020818872,Hard Drinks,144.4128,OUT027,1985,Medium,Tier 3,Supermarket Type3,1906.03
DRG03,14.5,Low Fat,0.062082947,Dairy,155.7998,OUT049,1999,Medium,Tier 1,Supermarket Type1,1702.52
FDG21,17.35,Regular,0.146178155,Seafood,149.905,OUT013,1987,High,Tier 3,Supermarket Type1,1230.37
FDW03,5.63,Regular,0.024641247,Meat,104.6306,OUT018,2009,Medium,Tier 3,Supermarket Type2,1145.7
NCI55,18.6,Low Fat,0.012653565,Household,121.2414,OUT046,1997,Small,Tier 1,Supermarket Type1,1135.64
DRC36,,Regular,0.078762707,Soft Drinks,175.6054,OUT019,1985,Small,Tier 1,Grocery Store,969.44
FDH22,6.405,LF,0.13707192,Snack Foods,128.5678,OUT017,2007,,Tier 2,Supermarket Type1,1082.59
FDV20,20.2,Regular,0.059922682,Fruits and Vegetables,127.8678,OUT045,2002,,Tier 2,Supermarket Type1,1281.74
NCU41,,Low Fat,0.051802741,Health and Hygiene,192.8846,OUT027,1985,Medium,Tier 3,Supermarket Type3,2039.74
FDN46,,Regular,0.143931094,Snack Foods,104.3332,OUT027,1985,Medium,Tier 3,Supermarket Type3,1506.79
FDK50,7.96,Low Fat,0.028420724,Canned,161.8894,OUT045,2002,,Tier 2,Supermarket Type1,1522.53
NCA05,,Low Fat,0.025008936,Health and Hygiene,147.6734,OUT027,1985,Medium,Tier 3,Supermarket Type3,1926.2
DRH01,17.5,Low Fat,0.098302848,Soft Drinks,173.4738,OUT018,2009,Medium,Tier 3,Supermarket Type2,1874.13
FDT08,13.65,Low Fat,0.049418994,Fruits and Vegetables,149.505,OUT018,2009,Medium,Tier 3,Supermarket Type2,1395.35
FDM08,10.1,Regular,0.053802487,Fruits and Vegetables,224.2088,OUT018,2009,Medium,Tier 3,Supermarket Type2,1814.43
FDZ07,15.1,Regular,0.093873561,Fruits and Vegetables,60.5194,OUT035,2004,Small,Tier 2,Supermarket Type1,660.07
FDS22,16.85,Regular,0.02328537,Snack Foods,45.4428,OUT017,2007,,Tier 2,Supermarket Type1,769.93
FDV35,,Low Fat,0.127585158,Breads,156.5314,OUT027,1985,Medium,Tier 3,Supermarket Type3,1703.6
FDI28,14.3,Low Fat,0.044057131,Frozen Foods,77.9302,OUT010,1998,,Tier 3,Grocery Store,516.06
FDW58,,Low Fat,0.007516517,Snack Foods,107.6622,OUT027,1985,Medium,Tier 3,Supermarket Type3,1616.88
FDT52,9.695,Regular,0.047525766,Frozen Foods,245.2144,OUT045,2002,,Tier 2,Supermarket Type1,1944.77
FDY34,10.5,Regular,0.010981858,Snack Foods,164.1842,OUT046,1997,Small,Tier 1,Supermarket Type1,1544.63
FDR10,17.6,Low Fat,0.010039894,Snack Foods,160.6552,OUT046,1997,Small,Tier 1,Supermarket Type1,1612.77
FDK57,10.195,Low Fat,0.080747059,Snack Foods,120.544,OUT017,2007,,Tier 2,Supermarket Type1,1343.68
FDR02,,Low Fat,0.021958822,Dairy,109.2886,OUT027,1985,Medium,Tier 3,Supermarket Type3,1396.82
FDX49,4.615,Regular,0.101831776,Canned,234.03,OUT046,1997,Small,Tier 1,Supermarket Type1,1552.82
FDQ20,8.325,Low Fat,0.029784839,Fruits and Vegetables,40.4138,OUT046,1997,Small,Tier 1,Supermarket Type1,615.74
DRK23,8.395,Low Fat,0.072122618,Hard Drinks,252.104,OUT045,2002,,Tier 2,Supermarket Type1,1809.43
NCW06,16.2,Low Fat,0.050340436,Household,191.6162,OUT046,1997,Small,Tier 1,Supermarket Type1,1557.98
FDR31,6.46,Regular,0.04944097,Fruits and Vegetables,146.4102,OUT017,2007,,Tier 2,Supermarket Type1,1308.98
NCE43,12.5,Low Fat,0.103356186,Household,168.9448,OUT013,1987,High,Tier 3,Supermarket Type1,1573.68
DRO59,,Low Fat,0.053892008,Hard Drinks,76.6012,OUT027,1985,Medium,Tier 3,Supermarket Type3,1447.3
FDN09,14.15,Low Fat,0.03492891,Snack Foods,244.4828,OUT049,1999,Medium,Tier 1,Supermarket Type1,2156.27
FDR11,10.5,Regular,0.142538224,Breads,161.1578,OUT046,1997,Small,Tier 1,Supermarket Type1,1452.58
FDO57,20.75,Low Fat,0.108619696,Snack Foods,161.9578,OUT013,1987,High,Tier 3,Supermarket Type1,1736.26
NCX18,14.15,Low Fat,0.008843726,Household,196.711,OUT017,2007,,Tier 2,Supermarket Type1,1497
FDB05,5.155,Low Fat,0.083537256,Frozen Foods,248.8776,OUT018,2009,Medium,Tier 3,Supermarket Type2,1900.73
FDQ08,15.7,Regular,0.019007466,Fruits and Vegetables,60.3536,OUT018,2009,Medium,Tier 3,Supermarket Type2,1032.74
NCG43,20.2,Low Fat,0.074225409,Household,94.0462,OUT035,2004,Small,Tier 2,Supermarket Type1,946.85
FDJ56,8.985,Low Fat,0.183250395,Fruits and Vegetables,101.87,OUT013,1987,High,Tier 3,Supermarket Type1,1040.25
FDA13,15.85,Low Fat,0.131484879,Canned,35.9506,OUT010,1998,,Tier 3,Grocery Store,229.34
FDO56,10.195,Regular,0.045236996,Fruits and Vegetables,116.3808,OUT017,2007,,Tier 2,Supermarket Type1,1216.75
FDB37,20.25,Regular,0,Baking Goods,240.4538,OUT018,2009,Medium,Tier 3,Supermarket Type2,2257.25
FDZ02,6.905,Regular,0.038302823,Dairy,96.6726,OUT018,2009,Medium,Tier 3,Supermarket Type2,1375.56
FDQ24,15.7,Low Fat,0.073666699,Baking Goods,249.9724,OUT046,1997,Small,Tier 1,Supermarket Type1,2045.45
FDM16,8.155,Regular,0.033527475,Frozen Foods,74.0354,OUT013,1987,High,Tier 3,Supermarket Type1,1238.1
FDU35,6.44,Low Fat,0.079338525,Breads,99.47,OUT049,1999,Medium,Tier 1,Supermarket Type1,980.76
FDT35,19.85,Regular,0.081439977,Breads,168.9816,OUT035,2004,Small,Tier 2,Supermarket Type1,1282.05
NCX30,16.7,Low Fat,0.026662015,Household,247.5776,OUT049,1999,Medium,Tier 1,Supermarket Type1,1988.58
FDG04,13.1,Low Fat,0.006097005,Frozen Foods,187.2898,OUT017,2007,,Tier 2,Supermarket Type1,1557.31
FDI12,9.395,Regular,0.100379956,Baking Goods,86.2856,OUT035,2004,Small,Tier 2,Supermarket Type1,847.99
FDE35,7.06,Regular,0.043892097,Starchy Foods,60.0904,OUT035,2004,Small,Tier 2,Supermarket Type1,775.41
NCP14,,Low Fat,0.109755674,Household,106.0306,OUT027,1985,Medium,Tier 3,Supermarket Type3,1533.89
NCY53,20,Low Fat,0.058599942,Health and Hygiene,110.1544,OUT045,2002,,Tier 2,Supermarket Type1,1282.11
FDP49,9,Regular,0.069479757,Breakfast,55.1614,OUT017,2007,,Tier 2,Supermarket Type1,929.86
FDQ04,6.4,Low Fat,0.085233007,Frozen Foods,42.2796,OUT017,2007,,Tier 2,Supermarket Type1,863.63
FDM39,6.42,Low Fat,0.053460551,Dairy,178.9002,OUT035,2004,Small,Tier 2,Supermarket Type1,1600.78
FDO58,,Low Fat,0.06929452,Snack Foods,162.5526,OUT019,1985,Small,Tier 1,Grocery Store,825.17
FDC56,7.72,Low Fat,0.122208091,Fruits and Vegetables,119.344,OUT017,2007,,Tier 2,Supermarket Type1,973.44
NCQ54,17.7,Low Fat,0.012542375,Household,167.4474,OUT046,1997,Small,Tier 1,Supermarket Type1,1413.57
FDV10,,Regular,0.066383024,Snack Foods,42.6112,OUT027,1985,Medium,Tier 3,Supermarket Type3,1119.12
NCK17,11,Low Fat,0.037894845,Health and Hygiene,40.348,OUT046,1997,Small,Tier 1,Supermarket Type1,718.81
NCF55,,Low Fat,0.021561415,Household,36.4874,OUT027,1985,Medium,Tier 3,Supermarket Type3,1199.78
FDV33,9.6,Regular,0.027320856,Snack Foods,259.8304,OUT013,1987,High,Tier 3,Supermarket Type1,2139.68
NCH29,,Low Fat,0.060359181,Health and Hygiene,96.2726,OUT019,1985,Small,Tier 1,Grocery Store,727.68
FDA37,,Regular,0.054959317,Canned,125.5046,OUT027,1985,Medium,Tier 3,Supermarket Type3,1770.31
FDH46,6.935,Regular,0.041450453,Snack Foods,101.9332,OUT018,2009,Medium,Tier 3,Supermarket Type2,1450.87
FDS25,6.885,Regular,0.13998208,Canned,110.6228,OUT035,2004,Small,Tier 2,Supermarket Type1,755.64
FDH04,,Regular,0.011317898,Frozen Foods,89.7488,OUT027,1985,Medium,Tier 3,Supermarket Type3,1322.93
FDX52,11.5,Regular,0.042002566,Frozen Foods,191.382,OUT046,1997,Small,Tier 1,Supermarket Type1,1444.3
NCD42,16.5,Low Fat,0.012709331,Health and Hygiene,37.1506,OUT017,2007,,Tier 2,Supermarket Type1,724.39
FDW47,15,Low Fat,0.046637544,Breads,121.9414,OUT017,2007,,Tier 2,Supermarket Type1,1186.7
FDL25,,Regular,0.130290904,Breakfast,92.9804,OUT027,1985,Medium,Tier 3,Supermarket Type3,1381.63
NCJ06,20.1,Low Fat,0.05800138,Household,120.3782,OUT010,1998,,Tier 3,Grocery Store,807.58
FDY09,15.6,Low Fat,0.025179178,Snack Foods,173.7054,OUT013,1987,High,Tier 3,Supermarket Type1,1715.92
FDS40,15.35,Low Fat,0,Frozen Foods,37.219,OUT046,1997,Small,Tier 1,Supermarket Type1,883.15
FDH41,9,Low Fat,0.082475411,Frozen Foods,215.1534,OUT017,2007,,Tier 2,Supermarket Type1,1810.12
FDG38,8.975,Regular,0.05271917,Canned,84.9224,OUT035,2004,Small,Tier 2,Supermarket Type1,1077.45
FDU03,,Regular,0.091134452,Meat,180.6292,OUT027,1985,Medium,Tier 3,Supermarket Type3,1719.94
FDV20,20.2,Regular,0.059801403,Fruits and Vegetables,127.9678,OUT046,1997,Small,Tier 1,Supermarket Type1,1109.4
DRB13,6.115,Regular,0.007058626,Soft Drinks,190.653,OUT045,2002,,Tier 2,Supermarket Type1,1470.04
NCQ30,7.725,Low Fat,0.029048089,Household,120.2414,OUT013,1987,High,Tier 3,Supermarket Type1,1221.26
NCH06,12.3,Low Fat,0.076490678,Household,245.146,OUT013,1987,High,Tier 3,Supermarket Type1,1934.56
FDU50,5.75,Regular,0,Dairy,112.8176,OUT018,2009,Medium,Tier 3,Supermarket Type2,1366.75
NCO42,,Low Fat,0.043168763,Household,145.2102,OUT019,1985,Small,Tier 1,Grocery Store,950.3
FDW09,13.65,Regular,0.026026406,Snack Foods,80.0302,OUT018,2009,Medium,Tier 3,Supermarket Type2,1292.29
FDH04,6.115,Regular,0.011363508,Frozen Foods,90.6488,OUT013,1987,High,Tier 3,Supermarket Type1,1248.15
FDC21,14.6,Regular,0.043045942,Fruits and Vegetables,107.7254,OUT045,2002,,Tier 2,Supermarket Type1,1299.95
FDL21,15.85,Regular,0.007157526,Snack Foods,40.448,OUT049,1999,Medium,Tier 1,Supermarket Type1,1137.97
FDM46,7.365,Low Fat,0.267753377,Snack Foods,93.612,OUT010,1998,,Tier 3,Grocery Store,172.44
FDT22,,Low Fat,0.196267755,Snack Foods,60.422,OUT019,1985,Small,Tier 1,Grocery Store,167.18
FDB28,6.615,Low Fat,0.093367723,Dairy,198.4426,OUT035,2004,Small,Tier 2,Supermarket Type1,1364.71
FDI12,9.395,Regular,0.100807923,Baking Goods,88.4856,OUT018,2009,Medium,Tier 3,Supermarket Type2,1099.71
FDA28,16.1,Regular,0.047898827,Frozen Foods,126.2362,OUT045,2002,,Tier 2,Supermarket Type1,1228.89
FDF59,12.5,Low Fat,0.071184721,Starchy Foods,127.902,OUT013,1987,High,Tier 3,Supermarket Type1,1338.89
FDM45,,Regular,0.087767643,Snack Foods,122.2756,OUT027,1985,Medium,Tier 3,Supermarket Type3,1630.02
FDQ56,6.59,Low Fat,0.106194617,Fruits and Vegetables,83.1908,OUT017,2007,,Tier 2,Supermarket Type1,984.1
FDR46,16.85,Low Fat,0.139634411,Snack Foods,146.076,OUT049,1999,Medium,Tier 1,Supermarket Type1,1538.7
FDT01,13.65,Regular,0.184014453,Canned,212.4902,OUT013,1987,High,Tier 3,Supermarket Type1,1858.63
FDD16,,Low Fat,0.036177057,Frozen Foods,74.7696,OUT027,1985,Medium,Tier 3,Supermarket Type3,1563.17
NCU30,5.11,Low Fat,0.05837308,Household,161.221,OUT010,1998,,Tier 3,Grocery Store,722.95
FDM40,10.195,Low Fat,0.267701662,Frozen Foods,143.7154,OUT010,1998,,Tier 3,Grocery Store,510.87
FDI56,7.325,Low Fat,0.093367723,Fruits and Vegetables,93.1146,OUT035,2004,Small,Tier 2,Supermarket Type1,796.37
NCS30,5.945,Low Fat,0.092948793,Household,127.5652,OUT013,1987,High,Tier 3,Supermarket Type1,1203.57
FDU08,10.3,Low Fat,0.027469924,Fruits and Vegetables,98.9042,OUT017,2007,,Tier 2,Supermarket Type1,1062.35
FDX51,,Regular,0.021951904,Meat,195.1452,OUT027,1985,Medium,Tier 3,Supermarket Type3,2059.04
FDA43,10.895,Low Fat,0.064806913,Fruits and Vegetables,196.6794,OUT045,2002,,Tier 2,Supermarket Type1,1644.68
FDX59,10.195,Low Fat,0.086470378,Breads,33.6558,OUT010,1998,,Tier 3,Grocery Store,290.65
FDC37,15.5,Low Fat,0.033007266,Baking Goods,106.0938,OUT018,2009,Medium,Tier 3,Supermarket Type2,1491.31
FDP58,11.1,Low Fat,0.135029856,Snack Foods,218.9482,OUT013,1987,High,Tier 3,Supermarket Type1,1926.39
NCY42,6.38,Low Fat,0.015159706,Household,142.447,OUT035,2004,Small,Tier 2,Supermarket Type1,1427.47
FDF21,10.3,Regular,0.059067021,Fruits and Vegetables,189.653,OUT018,2009,Medium,Tier 3,Supermarket Type2,1601.03
FDU10,,Regular,0.045470757,Snack Foods,38.1848,OUT027,1985,Medium,Tier 3,Supermarket Type3,1032.59
DRL47,19.7,Low Fat,0.038894579,Hard Drinks,124.7362,OUT018,2009,Medium,Tier 3,Supermarket Type2,1401.94
FDA58,9.395,Low Fat,0,Snack Foods,237.6932,OUT018,2009,Medium,Tier 3,Supermarket Type2,2023.08
FDJ22,18.75,LF,0.05289235,Snack Foods,192.7504,OUT049,1999,Medium,Tier 1,Supermarket Type1,1750.77
FDK50,7.96,LF,0.028363203,Canned,160.4894,OUT046,1997,Small,Tier 1,Supermarket Type1,1396.88
FDO38,17.25,Low Fat,0.072825279,Canned,78.1986,OUT035,2004,Small,Tier 2,Supermarket Type1,956.3
DRF60,10.8,Low Fat,0.052058877,Soft Drinks,239.7564,OUT035,2004,Small,Tier 2,Supermarket Type1,1855.41
NCZ42,,Low Fat,0.019763707,Household,236.3248,OUT019,1985,Small,Tier 1,Grocery Store,1564.5
FDD35,12.15,Low Fat,0.025904641,Starchy Foods,118.844,OUT049,1999,Medium,Tier 1,Supermarket Type1,1507.38
FDL25,6.92,Regular,0.131190433,Breakfast,92.7804,OUT045,2002,,Tier 2,Supermarket Type1,1139.66
FDJ16,9.195,Low Fat,0.114790042,Frozen Foods,57.3246,OUT013,1987,High,Tier 3,Supermarket Type1,721.34
DRK59,8.895,Low Fat,0.075567131,Hard Drinks,234.8616,OUT049,1999,Medium,Tier 1,Supermarket Type1,1787.99
FDI50,8.42,Regular,0.030842666,Canned,231.0352,OUT046,1997,Small,Tier 1,Supermarket Type1,1680.88
NCB19,6.525,Low Fat,0.09047883,Household,87.1882,OUT045,2002,,Tier 2,Supermarket Type1,889.78
DRI37,15.85,Low Fat,0.107577534,Soft Drinks,59.8904,OUT035,2004,Small,Tier 2,Supermarket Type1,746.53
FDA14,,Low Fat,0.064867575,Dairy,147.876,OUT027,1985,Medium,Tier 3,Supermarket Type3,1772.44
FDC08,19,Regular,0.103871404,Fruits and Vegetables,227.772,OUT018,2009,Medium,Tier 3,Supermarket Type2,2059.26
FDS45,5.175,Regular,0.029495954,Snack Foods,104.5622,OUT046,1997,Small,Tier 1,Supermarket Type1,1148.77
FDI21,5.59,Regular,0.056690821,Snack Foods,63.4168,OUT049,1999,Medium,Tier 1,Supermarket Type1,1097.9
DRJ47,18.25,Low Fat,0.044241936,Hard Drinks,174.308,OUT035,2004,Small,Tier 2,Supermarket Type1,1634.63
DRE37,,Low Fat,0.09376333,Soft Drinks,188.8872,OUT027,1985,Medium,Tier 3,Supermarket Type3,1755.99
FDT55,13.6,Regular,0.043832988,Fruits and Vegetables,158.0946,OUT018,2009,Medium,Tier 3,Supermarket Type2,1476.27
NCG42,,Low Fat,0.041028183,Household,129.131,OUT027,1985,Medium,Tier 3,Supermarket Type3,1548.8
FDA31,7.1,Low Fat,0.110182726,Fruits and Vegetables,171.208,OUT049,1999,Medium,Tier 1,Supermarket Type1,1437.18
NCW42,18.2,Low Fat,0,Household,222.0456,OUT046,1997,Small,Tier 1,Supermarket Type1,1770.65
FDF50,4.905,Low Fat,0.117994019,Canned,195.2768,OUT017,2007,,Tier 2,Supermarket Type1,1491.16
FDK56,9.695,Low Fat,0.130200124,Fruits and Vegetables,186.7898,OUT049,1999,Medium,Tier 1,Supermarket Type1,1634.03
FDX10,6.385,Regular,0.123687134,Snack Foods,36.8874,OUT035,2004,Small,Tier 2,Supermarket Type1,619.26
NCK07,,Low Fat,0.048450921,Others,163.3526,OUT027,1985,Medium,Tier 3,Supermarket Type3,1952.33
FDZ49,11,Regular,0.133898743,Canned,222.0798,OUT017,2007,,Tier 2,Supermarket Type1,1814.93
FDR33,7.31,Low Fat,0.026766644,Snack Foods,108.657,OUT013,1987,High,Tier 3,Supermarket Type1,1408.69
FDO44,12.6,Low Fat,0,Fruits and Vegetables,110.8228,OUT018,2009,Medium,Tier 3,Supermarket Type2,1217.73
FDA20,6.78,Low Fat,0.066621085,Fruits and Vegetables,186.624,OUT046,1997,Small,Tier 1,Supermarket Type1,1330.93
NCL30,18.1,Low Fat,0.049039681,Household,127.8336,OUT045,2002,,Tier 2,Supermarket Type1,1169.65
FDI05,,Regular,0.222132498,Frozen Foods,74.4354,OUT019,1985,Small,Tier 1,Grocery Store,287.98
FDQ12,12.65,Low Fat,0.035554996,Baking Goods,228.501,OUT018,2009,Medium,Tier 3,Supermarket Type2,1981.31
FDH47,13.5,Regular,0,Starchy Foods,95.8068,OUT017,2007,,Tier 2,Supermarket Type1,1116.44
FDH34,8.63,Low Fat,0.031221915,Snack Foods,185.8582,OUT018,2009,Medium,Tier 3,Supermarket Type2,1796.53
FDF29,15.1,Regular,0.019934187,Frozen Foods,131.431,OUT046,1997,Small,Tier 1,Supermarket Type1,1349.63
FDG40,13.65,Low Fat,0.039986574,Frozen Foods,34.3558,OUT018,2009,Medium,Tier 3,Supermarket Type2,1064.52
NCE18,10,Low Fat,0.021546531,Household,249.175,OUT017,2007,,Tier 2,Supermarket Type1,2064.07
FDP21,7.42,Regular,0.043084893,Snack Foods,189.1872,OUT010,1998,,Tier 3,Grocery Store,1263.69
FDY50,5.8,Low Fat,0.130846833,Dairy,88.6172,OUT013,1987,High,Tier 3,Supermarket Type1,836.23
FDB36,5.465,Regular,0,Baking Goods,129.2626,OUT049,1999,Medium,Tier 1,Supermarket Type1,1232.2
NCZ29,15,Low Fat,0.071482421,Health and Hygiene,127.2362,OUT049,1999,Medium,Tier 1,Supermarket Type1,1260.46
FDU20,19.35,Regular,0.02154496,Fruits and Vegetables,119.0098,OUT018,2009,Medium,Tier 3,Supermarket Type2,1407.61
FDO56,10.195,Regular,0.044945123,Fruits and Vegetables,117.7808,OUT013,1987,High,Tier 3,Supermarket Type1,1252.71
FDW31,11.35,Regular,0.043225203,Fruits and Vegetables,197.7742,OUT049,1999,Medium,Tier 1,Supermarket Type1,1759.31
DRH59,10.8,Low Fat,0.058384823,Hard Drinks,74.838,OUT013,1987,High,Tier 3,Supermarket Type1,1082.66
NCB30,14.6,Low Fat,0.02584838,Household,197.5084,OUT017,2007,,Tier 2,Supermarket Type1,1740.23
FDK43,,Low Fat,0.026710788,Meat,127.902,OUT027,1985,Medium,Tier 3,Supermarket Type3,1788.92
FDW43,20.1,Regular,0.022470715,Fruits and Vegetables,229.3036,OUT045,2002,,Tier 2,Supermarket Type1,2030.65
NCL19,15.35,Low Fat,0.015764902,Others,141.147,OUT017,2007,,Tier 2,Supermarket Type1,1555.57
FDJ27,17.7,Regular,0.121876033,Meat,100.3674,OUT046,1997,Small,Tier 1,Supermarket Type1,858.23
FDC45,17,low fat,0.135733218,Fruits and Vegetables,169.9106,OUT046,1997,Small,Tier 1,Supermarket Type1,1260.35
FDY40,15.5,Regular,0.085818761,Frozen Foods,51.2692,OUT035,2004,Small,Tier 2,Supermarket Type1,629.24
NCM41,16.5,Low Fat,0.035649249,Health and Hygiene,91.912,OUT035,2004,Small,Tier 2,Supermarket Type1,941.93
NCK18,,Low Fat,0.011727514,Household,164.5184,OUT019,1985,Small,Tier 1,Grocery Store,1021.8
FDP37,15.6,Low Fat,0.143328443,Breakfast,129.7994,OUT049,1999,Medium,Tier 1,Supermarket Type1,1331.1
FDA27,,Regular,0.030777863,Dairy,255.5672,OUT027,1985,Medium,Tier 3,Supermarket Type3,2419.42
NCX30,16.7,Low Fat,0.026615593,Household,247.4776,OUT035,2004,Small,Tier 2,Supermarket Type1,1955.07
FDR09,18.25,Low Fat,0.078164241,Snack Foods,256.9962,OUT017,2007,,Tier 2,Supermarket Type1,2088.88
FDG08,,Regular,0.164558565,Fruits and Vegetables,172.6764,OUT027,1985,Medium,Tier 3,Supermarket Type3,1954.12
NCU30,5.11,Low Fat,0.034845668,Household,164.621,OUT013,1987,High,Tier 3,Supermarket Type1,1711.82
FDB16,8.21,Low Fat,0.045179902,Dairy,87.8198,OUT017,2007,,Tier 2,Supermarket Type1,827.82
FDM16,8.155,Regular,0.033745202,Frozen Foods,73.6354,OUT017,2007,,Tier 2,Supermarket Type1,796.71
FDC48,9.195,Low Fat,0.015846096,Baking Goods,81.5592,OUT013,1987,High,Tier 3,Supermarket Type1,1010.68
NCF18,18.35,Low Fat,0.088982596,Household,189.9504,OUT046,1997,Small,Tier 1,Supermarket Type1,1502.09
FDU46,10.3,reg,0.011171624,Snack Foods,86.954,OUT018,2009,Medium,Tier 3,Supermarket Type2,1226.29
FDH41,9,Low Fat,0.082345601,Frozen Foods,214.5534,OUT018,2009,Medium,Tier 3,Supermarket Type2,1891.93
NCN42,20.25,Low Fat,0.023805745,Household,145.5418,OUT010,1998,,Tier 3,Grocery Store,1000.8
FDU49,19.5,Regular,0.030694361,Canned,88.254,OUT046,1997,Small,Tier 1,Supermarket Type1,1151.27
FDB20,,Low Fat,0.051728948,Fruits and Vegetables,77.9986,OUT027,1985,Medium,Tier 3,Supermarket Type3,1503.94
FDG50,,Low Fat,0.026738937,Canned,89.6146,OUT019,1985,Small,Tier 1,Grocery Store,787.32
FDW20,20.75,Low Fat,0.024198404,Fruits and Vegetables,122.073,OUT045,2002,,Tier 2,Supermarket Type1,1492.87
NCO55,12.8,Low Fat,0.091178768,Others,109.1938,OUT049,1999,Medium,Tier 1,Supermarket Type1,1072.11
FDX48,17.75,Regular,0.037887894,Baking Goods,154.6656,OUT046,1997,Small,Tier 1,Supermarket Type1,1281.81
FDU48,18.85,Low Fat,0.055358452,Baking Goods,132.7284,OUT046,1997,Small,Tier 1,Supermarket Type1,1190.13
FDR48,,Low Fat,0.230246928,Baking Goods,152.1024,OUT019,1985,Small,Tier 1,Grocery Store,731.84
FDK27,11,Low Fat,0.008939091,Meat,122.7756,OUT013,1987,High,Tier 3,Supermarket Type1,1336.22
FDT35,19.85,Regular,0.081387594,Breads,166.0816,OUT013,1987,High,Tier 3,Supermarket Type1,1608.15
FDN12,15.6,Low Fat,0.081230024,Baking Goods,109.8544,OUT049,1999,Medium,Tier 1,Supermarket Type1,1326.29
NCE31,,low fat,0.323637245,Household,35.5216,OUT019,1985,Small,Tier 1,Grocery Store,154.6
FDL21,15.85,Regular,0.007186838,Snack Foods,41.148,OUT017,2007,,Tier 2,Supermarket Type1,960.8
FDV56,16.1,Regular,0.013672625,Fruits and Vegetables,106.8596,OUT017,2007,,Tier 2,Supermarket Type1,1355.12
FDR16,5.845,Regular,0.105612027,Frozen Foods,214.8218,OUT017,2007,,Tier 2,Supermarket Type1,1430.38
NCP41,16.6,Low Fat,0.016235909,Health and Hygiene,108.9596,OUT049,1999,Medium,Tier 1,Supermarket Type1,1170.87
FDJ27,17.7,Regular,0.121774611,Meat,101.8674,OUT013,1987,High,Tier 3,Supermarket Type1,1061.57
FDA07,7.55,Regular,0.03111966,Fruits and Vegetables,122.6072,OUT017,2007,,Tier 2,Supermarket Type1,1113.18
FDK55,18.5,Low Fat,0.02580175,Meat,89.0172,OUT049,1999,Medium,Tier 1,Supermarket Type1,1176.87
FDM33,15.6,Low Fat,0.087856073,Snack Foods,220.7798,OUT049,1999,Medium,Tier 1,Supermarket Type1,1862.42
FDY46,18.6,Low Fat,0.047889939,Snack Foods,186.9898,OUT046,1997,Small,Tier 1,Supermarket Type1,1610.54
FDD36,13.3,Low Fat,0.021273561,Baking Goods,117.8124,OUT046,1997,Small,Tier 1,Supermarket Type1,1253.92
FDB12,,Regular,0.104797702,Baking Goods,101.8648,OUT027,1985,Medium,Tier 3,Supermarket Type3,1562.44
FDF28,,Regular,0.066296239,Frozen Foods,125.9046,OUT019,1985,Small,Tier 1,Grocery Store,926.31
NCE07,,Low Fat,0.022988989,Household,143.3154,OUT019,1985,Small,Tier 1,Grocery Store,1098.04
FDW50,,Low Fat,0.075212058,Dairy,165.1158,OUT027,1985,Medium,Tier 3,Supermarket Type3,1646.95
NCW18,15.1,Low Fat,0.059660386,Household,236.7248,OUT017,2007,,Tier 2,Supermarket Type1,1699.99
NCJ17,,Low Fat,0.267106722,Health and Hygiene,85.4224,OUT019,1985,Small,Tier 1,Grocery Store,269.93
DRZ24,7.535,Low Fat,0.13689554,Soft Drinks,120.244,OUT010,1998,,Tier 3,Grocery Store,540.88
FDS07,12.35,Low Fat,0,Fruits and Vegetables,115.0518,OUT035,2004,Small,Tier 2,Supermarket Type1,1096.23
NCW05,20.25,Low Fat,0.247843179,Health and Hygiene,107.6938,OUT010,1998,,Tier 3,Grocery Store,535.01
FDZ22,9.395,Low Fat,0.045454306,Snack Foods,83.125,OUT018,2009,Medium,Tier 3,Supermarket Type2,1223.04
FDK02,12.5,Low Fat,0,Canned,118.144,OUT046,1997,Small,Tier 1,Supermarket Type1,1275.29
FDZ45,,Low Fat,0,Snack Foods,196.6084,OUT027,1985,Medium,Tier 3,Supermarket Type3,2183.85
FDL25,6.92,Regular,0.130924914,Breakfast,91.1804,OUT046,1997,Small,Tier 1,Supermarket Type1,1044.1
FDS08,5.735,Low Fat,0.057076739,Fruits and Vegetables,175.737,OUT045,2002,,Tier 2,Supermarket Type1,1634.33
NCZ42,,Low Fat,0.011233267,Household,235.5248,OUT027,1985,Medium,Tier 3,Supermarket Type3,2097.78
FDX57,17.25,Regular,0.047257274,Snack Foods,97.0068,OUT035,2004,Small,Tier 2,Supermarket Type1,883.76
FDF21,10.3,Regular,0.058827383,Fruits and Vegetables,189.853,OUT046,1997,Small,Tier 1,Supermarket Type1,1422.35
FDJ56,8.985,Low Fat,0.184150125,Fruits and Vegetables,98.47,OUT018,2009,Medium,Tier 3,Supermarket Type2,1074.74
FDX10,6.385,Regular,0.123607578,Snack Foods,36.4874,OUT013,1987,High,Tier 3,Supermarket Type1,707.13
DRG48,5.78,Low Fat,0.014552313,Soft Drinks,145.1102,OUT035,2004,Small,Tier 2,Supermarket Type1,1245.47
DRN37,9.6,Low Fat,0.096297398,Soft Drinks,167.3158,OUT046,1997,Small,Tier 1,Supermarket Type1,1407.77
NCY41,16.75,Low Fat,0.076044136,Health and Hygiene,34.9532,OUT018,2009,Medium,Tier 3,Supermarket Type2,1025.05
FDN28,5.88,Regular,0.030309247,Frozen Foods,103.499,OUT045,2002,,Tier 2,Supermarket Type1,1194.13
FDE34,9.195,Low Fat,0.108110205,Snack Foods,181.5634,OUT045,2002,,Tier 2,Supermarket Type1,1613.66
FDR10,17.6,Low Fat,0.010060255,Snack Foods,163.8552,OUT045,2002,,Tier 2,Supermarket Type1,1700.35
FDC32,18.35,Low Fat,0.099669602,Fruits and Vegetables,92.9462,OUT017,2007,,Tier 2,Supermarket Type1,870.95
DRG13,17.25,Low Fat,0.037186151,Soft Drinks,164.3526,OUT046,1997,Small,Tier 1,Supermarket Type1,1319.22
FDP59,20.85,Regular,0.056553503,Breads,104.9648,OUT049,1999,Medium,Tier 1,Supermarket Type1,1197.36
NCT53,5.4,LF,0.080536751,Health and Hygiene,165.8526,OUT010,1998,,Tier 3,Grocery Store,839.51
FDL57,,Regular,0.066751989,Snack Foods,257.4304,OUT027,1985,Medium,Tier 3,Supermarket Type3,2322.29
FDN32,17.5,Low Fat,0.026044866,Fruits and Vegetables,185.2266,OUT010,1998,,Tier 3,Grocery Store,1153.81
FDK09,15.2,Low Fat,0.092137107,Snack Foods,227.4352,OUT018,2009,Medium,Tier 3,Supermarket Type2,2027.37
FDA52,16.2,Regular,0.214952566,Frozen Foods,178.437,OUT010,1998,,Tier 3,Grocery Store,1011.35
FDC57,20.1,Regular,0.054679411,Fruits and Vegetables,193.282,OUT049,1999,Medium,Tier 1,Supermarket Type1,1901.54
FDI09,20.75,Regular,0.129313138,Seafood,239.488,OUT035,2004,Small,Tier 2,Supermarket Type1,1920.05
NCB07,19.2,Low Fat,0.077507549,Household,197.911,OUT046,1997,Small,Tier 1,Supermarket Type1,1814.15
FDP26,7.785,Low Fat,0.139526439,Dairy,103.1306,OUT035,2004,Small,Tier 2,Supermarket Type1,743.14
FDP40,,Regular,0.034190793,Frozen Foods,112.0544,OUT027,1985,Medium,Tier 3,Supermarket Type3,1447.03
FDL15,17.85,Low Fat,0.046595951,Meat,151.5682,OUT013,1987,High,Tier 3,Supermarket Type1,1427.64
FDV07,9.5,Low Fat,0,Fruits and Vegetables,111.3228,OUT046,1997,Small,Tier 1,Supermarket Type1,1086.78
FDS03,7.825,Low Fat,0.080079022,Meat,65.1826,OUT017,2007,,Tier 2,Supermarket Type1,816.21
FDE50,19.7,Regular,0.016230842,Canned,185.9556,OUT049,1999,Medium,Tier 1,Supermarket Type1,1788.05
FDQ15,20.35,Regular,0.15192798,Meat,79.4276,OUT017,2007,,Tier 2,Supermarket Type1,991.57
FDQ33,13.35,Low Fat,0.15266209,Snack Foods,150.3708,OUT010,1998,,Tier 3,Grocery Store,899.09
FDT22,10.395,Low Fat,0.112003932,Snack Foods,58.022,OUT013,1987,High,Tier 3,Supermarket Type1,1024.08
DRO35,13.85,Low Fat,0.03456382,Hard Drinks,117.2492,OUT035,2004,Small,Tier 2,Supermarket Type1,1290.71
FDJ41,6.85,LF,0.022918858,Frozen Foods,261.5594,OUT049,1999,Medium,Tier 1,Supermarket Type1,2292.9
FDQ27,5.19,Regular,0.044244253,Meat,104.899,OUT035,2004,Small,Tier 2,Supermarket Type1,826.45
FDC26,10.195,Low Fat,0.127097968,Canned,112.3886,OUT017,2007,,Tier 2,Supermarket Type1,945.11
NCF43,,Low Fat,0,Household,142.947,OUT027,1985,Medium,Tier 3,Supermarket Type3,1690.71
NCR50,20.2,Low Fat,0.011817852,Household,153.134,OUT035,2004,Small,Tier 2,Supermarket Type1,1337
FDE39,7.89,Low Fat,0.036281701,Dairy,119.6782,OUT018,2009,Medium,Tier 3,Supermarket Type2,1371.81
FDN49,,Regular,0.124618061,Breakfast,40.548,OUT027,1985,Medium,Tier 3,Supermarket Type3,1126.36
DRG11,6.385,Low Fat,0.083822437,Hard Drinks,107.3596,OUT035,2004,Small,Tier 2,Supermarket Type1,1034.73
NCA18,10.1,Low Fat,0.05616476,Household,117.0492,OUT049,1999,Medium,Tier 1,Supermarket Type1,1385.92
FDM36,11.65,Regular,0.058970075,Baking Goods,171.9422,OUT018,2009,Medium,Tier 3,Supermarket Type2,1813.16
FDW32,18.35,Regular,0.094830216,Fruits and Vegetables,85.6882,OUT017,2007,,Tier 2,Supermarket Type1,1180.39
NCQ18,15.75,Low Fat,0.226084177,Household,98.67,OUT010,1998,,Tier 3,Grocery Store,281.46
FDX14,,Low Fat,0.07457713,Dairy,76.2354,OUT027,1985,Medium,Tier 3,Supermarket Type3,1188.68
FDD46,6.035,Low Fat,0.142055011,Snack Foods,152.3998,OUT017,2007,,Tier 2,Supermarket Type1,1128.59
FDI34,,Regular,0.149062064,Snack Foods,232.1668,OUT019,1985,Small,Tier 1,Grocery Store,1213.26
NCJ17,7.68,Low Fat,0.152527644,Health and Hygiene,85.2224,OUT035,2004,Small,Tier 2,Supermarket Type1,755.21
FDB52,17.75,Low Fat,0.030429846,Dairy,257.2672,OUT035,2004,Small,Tier 2,Supermarket Type1,1918.83
FDV55,17.75,LF,0.055297776,Fruits and Vegetables,143.7444,OUT018,2009,Medium,Tier 3,Supermarket Type2,1599.08
FDC57,20.1,Regular,0.054594531,Fruits and Vegetables,191.682,OUT046,1997,Small,Tier 1,Supermarket Type1,1676.82
FDB29,16.7,Regular,0.052411676,Frozen Foods,115.2176,OUT046,1997,Small,Tier 1,Supermarket Type1,1271.43
NCO43,5.5,Low Fat,0.047089304,Others,100.1016,OUT035,2004,Small,Tier 2,Supermarket Type1,1101.68
FDG44,6.13,Low Fat,0.102398197,Fruits and Vegetables,52.7298,OUT045,2002,,Tier 2,Supermarket Type1,912.77
FDJ34,11.8,Regular,0.093845664,Snack Foods,126.4704,OUT045,2002,,Tier 2,Supermarket Type1,1001.73
FDH40,11.6,Regular,0.079052286,Frozen Foods,82.3276,OUT049,1999,Medium,Tier 1,Supermarket Type1,937.85
NCD07,,Low Fat,0.055160326,Household,111.9518,OUT027,1985,Medium,Tier 3,Supermarket Type3,1445.59
FDB41,19,Regular,0.097863571,Frozen Foods,46.0718,OUT017,2007,,Tier 2,Supermarket Type1,717.32
FDH47,13.5,Regular,0.129340955,Starchy Foods,95.7068,OUT018,2009,Medium,Tier 3,Supermarket Type2,1170.48
DRK37,5,low fat,0.043996354,Soft Drinks,189.353,OUT035,2004,Small,Tier 2,Supermarket Type1,1449.84
FDM25,,Regular,0.106217878,Breakfast,176.7712,OUT019,1985,Small,Tier 1,Grocery Store,1064.15
NCX06,17.6,Low Fat,0.015718858,Household,182.3976,OUT045,2002,,Tier 2,Supermarket Type1,1679.24
NCS05,11.5,Low Fat,0.021096732,Health and Hygiene,132.8942,OUT017,2007,,Tier 2,Supermarket Type1,1396.43
FDS39,6.895,Low Fat,0.022506125,Meat,142.2812,OUT045,2002,,Tier 2,Supermarket Type1,1451.56
FDC47,,Low Fat,0.118314903,Snack Foods,226.5694,OUT027,1985,Medium,Tier 3,Supermarket Type3,2315.15
FDG20,15.5,Regular,0.125583323,Fruits and Vegetables,178.3028,OUT013,1987,High,Tier 3,Supermarket Type1,1400.14
DRL23,18.35,Low Fat,0.015390879,Hard Drinks,106.1938,OUT017,2007,,Tier 2,Supermarket Type1,1049.66
FDY33,14.5,Regular,0.09712024,Snack Foods,158.3262,OUT013,1987,High,Tier 3,Supermarket Type1,1382.89
NCH18,9.3,Low Fat,0.044751804,Household,243.8802,OUT045,2002,,Tier 2,Supermarket Type1,1791.16
FDX47,6.55,Regular,0.0345978,Breads,155.4288,OUT035,2004,Small,Tier 2,Supermarket Type1,1251.57
NCB06,17.6,Low Fat,0.082499046,Health and Hygiene,159.192,OUT045,2002,,Tier 2,Supermarket Type1,1423.51
FDP36,10.395,Regular,0,Baking Goods,49.6008,OUT049,1999,Medium,Tier 1,Supermarket Type1,1011.57
FDW44,9.5,Regular,0.035294406,Fruits and Vegetables,172.1448,OUT018,2009,Medium,Tier 3,Supermarket Type2,1764.53
NCU41,18.85,Low Fat,0.052266868,Health and Hygiene,191.8846,OUT018,2009,Medium,Tier 3,Supermarket Type2,1960.28
NCS17,18.6,Low Fat,0.080501443,Health and Hygiene,96.2436,OUT046,1997,Small,Tier 1,Supermarket Type1,1204.09
FDD46,6.035,Low Fat,0.1412293,Snack Foods,155.5998,OUT035,2004,Small,Tier 2,Supermarket Type1,1374.94
FDE45,12.1,Low Fat,0.040585593,Fruits and Vegetables,177.5002,OUT017,2007,,Tier 2,Supermarket Type1,1344.42
FDI09,20.75,Regular,0.130069181,Seafood,238.988,OUT017,2007,,Tier 2,Supermarket Type1,1699.62
NCJ54,9.895,Low Fat,0.100540036,Household,234.0642,OUT010,1998,,Tier 3,Grocery Store,1190.13
NCA29,10.5,Low Fat,0.027387523,Household,172.1106,OUT018,2009,Medium,Tier 3,Supermarket Type2,1636.46
NCN41,,Low Fat,0.051956477,Health and Hygiene,122.773,OUT027,1985,Medium,Tier 3,Supermarket Type3,1593.99
FDY34,10.5,Regular,0.010979782,Snack Foods,164.2842,OUT035,2004,Small,Tier 2,Supermarket Type1,1392.18
NCG55,16.25,Low Fat,0.039138761,Household,116.1176,OUT035,2004,Small,Tier 2,Supermarket Type1,1179.17
DRM49,6.11,Regular,0.151954004,Soft Drinks,44.4086,OUT046,1997,Small,Tier 1,Supermarket Type1,699.26
NCB42,11.8,Low Fat,0.008574487,Health and Hygiene,115.4492,OUT049,1999,Medium,Tier 1,Supermarket Type1,1455.85
FDE58,18.5,Low Fat,0.052174319,Snack Foods,116.8124,OUT045,2002,,Tier 2,Supermarket Type1,1378.01
DRJ25,14.6,Low Fat,0.150442215,Soft Drinks,50.6692,OUT013,1987,High,Tier 3,Supermarket Type1,1045.48
FDS47,16.75,Low Fat,0.215728288,Breads,86.9856,OUT010,1998,,Tier 3,Grocery Store,257.52
FDY21,15.1,Low Fat,0.173751022,Snack Foods,198.211,OUT049,1999,Medium,Tier 1,Supermarket Type1,1532.48
NCI54,15.2,Low Fat,0.03357108,Household,111.1912,OUT013,1987,High,Tier 3,Supermarket Type1,1197.74
FDO24,11.1,Low Fat,0.177212413,Baking Goods,158.1604,OUT017,2007,,Tier 2,Supermarket Type1,1225.09
FDY43,14.85,Low Fat,0.098383632,Fruits and Vegetables,168.9474,OUT035,2004,Small,Tier 2,Supermarket Type1,1338.62
FDF35,15,Low Fat,0.154616614,Starchy Foods,106.8938,OUT018,2009,Medium,Tier 3,Supermarket Type2,1274.76
NCP29,,Low Fat,0.196572047,Health and Hygiene,63.7168,OUT019,1985,Small,Tier 1,Grocery Store,379.03
FDN28,,Regular,0.030101427,Frozen Foods,101.799,OUT027,1985,Medium,Tier 3,Supermarket Type3,1615.3
FDJ50,8.645,Low Fat,0.021673936,Canned,51.9982,OUT018,2009,Medium,Tier 3,Supermarket Type2,1159
FDQ14,,Low Fat,0.061488083,Dairy,150.805,OUT027,1985,Medium,Tier 3,Supermarket Type3,1930.59
FDC37,15.5,Low Fat,0.032867137,Baking Goods,108.0938,OUT035,2004,Small,Tier 2,Supermarket Type1,1289.44
FDN08,7.72,Regular,0.088364662,Fruits and Vegetables,118.7466,OUT046,1997,Small,Tier 1,Supermarket Type1,929.62
FDD04,16,LF,0,Dairy,141.9154,OUT035,2004,Small,Tier 2,Supermarket Type1,1181.53
FDW34,9.6,Low Fat,0.035724069,Snack Foods,243.617,OUT018,2009,Medium,Tier 3,Supermarket Type2,1990.94
FDP04,15.35,Low Fat,0.013890902,Frozen Foods,65.2168,OUT017,2007,,Tier 2,Supermarket Type1,896.64
NCG07,12.3,Low Fat,0.052799022,Household,187.753,OUT017,2007,,Tier 2,Supermarket Type1,1551.22
NCN14,19.1,Low Fat,0.09229222,Others,184.2608,OUT018,2009,Medium,Tier 3,Supermarket Type2,1791.07
FDJ16,9.195,Low Fat,0.115118638,Frozen Foods,58.1246,OUT045,2002,,Tier 2,Supermarket Type1,834.44
NCM42,6.13,Low Fat,0.028378929,Household,108.8912,OUT045,2002,,Tier 2,Supermarket Type1,1207.27
NCF19,13,Low Fat,0.035108732,Household,49.6034,OUT046,1997,Small,Tier 1,Supermarket Type1,930.22
FDY21,15.1,Low Fat,0.174187994,Snack Foods,196.911,OUT018,2009,Medium,Tier 3,Supermarket Type2,1906.94
FDY19,19.75,Low Fat,0.041357113,Fruits and Vegetables,116.1466,OUT035,2004,Small,Tier 2,Supermarket Type1,960.83
FDV09,12.1,Low Fat,0.020610288,Snack Foods,149.8734,OUT045,2002,,Tier 2,Supermarket Type1,1228.45
FDA28,16.1,Regular,0,Frozen Foods,126.1362,OUT013,1987,High,Tier 3,Supermarket Type1,1291.45
FDC38,15.7,Low Fat,0.122992956,Canned,133.3942,OUT018,2009,Medium,Tier 3,Supermarket Type2,1354.87
FDL28,10,Regular,0.063302674,Frozen Foods,230.3668,OUT045,2002,,Tier 2,Supermarket Type1,1729.04
NCH43,8.42,Low Fat,0.070678631,Household,217.0192,OUT049,1999,Medium,Tier 1,Supermarket Type1,1804.93
NCN53,5.175,Low Fat,0.030417024,Health and Hygiene,34.0874,OUT045,2002,,Tier 2,Supermarket Type1,719.33
NCW05,20.25,Low Fat,0.148910161,Health and Hygiene,108.2938,OUT017,2007,,Tier 2,Supermarket Type1,1163.35
NCO30,19.5,Low Fat,0.01578895,Household,185.7608,OUT018,2009,Medium,Tier 3,Supermarket Type2,1950.97
FDT04,,Low Fat,0.187416266,Frozen Foods,37.5822,OUT019,1985,Small,Tier 1,Grocery Store,329.53
FDB27,7.575,Low Fat,0.055615757,Dairy,196.4768,OUT018,2009,Medium,Tier 3,Supermarket Type2,1964.59
NCK07,10.65,Low Fat,0.048646173,Others,166.1526,OUT013,1987,High,Tier 3,Supermarket Type1,1361.61
NCA53,11.395,Low Fat,0,Health and Hygiene,48.5034,OUT013,1987,High,Tier 3,Supermarket Type1,800.53
FDB33,17.75,Low Fat,0.014639563,Fruits and Vegetables,160.1262,OUT018,2009,Medium,Tier 3,Supermarket Type2,1582.77
FDU37,9.5,Regular,0.105099347,Canned,79.296,OUT017,2007,,Tier 2,Supermarket Type1,826.04
FDR13,9.895,Regular,0.028715402,Canned,115.1492,OUT035,2004,Small,Tier 2,Supermarket Type1,1051.74
FDE45,12.1,Low Fat,0.04042006,Fruits and Vegetables,178.0002,OUT049,1999,Medium,Tier 1,Supermarket Type1,1649.32
FDV37,13,Regular,0.083986263,Canned,195.9426,OUT017,2007,,Tier 2,Supermarket Type1,1622.1
FDX44,,Low Fat,0.075228873,Fruits and Vegetables,90.0172,OUT019,1985,Small,Tier 1,Grocery Store,650.89
NCL06,14.65,Low Fat,0.072474272,Household,261.4594,OUT017,2007,,Tier 2,Supermarket Type1,2078.35
FDJ28,12.3,Low Fat,0.021905319,Frozen Foods,190.4162,OUT045,2002,,Tier 2,Supermarket Type1,1753.67
FDX55,15.1,Low Fat,0.05529173,Fruits and Vegetables,218.7166,OUT049,1999,Medium,Tier 1,Supermarket Type1,2065.88
NCK17,11,Low Fat,0.038049213,Health and Hygiene,40.548,OUT018,2009,Medium,Tier 3,Supermarket Type2,788.77
FDH52,9.42,Regular,0.0438948,Frozen Foods,62.2194,OUT035,2004,Small,Tier 2,Supermarket Type1,638.64
FDN13,,Low Fat,0.151321932,Breakfast,100.7358,OUT027,1985,Medium,Tier 3,Supermarket Type3,1302.36
FDK44,16.6,Low Fat,0.122725386,Fruits and Vegetables,171.7738,OUT018,2009,Medium,Tier 3,Supermarket Type2,1584.5
FDU16,19.25,Regular,0.058275104,Frozen Foods,82.1908,OUT046,1997,Small,Tier 1,Supermarket Type1,965.35
FDZ07,15.1,Regular,0.094422403,Fruits and Vegetables,59.9194,OUT017,2007,,Tier 2,Supermarket Type1,848.28
NCN06,,Low Fat,0.119913753,Household,164.5868,OUT027,1985,Medium,Tier 3,Supermarket Type3,1829.81
FDH02,7.27,Regular,0.034783374,Canned,90.5488,OUT010,1998,,Tier 3,Grocery Store,619.6
NCW18,15.1,Low Fat,0,Household,235.5248,OUT045,2002,,Tier 2,Supermarket Type1,2010.09
FDH57,10.895,Low Fat,0.035717774,Fruits and Vegetables,129.9284,OUT013,1987,High,Tier 3,Supermarket Type1,1514.73
FDV35,19.5,Low Fat,0.128466007,Breads,155.2314,OUT045,2002,,Tier 2,Supermarket Type1,1557.65
NCU29,7.685,Low Fat,0.025456246,Health and Hygiene,144.876,OUT013,1987,High,Tier 3,Supermarket Type1,1256.7
NCP02,7.105,low fat,0.044808762,Household,58.7562,OUT046,1997,Small,Tier 1,Supermarket Type1,658.57
FDN44,13.15,Low Fat,0.022776641,Fruits and Vegetables,160.892,OUT013,1987,High,Tier 3,Supermarket Type1,1459.46
FDX03,15.85,Regular,0.061344855,Meat,44.2744,OUT018,2009,Medium,Tier 3,Supermarket Type2,939.25
FDR11,10.5,Regular,0.238579765,Breads,158.5578,OUT010,1998,,Tier 3,Grocery Store,727.85
FDA36,5.985,Low Fat,0.005666384,Baking Goods,184.3924,OUT046,1997,Small,Tier 1,Supermarket Type1,1524.95
FDP58,,Low Fat,0.134487886,Snack Foods,217.3482,OUT027,1985,Medium,Tier 3,Supermarket Type3,2112.88
FDH31,12,Regular,0.02045255,Meat,97.5042,OUT045,2002,,Tier 2,Supermarket Type1,1179.87
FDH34,8.63,LF,0.031089367,Snack Foods,187.1582,OUT035,2004,Small,Tier 2,Supermarket Type1,1596.8
FDS13,6.465,Low Fat,0.124482575,Canned,263.5884,OUT035,2004,Small,Tier 2,Supermarket Type1,1954.96
FDT01,13.65,Regular,0,Canned,212.7902,OUT018,2009,Medium,Tier 3,Supermarket Type2,2164.9
FDY09,15.6,Low Fat,0.025239329,Snack Foods,176.2054,OUT049,1999,Medium,Tier 1,Supermarket Type1,1510.61
FDV33,,Regular,0.027211198,Snack Foods,257.5304,OUT027,1985,Medium,Tier 3,Supermarket Type3,2251.43
NCW29,14,Low Fat,0.048310673,Health and Hygiene,128.431,OUT010,1998,,Tier 3,Grocery Store,689.89
NCN17,11,Low Fat,0,Health and Hygiene,100.6358,OUT045,2002,,Tier 2,Supermarket Type1,1066.5
FDX01,10.1,Low Fat,0.024164336,Canned,117.715,OUT046,1997,Small,Tier 1,Supermarket Type1,1139.38
FDL03,19.25,Regular,0,Meat,196.211,OUT049,1999,Medium,Tier 1,Supermarket Type1,1853.91
DRL59,16.75,Low Fat,0.021257124,Hard Drinks,54.5298,OUT049,1999,Medium,Tier 1,Supermarket Type1,1075.03
DRM11,,Low Fat,0.065749633,Hard Drinks,261.8278,OUT027,1985,Medium,Tier 3,Supermarket Type3,2462.38
FDA43,10.895,Low Fat,0.064776303,Fruits and Vegetables,196.8794,OUT049,1999,Medium,Tier 1,Supermarket Type1,1851.8
FDZ56,16.25,low fat,0.043078428,Fruits and Vegetables,169.5474,OUT010,1998,,Tier 3,Grocery Store,1195.49
FDI44,16.1,Low Fat,0.100641176,Fruits and Vegetables,77.6328,OUT018,2009,Medium,Tier 3,Supermarket Type2,1354.1
FDB50,13,Low Fat,0.153490728,Canned,79.1986,OUT013,1987,High,Tier 3,Supermarket Type1,829.45
FDU15,,reg,0.046576823,Meat,34.5532,OUT019,1985,Small,Tier 1,Grocery Store,173.62
NCJ19,,LF,0,Others,56.7588,OUT019,1985,Small,Tier 1,Grocery Store,374.67
FDD48,10.395,Low Fat,0.030133592,Baking Goods,115.1176,OUT013,1987,High,Tier 3,Supermarket Type1,1230.79
NCW42,18.2,Low Fat,0.058457925,Household,221.4456,OUT035,2004,Small,Tier 2,Supermarket Type1,1691.74
FDL24,10.3,Regular,0.025037414,Baking Goods,173.6422,OUT017,2007,,Tier 2,Supermarket Type1,1520.6
NCB30,14.6,Low Fat,0.025681604,Household,197.7084,OUT013,1987,High,Tier 3,Supermarket Type1,1829.48
FDK25,11.6,Regular,0.156701315,Breakfast,168.9474,OUT013,1987,High,Tier 3,Supermarket Type1,1569.38
FDW28,18.25,Low Fat,0.088962349,Frozen Foods,195.6452,OUT049,1999,Medium,Tier 1,Supermarket Type1,1880.73
FDD47,7.6,Regular,0.143216309,Starchy Foods,171.4448,OUT017,2007,,Tier 2,Supermarket Type1,1531.25
FDK16,,Low Fat,0.20192757,Frozen Foods,93.4094,OUT019,1985,Small,Tier 1,Grocery Store,289.52
FDW37,19.2,Low Fat,0.124050391,Canned,92.4488,OUT046,1997,Small,Tier 1,Supermarket Type1,838.22
FDA48,12.1,Low Fat,0.114852339,Baking Goods,220.9114,OUT035,2004,Small,Tier 2,Supermarket Type1,1490.35
FDA14,16.1,Low Fat,0.065551931,Dairy,146.476,OUT017,2007,,Tier 2,Supermarket Type1,1270.32
FDV15,10.3,Low Fat,0.146050812,Meat,102.0648,OUT013,1987,High,Tier 3,Supermarket Type1,1060.01
FDN22,18.85,Regular,0.1385204,Snack Foods,252.3724,OUT049,1999,Medium,Tier 1,Supermarket Type1,2010.33
NCD55,14,Low Fat,0.024380523,Household,41.4454,OUT045,2002,,Tier 2,Supermarket Type1,826.01
FDY43,14.85,Low Fat,0.098320351,Fruits and Vegetables,167.9474,OUT013,1987,High,Tier 3,Supermarket Type1,1608.17
NCU05,11.8,Low Fat,0.059068474,Health and Hygiene,79.9618,OUT017,2007,,Tier 2,Supermarket Type1,1065.23
FDF10,15.5,Regular,0.156898705,Snack Foods,147.9418,OUT035,2004,Small,Tier 2,Supermarket Type1,1333.97
FDR39,20.35,Low Fat,0.084140646,Meat,184.0292,OUT018,2009,Medium,Tier 3,Supermarket Type2,1958.88
FDG40,13.65,Low Fat,0.039791206,Frozen Foods,33.4558,OUT013,1987,High,Tier 3,Supermarket Type1,659.74
FDZ28,,Regular,0.090156718,Frozen Foods,127.1678,OUT019,1985,Small,Tier 1,Grocery Store,618.78
FDE02,8.71,LF,0.121496273,Canned,94.0778,OUT045,2002,,Tier 2,Supermarket Type1,849.05
FDU60,20,Regular,0.059994175,Baking Goods,168.7132,OUT049,1999,Medium,Tier 1,Supermarket Type1,1560.93
FDM21,20.2,Low Fat,0.064310516,Snack Foods,257.3646,OUT013,1987,High,Tier 3,Supermarket Type1,2063.03
FDV52,,Regular,0.212767095,Frozen Foods,116.7466,OUT019,1985,Small,Tier 1,Grocery Store,599.12
NCW06,16.2,Low Fat,0.050298544,Household,191.8162,OUT013,1987,High,Tier 3,Supermarket Type1,1761.12
FDX36,9.695,Regular,0.128258986,Baking Goods,225.3404,OUT035,2004,Small,Tier 2,Supermarket Type1,1676.8
FDT35,,Regular,0.081060928,Breads,169.2816,OUT027,1985,Medium,Tier 3,Supermarket Type3,1957.59
NCL19,15.35,LF,0,Others,142.747,OUT010,1998,,Tier 3,Grocery Store,1061.56
NCD31,12.1,Low Fat,0.015434464,Household,164.7526,OUT046,1997,Small,Tier 1,Supermarket Type1,1622.95
FDE53,,Low Fat,0.047063689,Frozen Foods,107.228,OUT019,1985,Small,Tier 1,Grocery Store,516.9
FDW58,,Low Fat,0.013224491,Snack Foods,106.4622,OUT019,1985,Small,Tier 1,Grocery Store,580.14
DRF48,5.73,Low Fat,0,Soft Drinks,187.3898,OUT046,1997,Small,Tier 1,Supermarket Type1,1426.75
FDW57,8.31,Regular,0.115655502,Snack Foods,176.0028,OUT035,2004,Small,Tier 2,Supermarket Type1,1265.1
DRH13,8.575,Low Fat,0.024021065,Soft Drinks,106.728,OUT017,2007,,Tier 2,Supermarket Type1,1085.41
FDT33,7.81,Regular,0.033962371,Snack Foods,167.8158,OUT013,1987,High,Tier 3,Supermarket Type1,1554.09
DRK47,,Low Fat,0.063754145,Hard Drinks,226.4694,OUT027,1985,Medium,Tier 3,Supermarket Type3,2219.7
FDY22,16.5,Regular,0.267339659,Snack Foods,143.5128,OUT010,1998,,Tier 3,Grocery Store,765.21
FDC35,,Low Fat,0.215072945,Starchy Foods,208.5638,OUT019,1985,Small,Tier 1,Grocery Store,1219.04
FDO03,10.395,Regular,0,Meat,228.0352,OUT013,1987,High,Tier 3,Supermarket Type1,2081.96
FDF24,15.5,Regular,0.02542192,Baking Goods,81.3934,OUT045,2002,,Tier 2,Supermarket Type1,1215.28
FDF56,16.7,Regular,0.119948864,Fruits and Vegetables,180.4976,OUT018,2009,Medium,Tier 3,Supermarket Type2,1529.68
FDD28,10.695,Low Fat,0.053252515,Frozen Foods,57.2904,OUT013,1987,High,Tier 3,Supermarket Type1,807.03
FDG53,,Low Fat,0.04563487,Frozen Foods,141.718,OUT027,1985,Medium,Tier 3,Supermarket Type3,1627.88
FDO27,,Regular,0.313541543,Meat,97.6752,OUT019,1985,Small,Tier 1,Grocery Store,341.53
NCF54,18,Low Fat,0.047570047,Household,171.6422,OUT018,2009,Medium,Tier 3,Supermarket Type2,1703.22
FDC20,,Low Fat,0.023855381,Fruits and Vegetables,54.8272,OUT027,1985,Medium,Tier 3,Supermarket Type3,1280.58
FDU10,10.1,Regular,0.045692023,Snack Foods,38.3848,OUT046,1997,Small,Tier 1,Supermarket Type1,750.69
DRA24,19.35,Regular,0.040090887,Soft Drinks,163.6868,OUT018,2009,Medium,Tier 3,Supermarket Type2,1786.65
FDA02,14,Regular,0.049749638,Dairy,144.8786,OUT010,1998,,Tier 3,Grocery Store,994.06
FDG10,6.63,Regular,0.011001175,Snack Foods,57.0588,OUT017,2007,,Tier 2,Supermarket Type1,1001.33
FDW39,6.69,Regular,0,Meat,178.237,OUT010,1998,,Tier 3,Grocery Store,1245.13
FDP04,,Low Fat,0.02418438,Frozen Foods,64.2168,OUT019,1985,Small,Tier 1,Grocery Store,312.93
NCM55,15.6,Low Fat,0.066670606,Others,185.2924,OUT013,1987,High,Tier 3,Supermarket Type1,1539.3
FDG47,12.8,Low Fat,0.069760029,Starchy Foods,260.5252,OUT045,2002,,Tier 2,Supermarket Type1,1857.7
NCU41,18.85,Low Fat,0.052349262,Health and Hygiene,192.0846,OUT017,2007,,Tier 2,Supermarket Type1,1576.3
NCK31,10.895,Low Fat,0.027200767,Others,51.6666,OUT017,2007,,Tier 2,Supermarket Type1,807.95
FDZ46,7.485,Low Fat,0.069263905,Snack Foods,109.6228,OUT045,2002,,Tier 2,Supermarket Type1,1101.98
FDU13,,Low Fat,0.186650368,Canned,149.1418,OUT027,1985,Medium,Tier 3,Supermarket Type3,1695.79
NCF19,13,Low Fat,0.035179934,Household,49.8034,OUT045,2002,,Tier 2,Supermarket Type1,916.26
NCJ43,6.635,Low Fat,0.027046875,Household,172.5396,OUT013,1987,High,Tier 3,Supermarket Type1,1701.07
NCJ05,18.7,Low Fat,0.046181741,Health and Hygiene,153.6682,OUT045,2002,,Tier 2,Supermarket Type1,1591.51
FDS04,,Regular,0.145952717,Frozen Foods,138.8838,OUT027,1985,Medium,Tier 3,Supermarket Type3,1824
FDX28,6.325,Low Fat,0,Frozen Foods,100.4042,OUT010,1998,,Tier 3,Grocery Store,456.5
FDB41,,Regular,0.096841885,Frozen Foods,46.1718,OUT027,1985,Medium,Tier 3,Supermarket Type3,1031.29
FDG53,10,LF,0.045856934,Frozen Foods,141.818,OUT046,1997,Small,Tier 1,Supermarket Type1,1182.73
FDL15,17.85,Low Fat,0.078057026,Meat,152.8682,OUT010,1998,,Tier 3,Grocery Store,866.47
FDQ08,15.7,reg,0.018959784,Fruits and Vegetables,61.0536,OUT049,1999,Medium,Tier 1,Supermarket Type1,1036.63
DRN36,15.2,Low Fat,0.050136086,Soft Drinks,97.0752,OUT013,1987,High,Tier 3,Supermarket Type1,1220.19
FDI46,9.5,Low Fat,0.0742834,Snack Foods,252.8724,OUT013,1987,High,Tier 3,Supermarket Type1,2052.44
FDG16,,Low Fat,0.089381866,Frozen Foods,214.2192,OUT027,1985,Medium,Tier 3,Supermarket Type3,2184.26
FDV32,7.785,Low Fat,0.088634567,Fruits and Vegetables,62.651,OUT013,1987,High,Tier 3,Supermarket Type1,1055.3
FDF44,7.17,Regular,0.099972466,Fruits and Vegetables,132.4968,OUT010,1998,,Tier 3,Grocery Store,881.95
FDK04,7.36,Low Fat,0.052525131,Frozen Foods,56.4588,OUT018,2009,Medium,Tier 3,Supermarket Type2,1224.77
NCA41,16.75,Low Fat,0.032559591,Health and Hygiene,193.3162,OUT013,1987,High,Tier 3,Supermarket Type1,1597.19
FDD51,11.15,Low Fat,0.120631213,Dairy,43.9744,OUT017,2007,,Tier 2,Supermarket Type1,584.34
NCZ53,9.6,Low Fat,0.024526806,Health and Hygiene,188.5214,OUT045,2002,,Tier 2,Supermarket Type1,1491.99
FDP01,,Regular,0.063019289,Breakfast,151.7682,OUT027,1985,Medium,Tier 3,Supermarket Type3,1722.51
FDY25,12,Low Fat,0,Canned,181.3976,OUT049,1999,Medium,Tier 1,Supermarket Type1,1695.69
FDB17,13.15,Low Fat,0.036821494,Frozen Foods,179.8976,OUT018,2009,Medium,Tier 3,Supermarket Type2,1779.35
NCV54,11.1,Low Fat,0.033243813,Household,119.3124,OUT018,2009,Medium,Tier 3,Supermarket Type2,1472
FDJ32,10.695,Low Fat,0.05811924,Fruits and Vegetables,63.0536,OUT017,2007,,Tier 2,Supermarket Type1,964.35
FDA37,7.81,Regular,0.055312618,Canned,124.7046,OUT049,1999,Medium,Tier 1,Supermarket Type1,1452.76
FDG35,21.2,Regular,0.007039648,Starchy Foods,172.4738,OUT035,2004,Small,Tier 2,Supermarket Type1,1679.67
NCM05,6.825,Low Fat,0.060090767,Health and Hygiene,266.3226,OUT018,2009,Medium,Tier 3,Supermarket Type2,1973.47
FDG45,8.1,Low Fat,0,Fruits and Vegetables,212.9902,OUT046,1997,Small,Tier 1,Supermarket Type1,1540.15
FDH28,15.85,Regular,0.109939432,Frozen Foods,39.2506,OUT013,1987,High,Tier 3,Supermarket Type1,716.88
NCE18,10,Low Fat,0,Household,248.675,OUT049,1999,Medium,Tier 1,Supermarket Type1,1983.71
FDH38,6.425,Low Fat,0.010459399,Canned,117.6808,OUT045,2002,,Tier 2,Supermarket Type1,1135.81
FDR56,15.5,Regular,0.100681984,Fruits and Vegetables,198.3768,OUT013,1987,High,Tier 3,Supermarket Type1,1708.96
FDH17,,Regular,0.016572696,Frozen Foods,96.2726,OUT027,1985,Medium,Tier 3,Supermarket Type3,1539.08
FDD39,16.7,Low Fat,0.070263971,Dairy,218.385,OUT049,1999,Medium,Tier 1,Supermarket Type1,1948.78
FDB41,19,Regular,0.097464425,Frozen Foods,47.7718,OUT049,1999,Medium,Tier 1,Supermarket Type1,1039.03
NCR53,12.15,Low Fat,0.14504086,Health and Hygiene,224.4404,OUT046,1997,Small,Tier 1,Supermarket Type1,1796.94
FDX46,12.3,Regular,0.05844549,Snack Foods,57.8562,OUT017,2007,,Tier 2,Supermarket Type1,1026.71
FDV28,16.1,Regular,0,Frozen Foods,35.6558,OUT049,1999,Medium,Tier 1,Supermarket Type1,749.81
FDA08,11.85,Regular,0.050289178,Fruits and Vegetables,165.4526,OUT018,2009,Medium,Tier 3,Supermarket Type2,1505.68
FDH45,15.1,Regular,0.106264528,Fruits and Vegetables,42.3796,OUT017,2007,,Tier 2,Supermarket Type1,628.15
NCS38,8.6,Low Fat,0.150961966,Household,114.1176,OUT010,1998,,Tier 3,Grocery Store,503.98
FDD40,20.25,Regular,0.024761046,Dairy,193.5162,OUT010,1998,,Tier 3,Grocery Store,1172.8
DRM59,5.88,Low Fat,0.003591414,Hard Drinks,153.3998,OUT035,2004,Small,Tier 2,Supermarket Type1,1297.63
NCJ43,6.635,Low Fat,0,Household,175.2396,OUT018,2009,Medium,Tier 3,Supermarket Type2,1753.26
NCN29,15.2,Low Fat,0,Health and Hygiene,50.1034,OUT013,1987,High,Tier 3,Supermarket Type1,1061.97
NCC19,6.57,Low Fat,0.097077051,Household,191.682,OUT045,2002,,Tier 2,Supermarket Type1,1619.87
FDR56,15.5,Regular,0.100746785,Fruits and Vegetables,196.7768,OUT035,2004,Small,Tier 2,Supermarket Type1,1664.1
FDZ43,11,Regular,0.057147256,Fruits and Vegetables,242.2512,OUT049,1999,Medium,Tier 1,Supermarket Type1,2168.95
FDJ32,10.695,Low Fat,0.096732533,Fruits and Vegetables,62.4536,OUT010,1998,,Tier 3,Grocery Store,178.3
DRH03,17.25,Low Fat,0.035262656,Dairy,92.412,OUT017,2007,,Tier 2,Supermarket Type1,951.28
NCZ54,14.65,Low Fat,0.083343628,Household,163.6552,OUT035,2004,Small,Tier 2,Supermarket Type1,1238.64
FDE26,9.3,Low Fat,0.089509222,Canned,145.7786,OUT017,2007,,Tier 2,Supermarket Type1,1214.32
FDS03,7.825,Low Fat,0.079790099,Meat,63.7826,OUT045,2002,,Tier 2,Supermarket Type1,798.77
DRZ24,,LF,0.143199389,Soft Drinks,120.144,OUT019,1985,Small,Tier 1,Grocery Store,691.41
FDO48,,Regular,0.026710788,Baking Goods,220.4456,OUT027,1985,Medium,Tier 3,Supermarket Type3,2224.91
FDW39,6.69,Regular,0.036967784,Meat,175.037,OUT049,1999,Medium,Tier 1,Supermarket Type1,1682.26
NCK05,20.1,LF,0,Health and Hygiene,62.6536,OUT049,1999,Medium,Tier 1,Supermarket Type1,1228.29
NCK30,14.85,low fat,0.061323488,Household,254.4698,OUT017,2007,,Tier 2,Supermarket Type1,2098.34
FDT27,11.395,reg,0.06987064,Meat,234.9616,OUT018,2009,Medium,Tier 3,Supermarket Type2,2206.17
FDS08,,Low Fat,0.099731744,Fruits and Vegetables,177.937,OUT019,1985,Small,Tier 1,Grocery Store,869.39
NCJ19,18.6,Low Fat,0.118363749,Others,56.1588,OUT049,1999,Medium,Tier 1,Supermarket Type1,822.55
FDC58,10.195,Low Fat,0,Snack Foods,43.0428,OUT045,2002,,Tier 2,Supermarket Type1,705.1
DRE37,13.5,Low Fat,0.094141186,Soft Drinks,188.1872,OUT013,1987,High,Tier 3,Supermarket Type1,1588.8
FDW02,4.805,Regular,0.037692295,Dairy,127.0704,OUT035,2004,Small,Tier 2,Supermarket Type1,1089.6
FDJ02,17.2,Regular,0.042124032,Canned,148.7418,OUT010,1998,,Tier 3,Grocery Store,938.57
FDX09,9,low fat,0.065381597,Snack Foods,177.137,OUT045,2002,,Tier 2,Supermarket Type1,1523.41
FDT31,19.75,Low Fat,0.020835893,Fruits and Vegetables,187.9872,OUT010,1998,,Tier 3,Grocery Store,1265.43
FDI24,10.3,Low Fat,0.07886623,Baking Goods,177.937,OUT049,1999,Medium,Tier 1,Supermarket Type1,1728.77
FDY09,15.6,Low Fat,0,Snack Foods,176.0054,OUT045,2002,,Tier 2,Supermarket Type1,1733.23
FDV28,16.1,reg,0.160052329,Frozen Foods,35.3558,OUT045,2002,,Tier 2,Supermarket Type1,856.11
DRM47,9.3,Low Fat,0.043853769,Hard Drinks,191.9846,OUT049,1999,Medium,Tier 1,Supermarket Type1,1540.55
FDT52,,Regular,0.083043068,Frozen Foods,246.5144,OUT019,1985,Small,Tier 1,Grocery Store,1304.59
FDI48,11.85,Regular,0.055945372,Baking Goods,53.2666,OUT018,2009,Medium,Tier 3,Supermarket Type2,938.57
FDY55,16.75,Low Fat,0.081780186,Fruits and Vegetables,256.6988,OUT017,2007,,Tier 2,Supermarket Type1,1895.49
FDU48,18.85,Low Fat,0.055312384,Baking Goods,131.4284,OUT013,1987,High,Tier 3,Supermarket Type1,1392.03
FDN25,7.895,Regular,0.061299601,Breakfast,55.4588,OUT045,2002,,Tier 2,Supermarket Type1,819.12
FDP20,19.85,Low Fat,0.04574024,Fruits and Vegetables,127.102,OUT049,1999,Medium,Tier 1,Supermarket Type1,1477.84
FDJ15,11.35,Regular,0.023303069,Dairy,185.4608,OUT013,1987,High,Tier 3,Supermarket Type1,1776.51
FDD04,16,Low Fat,0.090337797,Dairy,140.3154,OUT018,2009,Medium,Tier 3,Supermarket Type2,1637.43
FDY58,11.65,Low Fat,0.039999537,Snack Foods,229.8694,OUT045,2002,,Tier 2,Supermarket Type1,1971.83
FDR37,16.5,Regular,0.066519424,Breakfast,183.2292,OUT018,2009,Medium,Tier 3,Supermarket Type2,1972.39
FDF44,7.17,Regular,0.059678319,Fruits and Vegetables,129.5968,OUT013,1987,High,Tier 3,Supermarket Type1,1154.26
FDD32,17.7,Regular,0.041015006,Fruits and Vegetables,82.6276,OUT045,2002,,Tier 2,Supermarket Type1,913.44
FDR57,5.675,Regular,0.023629875,Snack Foods,156.2288,OUT017,2007,,Tier 2,Supermarket Type1,1286.72
DRG39,,Low Fat,0.041976732,Dairy,54.4982,OUT027,1985,Medium,Tier 3,Supermarket Type3,1205.46
FDX15,17.2,Low Fat,0.157182948,Meat,158.9578,OUT017,2007,,Tier 2,Supermarket Type1,1336.2
DRN37,9.6,Low Fat,0.096492692,Soft Drinks,165.8158,OUT045,2002,,Tier 2,Supermarket Type1,1412.34
FDW40,,Regular,0,Frozen Foods,141.5812,OUT027,1985,Medium,Tier 3,Supermarket Type3,1833.2
FDB32,20.6,Low Fat,0.023489402,Fruits and Vegetables,93.7778,OUT049,1999,Medium,Tier 1,Supermarket Type1,1362.84
FDM40,10.195,Low Fat,0.160588464,Frozen Foods,143.4154,OUT018,2009,Medium,Tier 3,Supermarket Type2,1556.62
FDE39,,Low Fat,0.035959521,Dairy,120.8782,OUT027,1985,Medium,Tier 3,Supermarket Type3,1797.97
DRH49,19.7,Low Fat,0.024795057,Soft Drinks,82.2592,OUT017,2007,,Tier 2,Supermarket Type1,872.01
FDT46,11.35,Low Fat,0.030855031,Snack Foods,49.7008,OUT049,1999,Medium,Tier 1,Supermarket Type1,796.03
NCF06,6.235,Low Fat,0.020194535,Household,257.6962,OUT035,2004,Small,Tier 2,Supermarket Type1,1740.8
FDP07,18.2,Low Fat,0.090410295,Fruits and Vegetables,196.211,OUT017,2007,,Tier 2,Supermarket Type1,1540.19
FDC04,15.6,Low Fat,0.04494821,Dairy,240.3854,OUT013,1987,High,Tier 3,Supermarket Type1,1952.87
FDZ32,7.785,Regular,0.038348445,Fruits and Vegetables,103.4964,OUT017,2007,,Tier 2,Supermarket Type1,1078.21
FDD50,18.85,Low Fat,0.141929473,Canned,169.9132,OUT045,2002,,Tier 2,Supermarket Type1,1464.74
FDU56,16.85,Low Fat,0.04466528,Fruits and Vegetables,184.9266,OUT017,2007,,Tier 2,Supermarket Type1,1657.85
FDV34,10.695,Regular,0.011490085,Snack Foods,72.0038,OUT017,2007,,Tier 2,Supermarket Type1,1060.54
NCY41,16.75,LF,0.075672596,Health and Hygiene,36.8532,OUT013,1987,High,Tier 3,Supermarket Type1,998.84
NCK18,9.6,Low Fat,0.006698103,Household,165.8184,OUT046,1997,Small,Tier 1,Supermarket Type1,1617.17
DRH25,18.7,Low Fat,0.014615718,Soft Drinks,52.4324,OUT049,1999,Medium,Tier 1,Supermarket Type1,846.12
FDT57,15.2,Low Fat,0.019034783,Snack Foods,238.4248,OUT046,1997,Small,Tier 1,Supermarket Type1,1717.61
FDV56,16.1,Regular,0.013651105,Fruits and Vegetables,106.7596,OUT018,2009,Medium,Tier 3,Supermarket Type2,1281.59
FDV12,16.7,Regular,0.060998134,Baking Goods,97.2384,OUT045,2002,,Tier 2,Supermarket Type1,1017.81
FDN52,9.395,Regular,0.132314096,Frozen Foods,88.5198,OUT017,2007,,Tier 2,Supermarket Type1,891.54
FDX38,10.5,Regular,0.048197901,Dairy,48.3376,OUT035,2004,Small,Tier 2,Supermarket Type1,710.98
FDE47,14.15,Low Fat,0.038063173,Starchy Foods,122.5046,OUT018,2009,Medium,Tier 3,Supermarket Type2,1480.57
NCO07,9.06,Low Fat,0.009768132,Others,211.456,OUT013,1987,High,Tier 3,Supermarket Type1,1896.64
FDV09,,Low Fat,0.02046897,Snack Foods,150.2734,OUT027,1985,Medium,Tier 3,Supermarket Type3,1911.58
FDZ23,,Regular,0.118188689,Baking Goods,185.224,OUT019,1985,Small,Tier 1,Grocery Store,1212.86
DRH51,17.6,Low Fat,0.097612596,Dairy,88.1856,OUT018,2009,Medium,Tier 3,Supermarket Type2,1410.37
NCY54,8.43,LF,0.178055216,Household,172.0422,OUT045,2002,,Tier 2,Supermarket Type1,1160.99
DRG49,7.81,Low Fat,0.067399162,Soft Drinks,246.2486,OUT013,1987,High,Tier 3,Supermarket Type1,1811.38
NCC19,6.57,Low Fat,0.097031198,Household,192.882,OUT049,1999,Medium,Tier 1,Supermarket Type1,1539.51
NCV53,8.27,Low Fat,0.018851756,Health and Hygiene,241.288,OUT045,2002,,Tier 2,Supermarket Type1,1795.01
FDZ47,,Regular,0,Baking Goods,101.0042,OUT019,1985,Small,Tier 1,Grocery Store,677.02
NCO26,7.235,Low Fat,0.077168705,Household,114.3492,OUT018,2009,Medium,Tier 3,Supermarket Type2,1321.11
NCP02,7.105,Low Fat,0.044899636,Household,61.0562,OUT045,2002,,Tier 2,Supermarket Type1,883.13
NCW30,5.21,Low Fat,0.011054747,Household,259.5962,OUT018,2009,Medium,Tier 3,Supermarket Type2,2239.3
NCN55,14.6,Low Fat,0.059490504,Others,241.4538,OUT046,1997,Small,Tier 1,Supermarket Type1,1958.65
FDB20,7.72,Low Fat,0.08700498,Fruits and Vegetables,75.8986,OUT010,1998,,Tier 3,Grocery Store,572.18
DRL11,10.5,Low Fat,0.047978201,Hard Drinks,156.8946,OUT013,1987,High,Tier 3,Supermarket Type1,1689.24
DRD60,15.7,LF,0.037307618,Soft Drinks,181.7634,OUT045,2002,,Tier 2,Supermarket Type1,1398.02
FDW14,8.3,Regular,0,Dairy,87.8198,OUT010,1998,,Tier 3,Grocery Store,430.11
FDL27,6.17,Low Fat,0.017794028,Meat,65.9826,OUT010,1998,,Tier 3,Grocery Store,316.08
FDU09,7.71,Regular,0.066868428,Snack Foods,55.4956,OUT018,2009,Medium,Tier 3,Supermarket Type2,942.01
DRH36,,Low Fat,0.033218416,Soft Drinks,74.7696,OUT027,1985,Medium,Tier 3,Supermarket Type3,1348.84
FDP34,,LF,0.136563316,Snack Foods,156.363,OUT027,1985,Medium,Tier 3,Supermarket Type3,1741.59
FDE04,19.75,Regular,0.018125015,Frozen Foods,178.266,OUT017,2007,,Tier 2,Supermarket Type1,1646.4
FDZ57,,Regular,0.037581431,Snack Foods,130.1994,OUT027,1985,Medium,Tier 3,Supermarket Type3,1760.77
FDF02,16.2,Low Fat,0.173192865,Canned,104.399,OUT010,1998,,Tier 3,Grocery Store,679.72
FDG28,9.285,Regular,0.049380234,Frozen Foods,245.4144,OUT045,2002,,Tier 2,Supermarket Type1,2025.33
NCI31,20,Low Fat,0,Others,35.119,OUT046,1997,Small,Tier 1,Supermarket Type1,995.15
FDT43,16.35,Low Fat,0.020530851,Fruits and Vegetables,51.3324,OUT013,1987,High,Tier 3,Supermarket Type1,816.3
FDU20,19.35,Regular,0.021457551,Fruits and Vegetables,121.3098,OUT046,1997,Small,Tier 1,Supermarket Type1,1118.34
FDD53,16.2,Low Fat,0,Frozen Foods,42.9454,OUT013,1987,High,Tier 3,Supermarket Type1,861.6
FDW15,15.35,Regular,0.055225368,Meat,149.1734,OUT045,2002,,Tier 2,Supermarket Type1,1317.2
NCT53,5.4,Low Fat,0.048213839,Health and Hygiene,162.8526,OUT045,2002,,Tier 2,Supermarket Type1,1366.1
NCG55,,Low Fat,0.038956596,Household,114.6176,OUT027,1985,Medium,Tier 3,Supermarket Type3,1605.84
FDD48,10.395,Low Fat,0.030152986,Baking Goods,114.5176,OUT035,2004,Small,Tier 2,Supermarket Type1,1145.47
FDG47,12.8,Low Fat,0.069727079,Starchy Foods,263.6252,OUT049,1999,Medium,Tier 1,Supermarket Type1,2193.78
FDI21,5.59,Regular,0.056922987,Snack Foods,63.4168,OUT017,2007,,Tier 2,Supermarket Type1,960.69
FDT27,11.395,Regular,0.069980785,Meat,234.4616,OUT017,2007,,Tier 2,Supermarket Type1,1967.32
DRO35,13.85,LF,0.034541588,Hard Drinks,116.8492,OUT013,1987,High,Tier 3,Supermarket Type1,1516.53
FDD33,12.85,Low Fat,0,Fruits and Vegetables,233.3642,OUT017,2007,,Tier 2,Supermarket Type1,1707.45
FDC04,15.6,Low Fat,0.04497714,Dairy,243.0854,OUT035,2004,Small,Tier 2,Supermarket Type1,1696.69
FDY34,10.5,Regular,0.010972719,Snack Foods,164.0842,OUT013,1987,High,Tier 3,Supermarket Type1,1484.09
DRJ49,6.865,Low Fat,0.014015003,Soft Drinks,128.0652,OUT049,1999,Medium,Tier 1,Supermarket Type1,1314.8
FDE05,10.895,Regular,0.032504504,Frozen Foods,143.8102,OUT049,1999,Medium,Tier 1,Supermarket Type1,1449.97
FDU31,10.5,Regular,0.025132415,Fruits and Vegetables,218.8508,OUT017,2007,,Tier 2,Supermarket Type1,1773.56
NCN19,,Low Fat,0.012040955,Others,188.253,OUT027,1985,Medium,Tier 3,Supermarket Type3,2078.05
FDK56,,Low Fat,0.129368491,Fruits and Vegetables,185.3898,OUT027,1985,Medium,Tier 3,Supermarket Type3,1993.71
FDK58,11.35,Regular,0.045236996,Snack Foods,103.1016,OUT017,2007,,Tier 2,Supermarket Type1,1235.8
NCJ42,19.75,Low Fat,0.014298622,Household,102.5332,OUT035,2004,Small,Tier 2,Supermarket Type1,1276.31
FDZ34,,Low Fat,0.075511074,Starchy Foods,192.282,OUT027,1985,Medium,Tier 3,Supermarket Type3,1790.09
FDA52,16.2,Regular,0,Frozen Foods,175.637,OUT018,2009,Medium,Tier 3,Supermarket Type2,1629.4
NCR29,7.565,LF,0.054595405,Health and Hygiene,55.693,OUT013,1987,High,Tier 3,Supermarket Type1,797.13
FDT48,4.92,Low Fat,0,Baking Goods,200.3084,OUT035,2004,Small,Tier 2,Supermarket Type1,1470.14
DRJ51,,Low Fat,0.154065962,Dairy,229.3668,OUT019,1985,Small,Tier 1,Grocery Store,1231.36
NCS54,13.6,Low Fat,0.009993163,Household,177.637,OUT046,1997,Small,Tier 1,Supermarket Type1,1521.21
FDV01,19.2,Regular,0.084934509,Canned,154.9314,OUT035,2004,Small,Tier 2,Supermarket Type1,1355.08
DRG51,,LF,0.01148374,Dairy,163.4526,OUT027,1985,Medium,Tier 3,Supermarket Type3,1948.15
NCG42,19.2,Low Fat,0.041193522,Household,131.731,OUT013,1987,High,Tier 3,Supermarket Type1,1530.85
FDA51,8.05,Regular,0.16493563,Dairy,115.5518,OUT049,1999,Medium,Tier 1,Supermarket Type1,1309.44
FDV19,14.85,Regular,0.059013051,Fruits and Vegetables,159.7578,OUT010,1998,,Tier 3,Grocery Store,1132.51
NCT18,14.6,Low Fat,0.059525627,Household,182.1976,OUT045,2002,,Tier 2,Supermarket Type1,1359.71
NCS41,12.85,Low Fat,0.053552399,Health and Hygiene,184.6608,OUT045,2002,,Tier 2,Supermarket Type1,1403.39
FDO03,10.395,Regular,0.036882977,Meat,228.1352,OUT046,1997,Small,Tier 1,Supermarket Type1,1647.31
FDL12,15.85,Regular,0.203588239,Baking Goods,61.622,OUT010,1998,,Tier 3,Grocery Store,216.64
FDY37,17,Regular,0.044470849,Canned,143.647,OUT010,1998,,Tier 3,Grocery Store,856.03
FDI58,7.64,Regular,0.070814401,Snack Foods,92.412,OUT049,1999,Medium,Tier 1,Supermarket Type1,1122.01
FDT28,13.3,Low Fat,0.063825112,Frozen Foods,149.2708,OUT018,2009,Medium,Tier 3,Supermarket Type2,1597.65
NCC42,15,Low Fat,0.075167462,Health and Hygiene,138.5838,OUT010,1998,,Tier 3,Grocery Store,897.56
FDO01,21.1,Regular,0.020835848,Breakfast,129.7994,OUT017,2007,,Tier 2,Supermarket Type1,1447.84
FDJ02,17.2,Regular,0.025145838,Canned,146.6418,OUT013,1987,High,Tier 3,Supermarket Type1,1656.3
FDQ04,6.4,Low Fat,0.085098856,Frozen Foods,42.0796,OUT018,2009,Medium,Tier 3,Supermarket Type2,1088.65
DRL47,19.7,Low Fat,0.038704546,Hard Drinks,125.7362,OUT013,1987,High,Tier 3,Supermarket Type1,1219.62
FDZ32,7.785,Regular,0.03812554,Fruits and Vegetables,106.7964,OUT035,2004,Small,Tier 2,Supermarket Type1,879.56
FDC35,7.435,LF,0.122814466,Starchy Foods,207.5638,OUT035,2004,Small,Tier 2,Supermarket Type1,1392.11
FDX14,13.1,Low Fat,0.075092011,Dairy,73.2354,OUT045,2002,,Tier 2,Supermarket Type1,852.91
FDZ35,9.6,reg,0.022259937,Breads,103.999,OUT013,1987,High,Tier 3,Supermarket Type1,1192.16
FDL14,8.115,Regular,0.032132105,Canned,155.4972,OUT013,1987,High,Tier 3,Supermarket Type1,1493.12
FDO04,16.6,Low Fat,0.026578464,Frozen Foods,55.0614,OUT049,1999,Medium,Tier 1,Supermarket Type1,1062.12
DRK11,8.21,low fat,0.01082531,Hard Drinks,150.2392,OUT017,2007,,Tier 2,Supermarket Type1,1448.04
FDB44,6.655,Low Fat,0.017027915,Fruits and Vegetables,211.0586,OUT018,2009,Medium,Tier 3,Supermarket Type2,2013.08
FDZ50,12.8,Regular,0.079199274,Dairy,184.6608,OUT049,1999,Medium,Tier 1,Supermarket Type1,1811.96
FDI12,,Regular,0.099912754,Baking Goods,88.6856,OUT027,1985,Medium,Tier 3,Supermarket Type3,1580.35
FDU43,19.35,Regular,0.058371696,Fruits and Vegetables,237.1564,OUT017,2007,,Tier 2,Supermarket Type1,1708.28
FDD58,7.76,Low Fat,0.099343484,Snack Foods,98.17,OUT010,1998,,Tier 3,Grocery Store,392.85
FDB27,7.575,Low Fat,0.055703431,Dairy,195.3768,OUT017,2007,,Tier 2,Supermarket Type1,1472.46
FDB04,11.35,Regular,0.063483863,Dairy,85.9856,OUT018,2009,Medium,Tier 3,Supermarket Type2,1137.24
NCO17,10,Low Fat,0,Health and Hygiene,118.744,OUT013,1987,High,Tier 3,Supermarket Type1,1302.09
FDL12,15.85,Regular,0.122320725,Baking Goods,58.022,OUT017,2007,,Tier 2,Supermarket Type1,825.98
DRJ13,12.65,Low Fat,0.062988082,Soft Drinks,160.6578,OUT049,1999,Medium,Tier 1,Supermarket Type1,1588.48
FDD57,18.1,Low Fat,0.022445019,Fruits and Vegetables,97.0094,OUT045,2002,,Tier 2,Supermarket Type1,1220.05
FDW19,12.35,Regular,0.038493141,Fruits and Vegetables,110.957,OUT035,2004,Small,Tier 2,Supermarket Type1,1199.07
DRD27,18.75,Low Fat,0.023937034,Dairy,100.4042,OUT018,2009,Medium,Tier 3,Supermarket Type2,1525.93
FDH27,,Low Fat,0.058064391,Dairy,145.1128,OUT027,1985,Medium,Tier 3,Supermarket Type3,1934.36
NCW30,,Low Fat,0.010956581,Household,259.9962,OUT027,1985,Medium,Tier 3,Supermarket Type3,2244.62
FDR40,9.1,Regular,0.008067116,Frozen Foods,79.9618,OUT018,2009,Medium,Tier 3,Supermarket Type2,1070.23
FDG05,11,Regular,0.087774037,Frozen Foods,156.663,OUT013,1987,High,Tier 3,Supermarket Type1,1370.65
NCY41,,Low Fat,0.132603297,Health and Hygiene,35.3532,OUT019,1985,Small,Tier 1,Grocery Store,170.6
FDI38,13.35,Regular,0.014686484,Canned,206.3638,OUT018,2009,Medium,Tier 3,Supermarket Type2,1900.23
FDR20,20,Regular,0.028123753,Fruits and Vegetables,43.2744,OUT046,1997,Small,Tier 1,Supermarket Type1,834.7
FDE09,8.775,Low Fat,0.021725581,Fruits and Vegetables,109.2228,OUT017,2007,,Tier 2,Supermarket Type1,1191.6
FDN50,,Regular,0.046432792,Canned,94.912,OUT019,1985,Small,Tier 1,Grocery Store,723.73
DRF27,8.93,Low Fat,0.028474903,Dairy,152.334,OUT045,2002,,Tier 2,Supermarket Type1,1497.72
DRF51,15.75,Low Fat,0.165700218,Dairy,37.7506,OUT013,1987,High,Tier 3,Supermarket Type1,938.75
NCO02,,Low Fat,0.128458176,Others,67.8142,OUT019,1985,Small,Tier 1,Grocery Store,611.87
FDB51,,Low Fat,0.038267861,Dairy,62.0852,OUT027,1985,Medium,Tier 3,Supermarket Type3,1137.53
FDJ50,8.645,Low Fat,0.02156804,Canned,52.8982,OUT013,1987,High,Tier 3,Supermarket Type1,812.04
FDN52,9.395,Regular,0.131460394,Frozen Foods,85.2198,OUT013,1987,High,Tier 3,Supermarket Type1,933.16
FDX14,13.1,Low Fat,0.074877667,Dairy,76.6354,OUT013,1987,High,Tier 3,Supermarket Type1,999.8
FDT27,,Regular,0.121838154,Meat,235.8616,OUT019,1985,Small,Tier 1,Grocery Store,1326.08
FDV10,7.645,Regular,0.06665054,Snack Foods,41.1112,OUT013,1987,High,Tier 3,Supermarket Type1,847.64
FDU33,7.63,Regular,0.134709764,Snack Foods,44.8402,OUT046,1997,Small,Tier 1,Supermarket Type1,703.79
FDU58,6.61,Regular,0.029011725,Snack Foods,185.9898,OUT046,1997,Small,Tier 1,Supermarket Type1,1605.1
NCP42,,Low Fat,0.016032699,Household,194.8478,OUT027,1985,Medium,Tier 3,Supermarket Type3,2183.73
FDL51,,reg,0.047261392,Dairy,213.5876,OUT027,1985,Medium,Tier 3,Supermarket Type3,2295.7
DRH15,,Low Fat,0.109379022,Dairy,45.4428,OUT027,1985,Medium,Tier 3,Supermarket Type3,950.99
FDU16,19.25,Regular,0.058604732,Frozen Foods,85.5908,OUT017,2007,,Tier 2,Supermarket Type1,891.76
FDW15,15.35,Regular,0.055425341,Meat,149.3734,OUT017,2007,,Tier 2,Supermarket Type1,1255.12
FDQ44,20.5,Low Fat,0.036213591,Fruits and Vegetables,122.3756,OUT045,2002,,Tier 2,Supermarket Type1,1196.97
NCI06,,Low Fat,0.047486615,Household,180.066,OUT027,1985,Medium,Tier 3,Supermarket Type3,1895.13
DRK23,,Low Fat,0.126021818,Hard Drinks,253.204,OUT019,1985,Small,Tier 1,Grocery Store,1423.7
FDC28,7.905,Low Fat,0.054976522,Frozen Foods,109.7254,OUT035,2004,Small,Tier 2,Supermarket Type1,1053.35
NCY17,,Low Fat,0,Health and Hygiene,42.9086,OUT019,1985,Small,Tier 1,Grocery Store,454.5
NCV05,10.1,Low Fat,0.030331567,Health and Hygiene,153.7656,OUT018,2009,Medium,Tier 3,Supermarket Type2,1697.11
FDM34,,Low Fat,0.118091992,Snack Foods,132.6626,OUT019,1985,Small,Tier 1,Grocery Store,915.86
DRD60,,Low Fat,0.037051812,Soft Drinks,182.8634,OUT027,1985,Medium,Tier 3,Supermarket Type3,2141.9
FDT38,18.7,Low Fat,0.057537445,Dairy,86.3566,OUT046,1997,Small,Tier 1,Supermarket Type1,832.08
FDQ57,7.275,Low Fat,0.028061488,Snack Foods,145.076,OUT018,2009,Medium,Tier 3,Supermarket Type2,1378.59
FDE59,,LF,0.061986186,Starchy Foods,35.6532,OUT027,1985,Medium,Tier 3,Supermarket Type3,1019.81
NCM43,14.5,Low Fat,0.019475371,Others,163.621,OUT046,1997,Small,Tier 1,Supermarket Type1,1372.89
DRI51,17.25,Low Fat,0.042307304,Dairy,171.1764,OUT049,1999,Medium,Tier 1,Supermarket Type1,1610.14
NCG30,20.2,Low Fat,0.112956552,Household,124.9046,OUT017,2007,,Tier 2,Supermarket Type1,1219.71
NCK54,12.15,Low Fat,0.029517792,Household,114.815,OUT035,2004,Small,Tier 2,Supermarket Type1,1139.97
FDQ16,,Low Fat,0.073078549,Frozen Foods,109.6912,OUT019,1985,Small,Tier 1,Grocery Store,762.03
FDI36,12.5,reg,0.062291551,Baking Goods,197.1426,OUT013,1987,High,Tier 3,Supermarket Type1,1829.72
FDX16,,Low Fat,0.065491357,Frozen Foods,148.705,OUT027,1985,Medium,Tier 3,Supermarket Type3,1897.44
FDA34,11.5,Low Fat,0.014860557,Starchy Foods,174.008,OUT046,1997,Small,Tier 1,Supermarket Type1,1672.17
FDJ48,11.3,Low Fat,0.056664709,Baking Goods,248.0118,OUT018,2009,Medium,Tier 3,Supermarket Type2,1916.17
FDU47,12.8,Regular,0.113832939,Breads,138.4838,OUT035,2004,Small,Tier 2,Supermarket Type1,1019.81
FDS39,6.895,Low Fat,0.022460575,Meat,142.9812,OUT046,1997,Small,Tier 1,Supermarket Type1,1172.45
FDD11,12.85,Low Fat,0.030616733,Starchy Foods,251.704,OUT046,1997,Small,Tier 1,Supermarket Type1,1841.77
FDM16,,Regular,0.033392905,Frozen Foods,73.5354,OUT027,1985,Medium,Tier 3,Supermarket Type3,1333.89
FDU56,16.85,Low Fat,0.04459498,Fruits and Vegetables,183.1266,OUT018,2009,Medium,Tier 3,Supermarket Type2,1794.01
FDQ32,17.85,Regular,0.046872134,Fruits and Vegetables,122.3388,OUT017,2007,,Tier 2,Supermarket Type1,1291.63
DRK35,8.365,Low Fat,0.071786706,Hard Drinks,39.3506,OUT013,1987,High,Tier 3,Supermarket Type1,893.38
FDA58,9.395,Low Fat,0.103912541,Snack Foods,234.2932,OUT049,1999,Medium,Tier 1,Supermarket Type1,2000.86
DRG48,,Low Fat,0.025484041,Soft Drinks,143.8102,OUT019,1985,Small,Tier 1,Grocery Store,1072.52
FDT59,13.65,Low Fat,0.026632476,Breads,231.9668,OUT010,1998,,Tier 3,Grocery Store,1561.4
FDQ31,,Regular,0.094279524,Fruits and Vegetables,89.7856,OUT019,1985,Small,Tier 1,Grocery Store,386.47
FDS51,13.35,Low Fat,0.032311584,Meat,63.3194,OUT018,2009,Medium,Tier 3,Supermarket Type2,979.63
FDW32,,Regular,0.093840198,Fruits and Vegetables,86.8882,OUT027,1985,Medium,Tier 3,Supermarket Type3,1284.93
FDI15,,Low Fat,0.140668056,Dairy,264.4884,OUT027,1985,Medium,Tier 3,Supermarket Type3,2256.58
NCV30,20.2,Low Fat,0.066305026,Household,62.351,OUT017,2007,,Tier 2,Supermarket Type1,892.66
DRG25,10.5,Low Fat,0.019079308,Soft Drinks,187.524,OUT049,1999,Medium,Tier 1,Supermarket Type1,1722.71
FDT02,12.6,Low Fat,0.024174597,Dairy,33.2874,OUT013,1987,High,Tier 3,Supermarket Type1,901.52
FDO33,,Low Fat,0.088889913,Snack Foods,114.1518,OUT027,1985,Medium,Tier 3,Supermarket Type3,1624.33
FDP38,10.1,Low Fat,0.032096024,Canned,51.1008,OUT035,2004,Small,Tier 2,Supermarket Type1,858.87
FDZ45,14.1,Low Fat,0.066863337,Snack Foods,197.9084,OUT035,2004,Small,Tier 2,Supermarket Type1,1700.02
NCA54,,Low Fat,0.036464158,Household,180.1318,OUT027,1985,Medium,Tier 3,Supermarket Type3,2145.41
FDU33,7.63,Regular,0.135471737,Snack Foods,45.2402,OUT017,2007,,Tier 2,Supermarket Type1,506.31
FDN58,13.8,Regular,0.057194086,Snack Foods,233.6984,OUT017,2007,,Tier 2,Supermarket Type1,1693.47
FDI05,8.35,Regular,0.127127013,Frozen Foods,75.4354,OUT045,2002,,Tier 2,Supermarket Type1,758.93
FDM57,,Regular,0.1328021,Snack Foods,82.4908,OUT019,1985,Small,Tier 1,Grocery Store,428.68
NCS42,,Low Fat,0.069080314,Household,89.6146,OUT027,1985,Medium,Tier 3,Supermarket Type3,1402.21
FDB57,20.25,Regular,0.018843242,Fruits and Vegetables,221.6772,OUT045,2002,,Tier 2,Supermarket Type1,1855.02
FDC03,8.575,Regular,0.071992202,Dairy,196.0794,OUT045,2002,,Tier 2,Supermarket Type1,1621.67
FDZ58,17.85,Low Fat,0.052133441,Snack Foods,120.6072,OUT013,1987,High,Tier 3,Supermarket Type1,1436.37
NCK29,5.615,Low Fat,0.126024084,Health and Hygiene,124.573,OUT045,2002,,Tier 2,Supermarket Type1,1233.03
NCR53,12.15,LF,0.145335007,Health and Hygiene,224.9404,OUT045,2002,,Tier 2,Supermarket Type1,1850.42
FDE26,,Low Fat,0.088574755,Canned,145.4786,OUT027,1985,Medium,Tier 3,Supermarket Type3,1913.92
FDU52,7.56,Low Fat,0.063870008,Frozen Foods,154.563,OUT049,1999,Medium,Tier 1,Supermarket Type1,1307.53
FDE41,,Regular,0.063704181,Frozen Foods,83.6566,OUT027,1985,Medium,Tier 3,Supermarket Type3,1269.28
FDU38,10.8,Low Fat,0.08288617,Dairy,189.9504,OUT018,2009,Medium,Tier 3,Supermarket Type2,1661.73
FDA52,16.2,Regular,0.129148687,Frozen Foods,176.337,OUT017,2007,,Tier 2,Supermarket Type1,1410.02
FDW46,13,Regular,0.070301658,Snack Foods,65.5484,OUT046,1997,Small,Tier 1,Supermarket Type1,838.24
DRI59,9.5,Low Fat,0,Hard Drinks,225.0088,OUT035,2004,Small,Tier 2,Supermarket Type1,1741.05
FDT38,18.7,Low Fat,0.057526565,Dairy,85.2566,OUT035,2004,Small,Tier 2,Supermarket Type1,1022.04
FDL33,7.235,Low Fat,0.100369729,Snack Foods,196.9452,OUT018,2009,Medium,Tier 3,Supermarket Type2,1844.51
FDQ01,,Regular,0.159923438,Canned,253.0014,OUT027,1985,Medium,Tier 3,Supermarket Type3,2373.08
FDJ08,11.1,Low Fat,0.110672104,Fruits and Vegetables,191.1846,OUT046,1997,Small,Tier 1,Supermarket Type1,1664.61
FDQ47,7.155,Regular,0.168447861,Breads,35.8874,OUT049,1999,Medium,Tier 1,Supermarket Type1,526.86
NCZ18,7.825,Low Fat,0.185913021,Household,252.4698,OUT013,1987,High,Tier 3,Supermarket Type1,1724.04
FDE29,8.905,Low Fat,0.143938721,Frozen Foods,60.3878,OUT017,2007,,Tier 2,Supermarket Type1,639.92
FDF10,,Regular,0.156168446,Snack Foods,146.7418,OUT027,1985,Medium,Tier 3,Supermarket Type3,1576.03
FDC48,9.195,Low Fat,0.015883951,Baking Goods,83.4592,OUT049,1999,Medium,Tier 1,Supermarket Type1,1088.1
FDY58,11.65,Low Fat,0.039885362,Snack Foods,228.9694,OUT013,1987,High,Tier 3,Supermarket Type1,1900.98
NCX30,16.7,Low Fat,0,Household,247.5776,OUT010,1998,,Tier 3,Grocery Store,1531.58
FDV11,9.1,Regular,0.081599833,Breads,176.8054,OUT013,1987,High,Tier 3,Supermarket Type1,1632.69
FDT46,11.35,Low Fat,0.030807134,Snack Foods,49.4008,OUT046,1997,Small,Tier 1,Supermarket Type1,890.43
DRD01,,Regular,0.107110465,Soft Drinks,55.6614,OUT019,1985,Small,Tier 1,Grocery Store,501.24
FDQ11,5.695,Regular,0.067644586,Breads,256.5988,OUT013,1987,High,Tier 3,Supermarket Type1,2171.28
NCM41,16.5,Low Fat,0.035857676,Health and Hygiene,92.512,OUT017,2007,,Tier 2,Supermarket Type1,899.04
NCC55,10.695,Low Fat,0.063710075,Household,36.4848,OUT013,1987,High,Tier 3,Supermarket Type1,672.19
FDG45,,Low Fat,0.127416049,Fruits and Vegetables,214.2902,OUT027,1985,Medium,Tier 3,Supermarket Type3,1942.42
NCQ54,17.7,Low Fat,0,Household,167.7474,OUT049,1999,Medium,Tier 1,Supermarket Type1,1594.51
FDM34,19,Low Fat,0.067584358,Snack Foods,129.7626,OUT045,2002,,Tier 2,Supermarket Type1,1240.87
FDD17,,Low Fat,0.057125581,Frozen Foods,237.8906,OUT019,1985,Small,Tier 1,Grocery Store,1406.49
FDN38,,Regular,0.091526478,Canned,250.0408,OUT027,1985,Medium,Tier 3,Supermarket Type3,2319.35
FDB53,13.35,Low Fat,0,Frozen Foods,148.4392,OUT018,2009,Medium,Tier 3,Supermarket Type2,1685.87
NCL06,14.65,Low Fat,0.072053007,Household,262.3594,OUT035,2004,Small,Tier 2,Supermarket Type1,2003.68
NCV18,,Low Fat,0.184271924,Household,82.725,OUT019,1985,Small,Tier 1,Grocery Store,586.64
FDX25,16.7,Low Fat,0,Canned,182.4292,OUT013,1987,High,Tier 3,Supermarket Type1,1907.26
FDB39,11.6,Low Fat,0.038518959,Dairy,55.3272,OUT046,1997,Small,Tier 1,Supermarket Type1,633.83
FDC33,8.96,Regular,0.06904552,Fruits and Vegetables,197.3768,OUT049,1999,Medium,Tier 1,Supermarket Type1,1566.15
NCO14,9.6,Low Fat,0.029764629,Household,44.4086,OUT018,2009,Medium,Tier 3,Supermarket Type2,881.66
FDA58,,Low Fat,0.103248816,Snack Foods,237.3932,OUT027,1985,Medium,Tier 3,Supermarket Type3,2134.24
NCQ02,12.6,Low Fat,0.00749864,Household,186.4556,OUT017,2007,,Tier 2,Supermarket Type1,1567.96
NCR53,12.15,Low Fat,0.14586127,Health and Hygiene,227.0404,OUT017,2007,,Tier 2,Supermarket Type1,1700.5
FDN52,9.395,Regular,0.131569883,Frozen Foods,88.1198,OUT046,1997,Small,Tier 1,Supermarket Type1,937.01
FDG26,18.85,Low Fat,0.042649853,Canned,256.633,OUT046,1997,Small,Tier 1,Supermarket Type1,2047.05
FDE23,,Regular,0.052923474,Starchy Foods,46.706,OUT027,1985,Medium,Tier 3,Supermarket Type3,1315.75
DRI37,15.85,Low Fat,0.107508339,Soft Drinks,59.1904,OUT013,1987,High,Tier 3,Supermarket Type1,1095.74
DRH37,17.6,Low Fat,0.041785884,Soft Drinks,166.0526,OUT018,2009,Medium,Tier 3,Supermarket Type2,1891.88
FDO01,21.1,Regular,0.020714738,Breakfast,127.7994,OUT035,2004,Small,Tier 2,Supermarket Type1,1070.95
FDK45,11.65,Low Fat,0.033910827,Seafood,113.886,OUT049,1999,Medium,Tier 1,Supermarket Type1,1163.4
FDP23,6.71,Low Fat,0.035642187,Breads,217.6166,OUT049,1999,Medium,Tier 1,Supermarket Type1,1734.78
FDM33,15.6,Low Fat,0.087703106,Snack Foods,220.0798,OUT035,2004,Small,Tier 2,Supermarket Type1,1590.71
FDD36,13.3,Low Fat,0.021393893,Baking Goods,119.8124,OUT017,2007,,Tier 2,Supermarket Type1,1199.81
FDL56,14.1,Low Fat,0.126492074,Fruits and Vegetables,85.3198,OUT017,2007,,Tier 2,Supermarket Type1,958.12
FDT27,11.395,Regular,0.116474658,Meat,236.0616,OUT010,1998,,Tier 3,Grocery Store,1344.28
FDG52,13.65,Low Fat,0.066002079,Frozen Foods,44.2402,OUT017,2007,,Tier 2,Supermarket Type1,857.47
NCL42,18.85,Low Fat,0.040363971,Household,244.0144,OUT035,2004,Small,Tier 2,Supermarket Type1,1972.7
DRJ24,11.8,low fat,0.113329224,Soft Drinks,185.8924,OUT046,1997,Small,Tier 1,Supermarket Type1,1625.01
FDV38,19.25,Low Fat,0.101773845,Dairy,52.8956,OUT046,1997,Small,Tier 1,Supermarket Type1,993.08
FDT35,19.85,Regular,0.081620573,Breads,169.7816,OUT045,2002,,Tier 2,Supermarket Type1,1324.29
FDY51,12.5,Low Fat,0.081299369,Meat,219.0798,OUT045,2002,,Tier 2,Supermarket Type1,1581.27
FDC37,15.5,Low Fat,0.033059299,Baking Goods,105.7938,OUT017,2007,,Tier 2,Supermarket Type1,1059.61
NCP43,17.75,Low Fat,0.030481663,Others,181.666,OUT013,1987,High,Tier 3,Supermarket Type1,1641.98
FDO33,14.75,Low Fat,0.089503609,Snack Foods,112.2518,OUT045,2002,,Tier 2,Supermarket Type1,1113.08
FDW04,8.985,Regular,0.058062665,Frozen Foods,130.831,OUT018,2009,Medium,Tier 3,Supermarket Type2,1450.21
NCC31,8.02,Low Fat,0.019870463,Household,154.9972,OUT046,1997,Small,Tier 1,Supermarket Type1,1407.74
FDK22,9.8,Low Fat,0.026127057,Snack Foods,216.385,OUT049,1999,Medium,Tier 1,Supermarket Type1,1949.2
FDJ50,8.645,Low Fat,0.021708103,Canned,54.5982,OUT017,2007,,Tier 2,Supermarket Type1,962.27
FDV13,17.35,Regular,0.027767045,Canned,88.9856,OUT017,2007,,Tier 2,Supermarket Type1,1243.88
DRL60,8.52,Low Fat,0.027212419,Soft Drinks,151.8682,OUT017,2007,,Tier 2,Supermarket Type1,1565.42
FDW03,5.63,Regular,0.024680092,Meat,103.7306,OUT017,2007,,Tier 2,Supermarket Type1,918.72
FDY27,6.38,Low Fat,0.031892144,Dairy,177.7344,OUT035,2004,Small,Tier 2,Supermarket Type1,1281.5
FDB39,,Low Fat,0.03833243,Dairy,54.3272,OUT027,1985,Medium,Tier 3,Supermarket Type3,1166.8
FDU59,5.78,Low Fat,0.0965817,Breads,162.4552,OUT045,2002,,Tier 2,Supermarket Type1,1289.04
FDZ57,10,Regular,0,Snack Foods,129.2994,OUT049,1999,Medium,Tier 1,Supermarket Type1,1390.15
FDO21,11.6,Regular,0.0097782,Snack Foods,225.1404,OUT049,1999,Medium,Tier 1,Supermarket Type1,1956.67
FDS43,11.65,Low Fat,0,Fruits and Vegetables,187.724,OUT018,2009,Medium,Tier 3,Supermarket Type2,1877.03
FDU28,19.2,Regular,0.157200063,Frozen Foods,189.3214,OUT010,1998,,Tier 3,Grocery Store,1154.19
FDC51,10.895,Regular,0.016105023,Dairy,121.773,OUT010,1998,,Tier 3,Grocery Store,888.52
FDW16,17.35,Regular,0.069419362,Frozen Foods,92.3804,OUT010,1998,,Tier 3,Grocery Store,761.06
FDP32,6.65,Low Fat,0.146740745,Fruits and Vegetables,125.5678,OUT010,1998,,Tier 3,Grocery Store,435.11
FDB60,,Low Fat,0.049938496,Baking Goods,195.6136,OUT019,1985,Small,Tier 1,Grocery Store,1025.43
NCQ30,7.725,Low Fat,0.029072283,Household,120.1414,OUT046,1997,Small,Tier 1,Supermarket Type1,1032.69
FDD26,8.71,Regular,0.072267645,Canned,184.8924,OUT049,1999,Medium,Tier 1,Supermarket Type1,1553.84
FDI44,16.1,Low Fat,0.100436145,Fruits and Vegetables,77.2328,OUT045,2002,,Tier 2,Supermarket Type1,895.09
DRH23,14.65,Low Fat,0.170318251,Hard Drinks,56.1614,OUT046,1997,Small,Tier 1,Supermarket Type1,713.15
FDO44,12.6,Low Fat,0.087453208,Fruits and Vegetables,110.0228,OUT046,1997,Small,Tier 1,Supermarket Type1,1106.62
FDG04,13.1,Low Fat,0.006062712,Frozen Foods,187.3898,OUT046,1997,Small,Tier 1,Supermarket Type1,1645.89
FDM32,,Low Fat,0.020505252,Fruits and Vegetables,91.483,OUT027,1985,Medium,Tier 3,Supermarket Type3,1578.2
FDM09,11.15,Regular,0.085860034,Snack Foods,169.479,OUT013,1987,High,Tier 3,Supermarket Type1,1675.91
FDZ47,20.7,Regular,0.079230482,Baking Goods,98.8042,OUT013,1987,High,Tier 3,Supermarket Type1,1397.02
FDM40,,LF,0.159162446,Frozen Foods,143.1154,OUT027,1985,Medium,Tier 3,Supermarket Type3,1447.39
FDY48,14,Low Fat,0.023869126,Baking Goods,101.5332,OUT017,2007,,Tier 2,Supermarket Type1,977.95
NCM30,19.1,Low Fat,0.067431883,Household,42.4796,OUT045,2002,,Tier 2,Supermarket Type1,686.65
FDX36,9.695,Regular,0.21471985,Baking Goods,225.9404,OUT010,1998,,Tier 3,Grocery Store,1064.29
DRF03,19.1,Low Fat,0.045564412,Dairy,39.1138,OUT017,2007,,Tier 2,Supermarket Type1,761.82
FDN51,17.85,Regular,0.020979394,Meat,259.7936,OUT049,1999,Medium,Tier 1,Supermarket Type1,2155.93
FDM57,11.65,Regular,0.075967092,Snack Foods,84.4908,OUT049,1999,Medium,Tier 1,Supermarket Type1,1135.88
FDB35,12.3,Regular,0.064719441,Starchy Foods,93.6804,OUT049,1999,Medium,Tier 1,Supermarket Type1,1238.09
FDY13,,Low Fat,0.029981513,Canned,77.867,OUT027,1985,Medium,Tier 3,Supermarket Type3,1500.79
FDA37,7.81,Regular,0.05553914,Canned,125.8046,OUT017,2007,,Tier 2,Supermarket Type1,1335.61
NCX53,20.1,Low Fat,0.015022332,Health and Hygiene,142.1154,OUT017,2007,,Tier 2,Supermarket Type1,1584.81
FDD59,10.5,Regular,0.066450399,Starchy Foods,80.796,OUT018,2009,Medium,Tier 3,Supermarket Type2,980.07
FDX10,,Regular,0.216601163,Snack Foods,36.7874,OUT019,1985,Small,Tier 1,Grocery Store,50
FDC03,8.575,Regular,0.072139167,Dairy,195.5794,OUT018,2009,Medium,Tier 3,Supermarket Type2,1666.79
FDW43,20.1,Regular,0.022420996,Fruits and Vegetables,226.2036,OUT035,2004,Small,Tier 2,Supermarket Type1,1707.64
FDW10,21.2,Low Fat,0.070676281,Snack Foods,176.337,OUT046,1997,Small,Tier 1,Supermarket Type1,1484.64
FDY14,,Low Fat,0.069701022,Dairy,262.9226,OUT027,1985,Medium,Tier 3,Supermarket Type3,2377.84
FDV43,16,Low Fat,0.077011493,Fruits and Vegetables,45.1086,OUT045,2002,,Tier 2,Supermarket Type1,824.79
FDO40,17.1,Low Fat,0.032600958,Frozen Foods,150.4392,OUT013,1987,High,Tier 3,Supermarket Type1,1598.77
FDP46,,Low Fat,0.074254285,Snack Foods,91.083,OUT027,1985,Medium,Tier 3,Supermarket Type3,1539.63
NCE43,,Low Fat,0.181114059,Household,168.8448,OUT019,1985,Small,Tier 1,Grocery Store,1068.14
FDD05,19.35,Low Fat,0.016608334,Frozen Foods,120.0098,OUT035,2004,Small,Tier 2,Supermarket Type1,1382.56
FDJ60,19.35,Regular,0.104659766,Baking Goods,165.9184,OUT010,1998,,Tier 3,Grocery Store,801.81
DRE27,11.85,low fat,0.133211023,Dairy,95.8726,OUT018,2009,Medium,Tier 3,Supermarket Type2,1055.36
FDO11,8,Regular,0.030259174,Breads,250.6092,OUT035,2004,Small,Tier 2,Supermarket Type1,1719.12
DRG11,,Low Fat,0.083432299,Hard Drinks,107.4596,OUT027,1985,Medium,Tier 3,Supermarket Type3,1442.44
FDK33,17.85,Low Fat,0.018805505,Snack Foods,214.956,OUT010,1998,,Tier 3,Grocery Store,1286.28
DRM23,16.6,Low Fat,0.136008489,Hard Drinks,170.4422,OUT045,2002,,Tier 2,Supermarket Type1,1434.22
FDJ02,,Regular,0.02504491,Canned,146.1418,OUT027,1985,Medium,Tier 3,Supermarket Type3,1818.74
NCZ05,8.485,Low Fat,0.0582501,Health and Hygiene,104.399,OUT045,2002,,Tier 2,Supermarket Type1,1158.16
NCL30,18.1,Low Fat,0.048899701,Household,126.3336,OUT013,1987,High,Tier 3,Supermarket Type1,1501.53
FDZ19,6.425,Low Fat,0.093835595,Fruits and Vegetables,174.2712,OUT018,2009,Medium,Tier 3,Supermarket Type2,1780.01
FDM45,8.655,Regular,0.088331849,Snack Foods,120.8756,OUT049,1999,Medium,Tier 1,Supermarket Type1,1463.9
FDO36,19.7,Low Fat,0,Baking Goods,178.666,OUT046,1997,Small,Tier 1,Supermarket Type1,1414.56
NCK31,10.895,Low Fat,0.027102628,Others,50.7666,OUT045,2002,,Tier 2,Supermarket Type1,692.09
DRJ37,10.8,Low Fat,0.061225298,Soft Drinks,153.4024,OUT045,2002,,Tier 2,Supermarket Type1,1262.21
FDP24,20.6,Low Fat,0.083342202,Baking Goods,120.1756,OUT018,2009,Medium,Tier 3,Supermarket Type2,1375.16
FDF46,7.07,LF,0.093593225,Snack Foods,115.1834,OUT013,1987,High,Tier 3,Supermarket Type1,1180.76
FDX46,,Regular,0.101754942,Snack Foods,58.5562,OUT019,1985,Small,Tier 1,Grocery Store,396.98
NCL18,18.85,Low Fat,0.167923755,Household,193.7136,OUT045,2002,,Tier 2,Supermarket Type1,1592.24
FDJ26,15.3,Regular,0.084694653,Canned,212.7218,OUT013,1987,High,Tier 3,Supermarket Type1,1893.84
FDJ07,7.26,Low Fat,0.014452774,Meat,115.015,OUT045,2002,,Tier 2,Supermarket Type1,1290.4
FDY15,18.25,Regular,0.170685888,Dairy,155.163,OUT013,1987,High,Tier 3,Supermarket Type1,1594.53
DRG01,14.8,Low Fat,0.044969294,Soft Drinks,74.867,OUT045,2002,,Tier 2,Supermarket Type1,1168.9
FDF58,13.3,Low Fat,0.009600586,Snack Foods,64.951,OUT045,2002,,Tier 2,Supermarket Type1,771.69
FDZ14,,Regular,0.083321663,Dairy,121.4756,OUT019,1985,Small,Tier 1,Grocery Store,617.63
FDP31,21.1,Regular,0.161756055,Fruits and Vegetables,65.7168,OUT049,1999,Medium,Tier 1,Supermarket Type1,897.56
FDH45,15.1,Regular,0.1055789,Fruits and Vegetables,42.4796,OUT013,1987,High,Tier 3,Supermarket Type1,795.32
FDA09,13.35,Regular,0.250008736,Snack Foods,178.366,OUT010,1998,,Tier 3,Grocery Store,857.46
FDW31,11.35,Regular,0.043149943,Fruits and Vegetables,198.5742,OUT035,2004,Small,Tier 2,Supermarket Type1,1567.77
FDA57,18.85,Low Fat,0.039643601,Snack Foods,41.448,OUT046,1997,Small,Tier 1,Supermarket Type1,846.23
NCE55,8.92,Low Fat,0.129903926,Household,176.637,OUT035,2004,Small,Tier 2,Supermarket Type1,1426.03
FDC17,,Low Fat,0.027069736,Frozen Foods,212.3928,OUT019,1985,Small,Tier 1,Grocery Store,1427.3
FDC59,16.7,Regular,0.054583442,Starchy Foods,64.6168,OUT013,1987,High,Tier 3,Supermarket Type1,1196.17
FDA22,7.435,Low Fat,0.084382084,Starchy Foods,167.9158,OUT013,1987,High,Tier 3,Supermarket Type1,1709.64
FDK52,18.25,Low Fat,0.079203863,Frozen Foods,224.9062,OUT035,2004,Small,Tier 2,Supermarket Type1,1549.45
NCM26,20.5,Low Fat,0.023143199,Others,152.934,OUT046,1997,Small,Tier 1,Supermarket Type1,1306.81
NCT53,5.4,Low Fat,0.048107159,Health and Hygiene,166.3526,OUT035,2004,Small,Tier 2,Supermarket Type1,1239.44
FDW45,18,Low Fat,0.039169904,Snack Foods,149.0418,OUT018,2009,Medium,Tier 3,Supermarket Type2,1567.48
NCI18,18.35,Low Fat,0.014021376,Household,222.5746,OUT035,2004,Small,Tier 2,Supermarket Type1,1743.99
FDE38,6.52,Low Fat,0.044788872,Canned,164.0842,OUT018,2009,Medium,Tier 3,Supermarket Type2,1638.79
FDF08,,Regular,0.114170018,Fruits and Vegetables,89.1856,OUT019,1985,Small,Tier 1,Grocery Store,603.27
FDY58,11.65,Low Fat,0.066815522,Snack Foods,229.6694,OUT010,1998,,Tier 3,Grocery Store,1409.6
FDF58,,Low Fat,0.016775365,Snack Foods,63.451,OUT019,1985,Small,Tier 1,Grocery Store,623.38
FDX39,14.3,Regular,0.049957145,Meat,210.0586,OUT017,2007,,Tier 2,Supermarket Type1,1879.46
FDB44,6.655,Low Fat,0.016985198,Fruits and Vegetables,211.0586,OUT049,1999,Medium,Tier 1,Supermarket Type1,1627.12
FDF28,15.7,Regular,0.037833211,Frozen Foods,126.1046,OUT013,1987,High,Tier 3,Supermarket Type1,1221.43
FDE39,7.89,Low Fat,0.036104434,Dairy,117.1782,OUT013,1987,High,Tier 3,Supermarket Type1,1156.22
FDT37,14.15,Low Fat,0.035413843,Canned,253.0014,OUT018,2009,Medium,Tier 3,Supermarket Type2,2084.69
FDZ45,14.1,Low Fat,0.06725426,Snack Foods,199.0084,OUT017,2007,,Tier 2,Supermarket Type1,1585.72
FDO40,17.1,Low Fat,0.032621941,Frozen Foods,150.9392,OUT035,2004,Small,Tier 2,Supermarket Type1,1330.51
FDM57,,Regular,0.075481864,Snack Foods,85.3908,OUT027,1985,Medium,Tier 3,Supermarket Type3,1426.22
DRG36,14.15,Low Fat,0.095917719,Soft Drinks,171.8106,OUT017,2007,,Tier 2,Supermarket Type1,1521.68
FDY36,12.3,Low Fat,0.015751294,Baking Goods,71.638,OUT010,1998,,Tier 3,Grocery Store,596.93
DRL60,,LF,0.026928324,Soft Drinks,151.6682,OUT027,1985,Medium,Tier 3,Supermarket Type3,1945.44
FDS25,,Regular,0.245136905,Canned,110.8228,OUT019,1985,Small,Tier 1,Grocery Store,721.4
DRF49,,Low Fat,0.070733741,Soft Drinks,112.0518,OUT027,1985,Medium,Tier 3,Supermarket Type3,1361.12
FDP16,18.6,Low Fat,0.039374545,Frozen Foods,245.5802,OUT045,2002,,Tier 2,Supermarket Type1,1793.45
FDS60,20.85,Low Fat,0.032498972,Baking Goods,181.266,OUT049,1999,Medium,Tier 1,Supermarket Type1,1628.66
FDU15,,Regular,0.026473267,Meat,37.9532,OUT027,1985,Medium,Tier 3,Supermarket Type3,1104.42
FDK43,9.8,LF,0.026840766,Meat,126.902,OUT046,1997,Small,Tier 1,Supermarket Type1,1171.4
FDN25,7.895,Regular,0.061175535,Breakfast,58.6588,OUT046,1997,Small,Tier 1,Supermarket Type1,788.83
FDE53,10.895,Low Fat,0.026921951,Frozen Foods,104.928,OUT049,1999,Medium,Tier 1,Supermarket Type1,1292.14
FDB22,8.02,Low Fat,0.111347923,Snack Foods,155.6998,OUT013,1987,High,Tier 3,Supermarket Type1,1492.28
FDE39,7.89,Low Fat,0.036338895,Dairy,119.5782,OUT017,2007,,Tier 2,Supermarket Type1,1287.21
FDX35,5.035,Regular,0.079895432,Breads,227.0036,OUT035,2004,Small,Tier 2,Supermarket Type1,1775.86
NCG54,12.1,Low Fat,0.079930344,Household,169.7106,OUT049,1999,Medium,Tier 1,Supermarket Type1,1757.17
FDH27,7.075,Low Fat,0.058335906,Dairy,145.8128,OUT035,2004,Small,Tier 2,Supermarket Type1,1035.99
NCK42,7.475,Low Fat,0.01310911,Household,215.4192,OUT013,1987,High,Tier 3,Supermarket Type1,1689.33
FDS25,6.885,Regular,0.14022623,Canned,108.8228,OUT049,1999,Medium,Tier 1,Supermarket Type1,1041.52
FDI10,8.51,Regular,0.078723713,Snack Foods,172.4422,OUT018,2009,Medium,Tier 3,Supermarket Type2,1575.15
FDU35,6.44,Low Fat,0.079200387,Breads,100.47,OUT035,2004,Small,Tier 2,Supermarket Type1,911.38
FDI04,13.65,Regular,0.073324855,Frozen Foods,199.0426,OUT017,2007,,Tier 2,Supermarket Type1,1626.29
DRK23,8.395,Low Fat,0.071963037,Hard Drinks,251.804,OUT035,2004,Small,Tier 2,Supermarket Type1,1837.92
FDB53,,Low Fat,0.244163174,Frozen Foods,148.1392,OUT019,1985,Small,Tier 1,Grocery Store,828.52
FDY02,8.945,Regular,0.087782193,Dairy,261.791,OUT049,1999,Medium,Tier 1,Supermarket Type1,2166.46
FDM60,10.8,Regular,0.048134189,Baking Goods,40.3138,OUT035,2004,Small,Tier 2,Supermarket Type1,824.01
NCJ31,19.2,LF,0.305724969,Others,239.6196,OUT010,1998,,Tier 3,Grocery Store,1394.16
DRP35,18.85,Low Fat,0.09138128,Hard Drinks,126.6336,OUT017,2007,,Tier 2,Supermarket Type1,1069.19
NCQ30,7.725,Low Fat,0.029190711,Household,122.4414,OUT018,2009,Medium,Tier 3,Supermarket Type2,1271.23
DRL11,10.5,Low Fat,0.080372556,Hard Drinks,158.4946,OUT010,1998,,Tier 3,Grocery Store,799.88
FDU01,20.25,Regular,0.011985289,Canned,184.7924,OUT013,1987,High,Tier 3,Supermarket Type1,1691.32
FDR39,20.35,Low Fat,0.083783437,Meat,180.7292,OUT035,2004,Small,Tier 2,Supermarket Type1,1452.06
FDO08,11.1,Regular,0.053775381,Fruits and Vegetables,165.7526,OUT046,1997,Small,Tier 1,Supermarket Type1,1418.94
FDC02,21.35,Low Fat,0.068962051,Canned,261.1278,OUT045,2002,,Tier 2,Supermarket Type1,2068.59
NCZ29,15,Low Fat,0.071357962,Health and Hygiene,127.4362,OUT035,2004,Small,Tier 2,Supermarket Type1,1243.68
FDF29,15.1,Regular,0.033365743,Frozen Foods,130.931,OUT010,1998,,Tier 3,Grocery Store,944.79
FDZ23,17.75,Regular,0.067884624,Baking Goods,187.324,OUT017,2007,,Tier 2,Supermarket Type1,1749.44
NCU53,5.485,Low Fat,0.042925965,Health and Hygiene,164.5842,OUT018,2009,Medium,Tier 3,Supermarket Type2,1807.97
NCW30,5.21,Low Fat,0.011000735,Household,258.0962,OUT013,1987,High,Tier 3,Supermarket Type1,1885.1
NCM26,,Low Fat,0.023031127,Others,154.534,OUT027,1985,Medium,Tier 3,Supermarket Type3,1692.71
FDV50,,Low Fat,0.121977653,Dairy,122.573,OUT027,1985,Medium,Tier 3,Supermarket Type3,1464.87
FDW15,15.35,Regular,0.055199283,Meat,146.4734,OUT049,1999,Medium,Tier 1,Supermarket Type1,1433.37
FDI35,,Low Fat,0.041091215,Starchy Foods,182.6634,OUT027,1985,Medium,Tier 3,Supermarket Type3,1942.17
FDO11,8,Regular,0.030436087,Breads,249.0092,OUT017,2007,,Tier 2,Supermarket Type1,1912.16
FDN48,13.35,Low Fat,0.06495073,Baking Goods,92.5804,OUT046,1997,Small,Tier 1,Supermarket Type1,1065.19
NCA17,20.6,Low Fat,0.045488814,Health and Hygiene,149.9392,OUT049,1999,Medium,Tier 1,Supermarket Type1,1645.93
NCN54,20.35,Low Fat,0.021308724,Household,79.2328,OUT013,1987,High,Tier 3,Supermarket Type1,1294.05
FDP22,14.65,Regular,0.099049679,Snack Foods,49.7666,OUT013,1987,High,Tier 3,Supermarket Type1,1059.12
NCB54,8.76,Low Fat,0.050043246,Health and Hygiene,126.2336,OUT035,2004,Small,Tier 2,Supermarket Type1,1329.57
FDD08,8.3,Low Fat,0.035426061,Fruits and Vegetables,37.7506,OUT045,2002,,Tier 2,Supermarket Type1,568.84
DRM48,15.2,Low Fat,0.188965879,Soft Drinks,35.9848,OUT010,1998,,Tier 3,Grocery Store,50
FDG41,,Regular,0.076191354,Frozen Foods,110.3228,OUT027,1985,Medium,Tier 3,Supermarket Type3,1444.7
FDE44,,LF,0.170558096,Fruits and Vegetables,48.7692,OUT027,1985,Medium,Tier 3,Supermarket Type3,1058.23
FDE26,9.3,Low Fat,0.088988939,Canned,144.0786,OUT035,2004,Small,Tier 2,Supermarket Type1,1180.44
NCS38,8.6,Low Fat,0,Household,113.1176,OUT013,1987,High,Tier 3,Supermarket Type1,1312.35
NCJ54,9.895,Low Fat,0,Household,230.4642,OUT018,2009,Medium,Tier 3,Supermarket Type2,2103.82
FDI40,,Regular,0.219914554,Frozen Foods,98.8358,OUT019,1985,Small,Tier 1,Grocery Store,597.17
FDN45,19.35,Low Fat,0.11858387,Snack Foods,224.4088,OUT018,2009,Medium,Tier 3,Supermarket Type2,2103.97
FDU43,19.35,Regular,0.058043379,Fruits and Vegetables,239.8564,OUT046,1997,Small,Tier 1,Supermarket Type1,2040.42
FDI04,13.65,Regular,0.122040464,Frozen Foods,197.5426,OUT010,1998,,Tier 3,Grocery Store,906.2
NCC07,19.6,Low Fat,0.024048716,Household,104.9964,OUT018,2009,Medium,Tier 3,Supermarket Type2,1244.04
NCC07,,Low Fat,0.04193537,Household,104.5964,OUT019,1985,Small,Tier 1,Grocery Store,573.04
NCD18,16,Low Fat,0.072816495,Household,231.3668,OUT045,2002,,Tier 2,Supermarket Type1,1733.98
FDU55,16.2,Low Fat,0.035904485,Fruits and Vegetables,258.6278,OUT035,2004,Small,Tier 2,Supermarket Type1,1875.54
FDX59,10.195,Low Fat,0.051651503,Breads,35.2558,OUT035,2004,Small,Tier 2,Supermarket Type1,627.79
FDR52,12.65,Regular,0.076162818,Frozen Foods,190.7846,OUT049,1999,Medium,Tier 1,Supermarket Type1,1725.32
NCP17,19.35,Low Fat,0.027691308,Health and Hygiene,63.3168,OUT013,1987,High,Tier 3,Supermarket Type1,1131.77
FDQ32,17.85,reg,0.04670302,Fruits and Vegetables,122.2388,OUT045,2002,,Tier 2,Supermarket Type1,1355.23
NCT17,10.8,Low Fat,0.041930938,Health and Hygiene,188.0214,OUT049,1999,Medium,Tier 1,Supermarket Type1,1838.98
FDO10,13.65,Regular,0,Snack Foods,57.7588,OUT049,1999,Medium,Tier 1,Supermarket Type1,1217.22
FDE32,20.7,Low Fat,0.048834717,Fruits and Vegetables,36.5506,OUT049,1999,Medium,Tier 1,Supermarket Type1,741.98
FDN44,13.15,Low Fat,0.022841841,Fruits and Vegetables,158.192,OUT045,2002,,Tier 2,Supermarket Type1,1288.55
FDH02,7.27,reg,0.020777214,Canned,88.8488,OUT035,2004,Small,Tier 2,Supermarket Type1,824.86
FDK60,16.5,Regular,0.093786169,Baking Goods,98.9068,OUT013,1987,High,Tier 3,Supermarket Type1,1106.08
FDS24,,Regular,0.108947031,Baking Goods,86.5514,OUT019,1985,Small,Tier 1,Grocery Store,493.48
FDL03,19.25,Regular,0.045327376,Meat,198.211,OUT010,1998,,Tier 3,Grocery Store,1209.12
FDB46,,Regular,0.093309811,Snack Foods,212.6244,OUT027,1985,Medium,Tier 3,Supermarket Type3,2114.96
FDO48,15,Regular,0.026882496,Baking Goods,222.6456,OUT049,1999,Medium,Tier 1,Supermarket Type1,2004.36
FDZ39,19.7,Regular,0.018052793,Meat,103.399,OUT049,1999,Medium,Tier 1,Supermarket Type1,1426.35
FDT02,,LF,0,Dairy,35.1874,OUT027,1985,Medium,Tier 3,Supermarket Type3,1334.03
FDC50,15.85,Low Fat,0.136384322,Canned,94.8094,OUT013,1987,High,Tier 3,Supermarket Type1,1299.66
FDP39,12.65,Low Fat,0.069411836,Meat,51.5324,OUT035,2004,Small,Tier 2,Supermarket Type1,545.51
DRG15,6.13,Low Fat,0.077048493,Dairy,60.0536,OUT018,2009,Medium,Tier 3,Supermarket Type2,866.86
FDP10,19,Low Fat,0.128611924,Snack Foods,104.1622,OUT018,2009,Medium,Tier 3,Supermarket Type2,1190.14
FDF53,,Regular,0.083201696,Frozen Foods,181.8318,OUT027,1985,Medium,Tier 3,Supermarket Type3,1849.69
FDN34,15.6,Regular,0.045857055,Snack Foods,170.4132,OUT045,2002,,Tier 2,Supermarket Type1,1469.2
FDK02,12.5,Low Fat,0.11245226,Canned,120.744,OUT045,2002,,Tier 2,Supermarket Type1,1151.38
FDC23,18,Low Fat,0.017942517,Starchy Foods,176.3686,OUT045,2002,,Tier 2,Supermarket Type1,1617.88
FDJ10,,Regular,0.226744199,Snack Foods,140.2838,OUT019,1985,Small,Tier 1,Grocery Store,799.99
FDE53,10.895,Low Fat,0.026875077,Frozen Foods,107.028,OUT035,2004,Small,Tier 2,Supermarket Type1,1172.73
FDR25,17,Regular,0.139495548,Canned,266.5884,OUT035,2004,Small,Tier 2,Supermarket Type1,2028.69
FDW50,13.1,Low Fat,0.075578048,Dairy,165.7158,OUT046,1997,Small,Tier 1,Supermarket Type1,1591.12
FDS09,8.895,Regular,0.081214552,Snack Foods,51.4008,OUT049,1999,Medium,Tier 1,Supermarket Type1,723.88
FDW49,19.5,Low Fat,0.138175481,Canned,178.1002,OUT010,1998,,Tier 3,Grocery Store,880.69
FDU51,20.2,Regular,0.096513676,Meat,178.7028,OUT046,1997,Small,Tier 1,Supermarket Type1,1403.4
FDF28,15.7,Regular,0.038018966,Frozen Foods,126.1046,OUT018,2009,Medium,Tier 3,Supermarket Type2,1412.26
NCY30,20.25,Low Fat,0.02605898,Household,179.6976,OUT018,2009,Medium,Tier 3,Supermarket Type2,1786.63
FDD44,8.05,Regular,0.078559463,Fruits and Vegetables,259.3646,OUT045,2002,,Tier 2,Supermarket Type1,1919.15
FDX09,9,Low Fat,0.065618346,Snack Foods,177.337,OUT017,2007,,Tier 2,Supermarket Type1,1523.3
NCF30,17,Low Fat,0.126139002,Household,125.9362,OUT013,1987,High,Tier 3,Supermarket Type1,1389.12
FDZ50,,Regular,0.138452448,Dairy,185.4608,OUT019,1985,Small,Tier 1,Grocery Store,1170.93
FDW37,19.2,Low Fat,0,Canned,89.2488,OUT013,1987,High,Tier 3,Supermarket Type1,1390.27
FDD11,12.85,Low Fat,0.030664334,Starchy Foods,254.404,OUT049,1999,Medium,Tier 1,Supermarket Type1,2283.57
DRH39,20.7,Low Fat,0.093067785,Dairy,75.567,OUT018,2009,Medium,Tier 3,Supermarket Type2,1014.76
FDA36,5.985,Low Fat,0.005675194,Baking Goods,184.1924,OUT049,1999,Medium,Tier 1,Supermarket Type1,1544.85
NCG43,20.2,Low Fat,0.07435487,Household,92.4462,OUT049,1999,Medium,Tier 1,Supermarket Type1,1114.93
FDF02,16.2,low fat,0.103453599,Canned,103.699,OUT035,2004,Small,Tier 2,Supermarket Type1,949.64
FDP57,,low fat,0.052190155,Snack Foods,101.899,OUT027,1985,Medium,Tier 3,Supermarket Type3,1486.97
NCE42,21.1,Low Fat,0.010662263,Household,231.9958,OUT017,2007,,Tier 2,Supermarket Type1,1927.08
NCR38,,LF,0.112968748,Household,252.8724,OUT027,1985,Medium,Tier 3,Supermarket Type3,2336.63
FDP03,,Regular,0.10711317,Meat,125.1388,OUT019,1985,Small,Tier 1,Grocery Store,836.36
FDO51,6.785,Regular,0.041974545,Meat,42.3112,OUT035,2004,Small,Tier 2,Supermarket Type1,786.43
NCQ42,20.35,Low Fat,0.039268205,Household,128.4678,OUT046,1997,Small,Tier 1,Supermarket Type1,1444.68
NCM41,16.5,Low Fat,0.035655991,Health and Hygiene,91.212,OUT046,1997,Small,Tier 1,Supermarket Type1,1253.08
FDH48,,Low Fat,0.06018748,Baking Goods,85.054,OUT027,1985,Medium,Tier 3,Supermarket Type3,1245.13
DRF60,10.8,Low Fat,0.052068722,Soft Drinks,236.4564,OUT046,1997,Small,Tier 1,Supermarket Type1,1670.25
FDJ27,17.7,Regular,0.121852987,Meat,101.4674,OUT035,2004,Small,Tier 2,Supermarket Type1,900.3
FDQ14,9.27,Low Fat,0.061735873,Dairy,150.805,OUT013,1987,High,Tier 3,Supermarket Type1,1393.76
FDN27,20.85,Low Fat,0,Meat,118.5808,OUT017,2007,,Tier 2,Supermarket Type1,1280.14
NCQ02,12.6,Low Fat,0.007456464,Household,188.6556,OUT046,1997,Small,Tier 1,Supermarket Type1,1608.09
FDJ33,8.895,Regular,0.088459496,Snack Foods,124.873,OUT049,1999,Medium,Tier 1,Supermarket Type1,1355.45
FDP07,,Low Fat,0.089466421,Fruits and Vegetables,196.011,OUT027,1985,Medium,Tier 3,Supermarket Type3,2088.04
DRE01,10.1,LF,0.16741508,Soft Drinks,241.2512,OUT049,1999,Medium,Tier 1,Supermarket Type1,2006.91
FDU36,6.15,Low Fat,0.046364789,Baking Goods,99.9384,OUT045,2002,,Tier 2,Supermarket Type1,1217.98
FDL28,10,Regular,0.063531895,Frozen Foods,228.6668,OUT017,2007,,Tier 2,Supermarket Type1,1573.49
NCX53,20.1,Low Fat,0.014937838,Health and Hygiene,141.2154,OUT046,1997,Small,Tier 1,Supermarket Type1,1213.94
FDZ39,19.7,Regular,0.018009769,Meat,103.699,OUT013,1987,High,Tier 3,Supermarket Type1,1179.04
NCP42,8.51,Low Fat,0.016097309,Household,195.3478,OUT013,1987,High,Tier 3,Supermarket Type1,1643.5
FDJ14,10.3,Regular,0.050061008,Canned,81.296,OUT035,2004,Small,Tier 2,Supermarket Type1,845.17
FDK04,7.36,Low Fat,0.052393366,Frozen Foods,55.3588,OUT049,1999,Medium,Tier 1,Supermarket Type1,926.84
NCC19,6.57,LF,0.09742857,Household,194.582,OUT017,2007,,Tier 2,Supermarket Type1,1553.51
FDS09,8.895,Regular,0.081418801,Snack Foods,51.7008,OUT018,2009,Medium,Tier 3,Supermarket Type2,1045.34
FDZ02,6.905,Regular,0.038147426,Dairy,99.6726,OUT046,1997,Small,Tier 1,Supermarket Type1,1131.2
FDD35,12.15,LF,0.02596979,Starchy Foods,121.344,OUT018,2009,Medium,Tier 3,Supermarket Type2,1575.07
NCY42,6.38,Low Fat,0.015248338,Household,144.147,OUT017,2007,,Tier 2,Supermarket Type1,1496.74
FDB05,5.155,Low Fat,0.08336707,Frozen Foods,246.9776,OUT045,2002,,Tier 2,Supermarket Type1,1628.43
FDF20,12.85,Low Fat,0.033213888,Fruits and Vegetables,195.2768,OUT035,2004,Small,Tier 2,Supermarket Type1,1400.08
NCO41,12.5,Low Fat,0.018925644,Health and Hygiene,97.3384,OUT018,2009,Medium,Tier 3,Supermarket Type2,1198.83
FDC40,,Regular,0.064748814,Dairy,79.4986,OUT027,1985,Medium,Tier 3,Supermarket Type3,1296.47
FDV58,20.85,LF,0.121496273,Snack Foods,197.4452,OUT045,2002,,Tier 2,Supermarket Type1,1579.55
FDZ57,10,Regular,0.037840894,Snack Foods,129.5994,OUT045,2002,,Tier 2,Supermarket Type1,1242.74
DRM35,9.695,Low Fat,0.070444556,Hard Drinks,179.4344,OUT046,1997,Small,Tier 1,Supermarket Type1,1492.35
DRN36,15.2,Low Fat,0.050382246,Soft Drinks,94.2752,OUT018,2009,Medium,Tier 3,Supermarket Type2,1357.57
FDQ13,11.1,Low Fat,0.010641608,Canned,84.0908,OUT046,1997,Small,Tier 1,Supermarket Type1,1105.62
DRO35,13.85,Low Fat,0.05786369,Hard Drinks,115.4492,OUT010,1998,,Tier 3,Grocery Store,851.84
NCD43,8.85,Low Fat,0,Household,104.3964,OUT035,2004,Small,Tier 2,Supermarket Type1,1235.13
FDA51,8.05,Regular,0.165350432,Dairy,114.2518,OUT018,2009,Medium,Tier 3,Supermarket Type2,1060.92
NCX17,,Low Fat,0.113053302,Health and Hygiene,232.93,OUT027,1985,Medium,Tier 3,Supermarket Type3,2028.87
NCZ17,12.15,Low Fat,0.079555138,Health and Hygiene,39.4506,OUT049,1999,Medium,Tier 1,Supermarket Type1,749.43
FDR11,,Regular,0.141847977,Breads,159.6578,OUT027,1985,Medium,Tier 3,Supermarket Type3,1673.95
FDW34,9.6,Low Fat,0.035634451,Snack Foods,242.917,OUT049,1999,Medium,Tier 1,Supermarket Type1,1964.17
FDN50,16.85,Regular,0.026669833,Canned,92.712,OUT017,2007,,Tier 2,Supermarket Type1,1103.86
FDS09,8.895,Regular,0.081088481,Snack Foods,50.2008,OUT046,1997,Small,Tier 1,Supermarket Type1,772.39
FDS48,15.15,Low Fat,0.027892415,Baking Goods,150.9708,OUT018,2009,Medium,Tier 3,Supermarket Type2,1695.29
FDL44,18.25,Low Fat,0.012294203,Fruits and Vegetables,162.8894,OUT049,1999,Medium,Tier 1,Supermarket Type1,1753.58
DRF48,5.73,Low Fat,0.052012483,Soft Drinks,187.5898,OUT018,2009,Medium,Tier 3,Supermarket Type2,1883.04
FDA14,16.1,Low Fat,0,Dairy,147.876,OUT018,2009,Medium,Tier 3,Supermarket Type2,1821.02
NCD30,19.7,LF,0.026891006,Household,96.5726,OUT049,1999,Medium,Tier 1,Supermarket Type1,1095.85
FDI16,14,Regular,0.136543704,Frozen Foods,51.564,OUT017,2007,,Tier 2,Supermarket Type1,616.71
NCG06,16.35,Low Fat,0.029439793,Household,258.5646,OUT035,2004,Small,Tier 2,Supermarket Type1,1825.06
DRZ24,7.535,Low Fat,0.081772054,Soft Drinks,120.444,OUT035,2004,Small,Tier 2,Supermarket Type1,993.59
NCS17,18.6,Low Fat,0.080664702,Health and Hygiene,95.0436,OUT045,2002,,Tier 2,Supermarket Type1,1049.34
FDB37,20.25,Regular,0.02298735,Baking Goods,241.1538,OUT045,2002,,Tier 2,Supermarket Type1,1953.41
FDE10,6.67,Regular,0.089931111,Snack Foods,130.0626,OUT035,2004,Small,Tier 2,Supermarket Type1,1144.1
FDC57,20.1,Regular,0.05470525,Fruits and Vegetables,191.682,OUT045,2002,,Tier 2,Supermarket Type1,1725.72
FDM12,16.7,Regular,0.070201806,Baking Goods,187.9214,OUT018,2009,Medium,Tier 3,Supermarket Type2,1914.29
FDE24,14.85,Low Fat,0.093607933,Baking Goods,140.4812,OUT049,1999,Medium,Tier 1,Supermarket Type1,1576.35
FDW22,9.695,Regular,0.030351816,Snack Foods,219.7114,OUT045,2002,,Tier 2,Supermarket Type1,1939.96
DRD01,,Regular,0.06087929,Soft Drinks,53.3614,OUT027,1985,Medium,Tier 3,Supermarket Type3,1063.2
NCZ18,,Low Fat,0.18516682,Household,253.8698,OUT027,1985,Medium,Tier 3,Supermarket Type3,2091.13
FDN49,17.25,Regular,0.125478425,Breakfast,40.948,OUT045,2002,,Tier 2,Supermarket Type1,634.03
FDR22,19.35,reg,0.018559094,Snack Foods,113.1544,OUT035,2004,Small,Tier 2,Supermarket Type1,1099.1
FDV08,,Low Fat,0,Fruits and Vegetables,43.6454,OUT019,1985,Small,Tier 1,Grocery Store,372.55
FDY39,5.305,Regular,0.047028693,Meat,185.3608,OUT046,1997,Small,Tier 1,Supermarket Type1,1496.29
FDV36,18.7,Low Fat,0.026342897,Baking Goods,125.702,OUT049,1999,Medium,Tier 1,Supermarket Type1,1477.55
FDO60,20,Low Fat,0.03443923,Baking Goods,45.1086,OUT045,2002,,Tier 2,Supermarket Type1,943.1
FDU04,,Low Fat,0.005521567,Frozen Foods,122.3414,OUT027,1985,Medium,Tier 3,Supermarket Type3,1788.41
FDR20,,Regular,0.027987562,Fruits and Vegetables,46.7744,OUT027,1985,Medium,Tier 3,Supermarket Type3,1389.57
FDW19,,Regular,0.067409268,Fruits and Vegetables,110.457,OUT019,1985,Small,Tier 1,Grocery Store,901.35
FDU40,20.85,Low Fat,0.037462127,Frozen Foods,194.2478,OUT049,1999,Medium,Tier 1,Supermarket Type1,1643.6
FDK15,10.8,Low Fat,0.098613411,Meat,97.6042,OUT045,2002,,Tier 2,Supermarket Type1,893.67
DRF15,18.35,Low Fat,0.03320771,Dairy,151.834,OUT035,2004,Small,Tier 2,Supermarket Type1,1260.65
FDQ25,8.63,Regular,0.028436636,Canned,173.6422,OUT017,2007,,Tier 2,Supermarket Type1,1433.85
FDI48,,Regular,0.097555725,Baking Goods,52.7666,OUT019,1985,Small,Tier 1,Grocery Store,340.92
FDS49,9,Low Fat,0.079345519,Canned,77.0644,OUT046,1997,Small,Tier 1,Supermarket Type1,903.44
FDV22,14.85,Regular,0.009938784,Snack Foods,157.863,OUT046,1997,Small,Tier 1,Supermarket Type1,1488.25
NCV42,6.26,Low Fat,0.031421979,Household,109.3228,OUT046,1997,Small,Tier 1,Supermarket Type1,1178.82
FDX26,17.7,Low Fat,0.087808521,Dairy,184.3292,OUT046,1997,Small,Tier 1,Supermarket Type1,1657.68
FDI33,16.5,Low Fat,0.028534583,Snack Foods,89.8146,OUT018,2009,Medium,Tier 3,Supermarket Type2,1459.8
FDZ14,7.71,Regular,0.047662684,Dairy,121.0756,OUT049,1999,Medium,Tier 1,Supermarket Type1,1108.99
FDG10,6.63,Regular,0.010930195,Snack Foods,56.3588,OUT013,1987,High,Tier 3,Supermarket Type1,795.55
FDM38,5.885,Regular,0.09314922,Canned,50.7982,OUT018,2009,Medium,Tier 3,Supermarket Type2,822.75
FDG26,,Low Fat,0.042443319,Canned,256.033,OUT027,1985,Medium,Tier 3,Supermarket Type3,2280.48
FDH46,6.935,Regular,0.04127448,Snack Foods,101.6332,OUT035,2004,Small,Tier 2,Supermarket Type1,940.38
FDN13,18.6,Low Fat,0.152677702,Breakfast,99.9358,OUT018,2009,Medium,Tier 3,Supermarket Type2,1239.44
FDU57,8.27,Regular,0.089537252,Snack Foods,149.7708,OUT035,2004,Small,Tier 2,Supermarket Type1,1245.05
NCI06,11.3,Low Fat,0.04771769,Household,179.666,OUT046,1997,Small,Tier 1,Supermarket Type1,1555.32
FDM38,5.885,Regular,0.092959451,Canned,52.6982,OUT045,2002,,Tier 2,Supermarket Type1,845.37
NCG42,19.2,Low Fat,0.069006936,Household,128.931,OUT010,1998,,Tier 3,Grocery Store,946.41
FDL39,16.1,Regular,0.063459792,Dairy,180.0318,OUT045,2002,,Tier 2,Supermarket Type1,1717.76
FDT31,,Low Fat,0.021795357,Fruits and Vegetables,190.9872,OUT019,1985,Small,Tier 1,Grocery Store,996.31
FDV59,13.35,Low Fat,0.047987076,Breads,217.0166,OUT013,1987,High,Tier 3,Supermarket Type1,1698.85
FDB49,8.3,Regular,0.03014565,Baking Goods,100.5384,OUT035,2004,Small,Tier 2,Supermarket Type1,885.93
FDD58,7.76,low fat,0.059444518,Snack Foods,101.37,OUT049,1999,Medium,Tier 1,Supermarket Type1,1107.35
DRN59,15,Low Fat,0.064141622,Hard Drinks,45.306,OUT046,1997,Small,Tier 1,Supermarket Type1,722.46
FDX48,17.75,Regular,0.037946799,Baking Goods,153.3656,OUT049,1999,Medium,Tier 1,Supermarket Type1,1556.61
FDQ11,5.695,Regular,0.067806182,Breads,255.1988,OUT049,1999,Medium,Tier 1,Supermarket Type1,2042.43
FDY12,9.8,Regular,0.140829653,Baking Goods,52.5008,OUT049,1999,Medium,Tier 1,Supermarket Type1,927.61
FDQ11,5.695,Regular,0.067838225,Breads,256.4988,OUT045,2002,,Tier 2,Supermarket Type1,1993.55
DRI11,8.26,Low Fat,0.034598891,Hard Drinks,115.9834,OUT017,2007,,Tier 2,Supermarket Type1,1305.59
FDY32,,Low Fat,0.128615187,Fruits and Vegetables,163.221,OUT027,1985,Medium,Tier 3,Supermarket Type3,1957.46
FDS51,13.35,LF,0.032245757,Meat,60.5194,OUT045,2002,,Tier 2,Supermarket Type1,711.29
FDR19,13.5,Regular,0.267339659,Fruits and Vegetables,144.2102,OUT010,1998,,Tier 3,Grocery Store,528.05
DRB13,6.115,Regular,0.007073035,Soft Drinks,189.753,OUT018,2009,Medium,Tier 3,Supermarket Type2,1678.08
FDS21,19.85,Regular,0.020872204,Snack Foods,62.4194,OUT035,2004,Small,Tier 2,Supermarket Type1,808.47
FDQ40,11.1,Regular,0.036100589,Frozen Foods,176.0712,OUT045,2002,,Tier 2,Supermarket Type1,1475.6
NCE55,8.92,Low Fat,0.129820371,Household,176.137,OUT013,1987,High,Tier 3,Supermarket Type1,1523.36
FDX43,,Low Fat,0.08486204,Fruits and Vegetables,165.25,OUT027,1985,Medium,Tier 3,Supermarket Type3,1866
FDS12,9.1,Low Fat,0.174389257,Baking Goods,125.7362,OUT049,1999,Medium,Tier 1,Supermarket Type1,1301.3
DRK01,,Low Fat,0.0607686,Soft Drinks,94.6436,OUT027,1985,Medium,Tier 3,Supermarket Type3,1573.35
FDN25,7.895,Regular,0.061521569,Breakfast,55.3588,OUT017,2007,,Tier 2,Supermarket Type1,951.37
FDB60,9.3,LF,0.028522089,Baking Goods,195.0136,OUT046,1997,Small,Tier 1,Supermarket Type1,1766
FDQ13,11.1,Low Fat,0.010701801,Canned,83.5908,OUT017,2007,,Tier 2,Supermarket Type1,847.82
DRK13,11.8,LF,0.115401142,Soft Drinks,196.8084,OUT045,2002,,Tier 2,Supermarket Type1,1418.19
DRF25,9,Low Fat,0.039083816,Soft Drinks,35.419,OUT018,2009,Medium,Tier 3,Supermarket Type2,826.63
NCD42,,Low Fat,0.022127237,Health and Hygiene,39.2506,OUT019,1985,Small,Tier 1,Grocery Store,284.46
FDW25,5.175,Low Fat,0.037474799,Canned,84.7224,OUT045,2002,,Tier 2,Supermarket Type1,936.47
NCV29,,Low Fat,0.02273288,Health and Hygiene,179.4686,OUT027,1985,Medium,Tier 3,Supermarket Type3,1969.12
NCK42,7.475,Low Fat,0.013117547,Household,214.3192,OUT035,2004,Small,Tier 2,Supermarket Type1,1681.27
DRJ13,,Low Fat,0.062585755,Soft Drinks,158.4578,OUT027,1985,Medium,Tier 3,Supermarket Type3,1891.69
DRD15,10.6,Low Fat,0.057117184,Dairy,232.4642,OUT017,2007,,Tier 2,Supermarket Type1,1917.35
FDM27,12.35,Regular,0.158790733,Meat,156.3946,OUT045,2002,,Tier 2,Supermarket Type1,1456.71
FDZ50,12.8,Regular,0.079398454,Dairy,184.5608,OUT018,2009,Medium,Tier 3,Supermarket Type2,1933.23
FDC04,15.6,Low Fat,0.044985646,Dairy,242.4854,OUT046,1997,Small,Tier 1,Supermarket Type1,1698.38
FDF50,4.905,Low Fat,0,Canned,195.9768,OUT049,1999,Medium,Tier 1,Supermarket Type1,1605.21
FDP15,15.2,Low Fat,0.084112804,Meat,257.733,OUT045,2002,,Tier 2,Supermarket Type1,1848.23
FDK46,9.6,LF,0.051457663,Snack Foods,258.962,OUT035,2004,Small,Tier 2,Supermarket Type1,1802.18
FDZ56,16.25,LF,0.025841822,Fruits and Vegetables,168.9474,OUT018,2009,Medium,Tier 3,Supermarket Type2,1703.7
FDY60,10.5,Regular,0,Baking Goods,143.5128,OUT049,1999,Medium,Tier 1,Supermarket Type1,1503.82
FDB10,10,Low Fat,0.067195414,Snack Foods,236.859,OUT035,2004,Small,Tier 2,Supermarket Type1,1780.25
FDR57,5.675,Regular,0.023544619,Snack Foods,155.5288,OUT045,2002,,Tier 2,Supermarket Type1,1458.94
FDU58,6.61,Regular,0.029056831,Snack Foods,186.9898,OUT049,1999,Medium,Tier 1,Supermarket Type1,1800.56
FDH02,7.27,Regular,0.020781144,Canned,88.7488,OUT046,1997,Small,Tier 1,Supermarket Type1,1149.31
FDP48,7.52,Regular,0.043986578,Baking Goods,182.295,OUT013,1987,High,Tier 3,Supermarket Type1,1821.67
FDI46,9.5,Low Fat,0.07433121,Snack Foods,251.9724,OUT035,2004,Small,Tier 2,Supermarket Type1,1637.45
FDW56,7.68,Low Fat,0.070841281,Fruits and Vegetables,193.1162,OUT013,1987,High,Tier 3,Supermarket Type1,1531.14
NCM19,12.65,Low Fat,0,Others,111.8202,OUT010,1998,,Tier 3,Grocery Store,639.56
FDS50,,Low Fat,0.055164938,Dairy,221.2114,OUT027,1985,Medium,Tier 3,Supermarket Type3,2107.51
FDK24,9.195,Low Fat,0.10121065,Baking Goods,44.4744,OUT013,1987,High,Tier 3,Supermarket Type1,807.88
FDO36,19.7,Low Fat,0.078354554,Baking Goods,180.566,OUT017,2007,,Tier 2,Supermarket Type1,1577.49
FDK45,,Low Fat,0.033694227,Seafood,114.786,OUT027,1985,Medium,Tier 3,Supermarket Type3,1652.5
NCL05,19.6,Low Fat,0,Health and Hygiene,44.377,OUT045,2002,,Tier 2,Supermarket Type1,972.27
FDL32,15.7,Regular,0.122965811,Fruits and Vegetables,113.2544,OUT018,2009,Medium,Tier 3,Supermarket Type2,1460.13
FDA28,16.1,Regular,0.047876203,Frozen Foods,126.0362,OUT049,1999,Medium,Tier 1,Supermarket Type1,1557.81
FDY36,12.3,Low Fat,0.009448862,Baking Goods,74.538,OUT018,2009,Medium,Tier 3,Supermarket Type2,998.56
FDP32,6.65,Low Fat,0.088026614,Fruits and Vegetables,127.2678,OUT018,2009,Medium,Tier 3,Supermarket Type2,1215.3
FDL50,12.15,Regular,0.042313078,Canned,123.2046,OUT046,1997,Small,Tier 1,Supermarket Type1,1069.59
DRC24,17.85,Low Fat,0.024859869,Soft Drinks,151.7998,OUT049,1999,Medium,Tier 1,Supermarket Type1,1479.48
NCS18,12.65,Low Fat,0.042449883,Household,107.3938,OUT017,2007,,Tier 2,Supermarket Type1,1090.01
FDD16,20.5,Low Fat,0.036558726,Frozen Foods,75.3696,OUT017,2007,,Tier 2,Supermarket Type1,1011.13
NCV18,6.775,Low Fat,0.105158282,Household,84.925,OUT013,1987,High,Tier 3,Supermarket Type1,1052.87
FDX07,19.2,Regular,0.022918812,Fruits and Vegetables,183.995,OUT046,1997,Small,Tier 1,Supermarket Type1,1655.75
NCZ05,,Low Fat,0.057850699,Health and Hygiene,104.299,OUT027,1985,Medium,Tier 3,Supermarket Type3,1616.08
NCI31,20,Low Fat,0.08125948,Others,36.819,OUT013,1987,High,Tier 3,Supermarket Type1,1013.37
FDK14,6.98,Low Fat,0.041169697,Canned,83.2934,OUT049,1999,Medium,Tier 1,Supermarket Type1,1270.92
NCR06,12.5,Low Fat,0.006778869,Household,42.9112,OUT045,2002,,Tier 2,Supermarket Type1,624.41
NCF54,18,Low Fat,0.047450712,Household,173.2422,OUT049,1999,Medium,Tier 1,Supermarket Type1,1510.13
DRG23,8.88,Low Fat,0.145253944,Hard Drinks,150.6682,OUT010,1998,,Tier 3,Grocery Store,671.11
FDD53,16.2,Low Fat,0.044222497,Frozen Foods,43.5454,OUT046,1997,Small,Tier 1,Supermarket Type1,701.1
NCM31,,Low Fat,0.080803421,Others,140.1154,OUT027,1985,Medium,Tier 3,Supermarket Type3,1650.41
FDT16,9.895,Regular,0.048937612,Frozen Foods,261.6278,OUT017,2007,,Tier 2,Supermarket Type1,1956.17
FDR40,9.1,Regular,0.008032868,Frozen Foods,79.1618,OUT035,2004,Small,Tier 2,Supermarket Type1,940.86
DRG25,10.5,Low Fat,0.019157444,Soft Drinks,184.524,OUT017,2007,,Tier 2,Supermarket Type1,1637.14
FDT10,16.7,Regular,0.062032774,Snack Foods,60.6562,OUT035,2004,Small,Tier 2,Supermarket Type1,917.68
FDY32,7.605,Low Fat,0.129133491,Fruits and Vegetables,163.721,OUT013,1987,High,Tier 3,Supermarket Type1,1587.48
FDN50,16.85,reg,0.026514812,Canned,93.312,OUT035,2004,Small,Tier 2,Supermarket Type1,1204.3
FDZ35,,Regular,0.039006737,Breads,104.599,OUT019,1985,Small,Tier 1,Grocery Store,510.69
NCP54,15.35,Low Fat,0.035220955,Household,121.973,OUT045,2002,,Tier 2,Supermarket Type1,1096.6
NCD07,9.1,Low Fat,0.055418261,Household,112.0518,OUT035,2004,Small,Tier 2,Supermarket Type1,937.11
FDS02,10.195,Regular,0,Dairy,196.7794,OUT018,2009,Medium,Tier 3,Supermarket Type2,1787.65
DRN59,15,Low Fat,0.064402907,Hard Drinks,48.306,OUT018,2009,Medium,Tier 3,Supermarket Type2,983.72
DRB24,8.785,LF,0.020560102,Soft Drinks,155.5656,OUT013,1987,High,Tier 3,Supermarket Type1,1506.6
FDP37,,Low Fat,0.142412955,Breakfast,126.4994,OUT027,1985,Medium,Tier 3,Supermarket Type3,1600.08
DRB01,7.39,Low Fat,0.082574393,Soft Drinks,190.253,OUT018,2009,Medium,Tier 3,Supermarket Type2,1805.8
FDR47,17.85,LF,0.087468656,Breads,195.7794,OUT046,1997,Small,Tier 1,Supermarket Type1,1702.01
NCM31,6.095,Low Fat,0.135906494,Others,141.9154,OUT010,1998,,Tier 3,Grocery Store,876.88
NCF06,,Low Fat,0.020100543,Household,258.8962,OUT027,1985,Medium,Tier 3,Supermarket Type3,2586.34
NCV17,,Low Fat,0.016029548,Health and Hygiene,129.9626,OUT027,1985,Medium,Tier 3,Supermarket Type3,1516.87
FDS10,19.2,Low Fat,0.035240292,Snack Foods,178.7318,OUT049,1999,Medium,Tier 1,Supermarket Type1,1571.71
FDN52,9.395,Regular,0.131545005,Frozen Foods,87.3198,OUT035,2004,Small,Tier 2,Supermarket Type1,740.63
FDZ48,17.75,Low Fat,0.075896411,Baking Goods,113.3544,OUT013,1987,High,Tier 3,Supermarket Type1,1219.39
FDJ48,11.3,Low Fat,0.056522558,Baking Goods,248.6118,OUT049,1999,Medium,Tier 1,Supermarket Type1,1992.59
DRB13,,Regular,0,Soft Drinks,190.253,OUT027,1985,Medium,Tier 3,Supermarket Type3,2047.89
FDV59,13.35,Low Fat,0.048298704,Breads,216.9166,OUT017,2007,,Tier 2,Supermarket Type1,1784.02
FDL32,15.7,Regular,0.122443776,Fruits and Vegetables,111.3544,OUT035,2004,Small,Tier 2,Supermarket Type1,1110.15
FDZ12,9.17,Low Fat,0.102959345,Baking Goods,142.147,OUT035,2004,Small,Tier 2,Supermarket Type1,1288.34
NCR06,,LF,0.006732389,Household,41.4112,OUT027,1985,Medium,Tier 3,Supermarket Type3,1371.2
FDP51,13.85,Regular,0.085757338,Meat,119.6124,OUT017,2007,,Tier 2,Supermarket Type1,1366.64
FDY22,16.5,Regular,0.159587755,Snack Foods,142.6128,OUT013,1987,High,Tier 3,Supermarket Type1,1191.24
FDZ38,17.6,Low Fat,0.008013458,Dairy,170.7422,OUT049,1999,Medium,Tier 1,Supermarket Type1,1547.07
NCO54,19.5,Low Fat,0.014271592,Household,54.6614,OUT035,2004,Small,Tier 2,Supermarket Type1,743.29
FDR23,15.85,Low Fat,0.081772054,Breads,175.137,OUT035,2004,Small,Tier 2,Supermarket Type1,1356.61
FDM38,5.885,Regular,0.092915543,Canned,54.5982,OUT049,1999,Medium,Tier 1,Supermarket Type1,860.86
FDS25,6.885,Regular,0.139892043,Canned,112.4228,OUT013,1987,High,Tier 3,Supermarket Type1,1160.62
FDZ22,9.395,Low Fat,0.045232223,Snack Foods,83.825,OUT013,1987,High,Tier 3,Supermarket Type1,1143.09
FDZ20,,Low Fat,0.060067062,Fruits and Vegetables,254.8356,OUT019,1985,Small,Tier 1,Grocery Store,1589.04
FDD45,8.615,Low Fat,0.194576935,Fruits and Vegetables,95.4436,OUT010,1998,,Tier 3,Grocery Store,561.13
FDN03,9.8,Regular,0.015113426,Meat,248.7408,OUT049,1999,Medium,Tier 1,Supermarket Type1,2211.07
NCW30,5.21,Low Fat,0.011009897,Household,258.4962,OUT046,1997,Small,Tier 1,Supermarket Type1,2113.29
FDY24,,Regular,0.132846758,Baking Goods,55.8298,OUT027,1985,Medium,Tier 3,Supermarket Type3,1016
FDJ26,,Regular,0.148412909,Canned,212.1218,OUT019,1985,Small,Tier 1,Grocery Store,1058.6
FDM15,11.8,Regular,0,Meat,152.2366,OUT049,1999,Medium,Tier 1,Supermarket Type1,1454.9
NCW54,,Low Fat,0.095946376,Household,57.8588,OUT027,1985,Medium,Tier 3,Supermarket Type3,1171.37
FDA23,9.8,Low Fat,0.047282735,Baking Goods,100.5016,OUT045,2002,,Tier 2,Supermarket Type1,1057.8
FDA39,,Low Fat,0,Meat,39.5822,OUT019,1985,Small,Tier 1,Grocery Store,391.2
FDZ12,9.17,Low Fat,0.103561308,Baking Goods,144.147,OUT017,2007,,Tier 2,Supermarket Type1,1316.79
NCB42,11.8,Low Fat,0.008561176,Health and Hygiene,115.8492,OUT046,1997,Small,Tier 1,Supermarket Type1,1272.07
FDL16,12.85,Low Fat,0.168452861,Frozen Foods,46.606,OUT046,1997,Small,Tier 1,Supermarket Type1,791.68
FDO24,,Low Fat,0,Baking Goods,160.4604,OUT019,1985,Small,Tier 1,Grocery Store,1204.03
NCP42,8.51,Low Fat,0.016110716,Household,193.1478,OUT046,1997,Small,Tier 1,Supermarket Type1,1377.38
FDR19,13.5,Regular,0.160371305,Fruits and Vegetables,147.2102,OUT018,2009,Medium,Tier 3,Supermarket Type2,1306.82
DRL01,19.5,Regular,0.077328827,Soft Drinks,233.5958,OUT045,2002,,Tier 2,Supermarket Type1,1725.68
FDV37,13,Regular,0.083513874,Canned,198.9426,OUT046,1997,Small,Tier 1,Supermarket Type1,1491.02
FDI41,18.5,Regular,0.104205322,Frozen Foods,147.0418,OUT010,1998,,Tier 3,Grocery Store,822.45
FDF58,13.3,Low Fat,0.009596051,Snack Foods,62.451,OUT049,1999,Medium,Tier 1,Supermarket Type1,1042.94
NCF43,8.51,Low Fat,0.052157514,Household,141.947,OUT018,2009,Medium,Tier 3,Supermarket Type2,1525.34
FDN02,16.5,Low Fat,0.073942531,Canned,205.8638,OUT049,1999,Medium,Tier 1,Supermarket Type1,1870.2
NCP41,16.6,Low Fat,0.01620764,Health and Hygiene,107.7596,OUT035,2004,Small,Tier 2,Supermarket Type1,1210.29
NCY17,,Low Fat,0.162306339,Health and Hygiene,45.6086,OUT027,1985,Medium,Tier 3,Supermarket Type3,1235.27
FDL58,,Regular,0.073790004,Snack Foods,265.0568,OUT027,1985,Medium,Tier 3,Supermarket Type3,2558.9
NCA30,,Low Fat,0.128707428,Household,187.9872,OUT027,1985,Medium,Tier 3,Supermarket Type3,1721.59
FDE46,18.6,low fat,0.015833933,Snack Foods,150.6366,OUT018,2009,Medium,Tier 3,Supermarket Type2,1497.45
FDY38,13.6,reg,0.119153896,Dairy,231.23,OUT035,2004,Small,Tier 2,Supermarket Type1,1559.73
NCH29,,Low Fat,0.034306863,Health and Hygiene,96.0726,OUT027,1985,Medium,Tier 3,Supermarket Type3,1412.02
FDO20,12.85,Regular,0.152436318,Fruits and Vegetables,253.9382,OUT045,2002,,Tier 2,Supermarket Type1,1803.42
FDP44,16.5,Regular,0.080038295,Fruits and Vegetables,103.0332,OUT018,2009,Medium,Tier 3,Supermarket Type2,1311.15
FDM02,,Regular,0.073377993,Canned,89.2198,OUT027,1985,Medium,Tier 3,Supermarket Type3,1450.17
FDJ14,,Regular,0.049828008,Canned,79.996,OUT027,1985,Medium,Tier 3,Supermarket Type3,1457.63
FDH04,6.115,Regular,0.019036024,Frozen Foods,88.9488,OUT010,1998,,Tier 3,Grocery Store,646.89
DRK23,8.395,Low Fat,0.071976647,Hard Drinks,253.004,OUT046,1997,Small,Tier 1,Supermarket Type1,1994.51
NCW05,20.25,Low Fat,0.148072602,Health and Hygiene,106.8938,OUT046,1997,Small,Tier 1,Supermarket Type1,1242.4
FDF12,8.235,Low Fat,0.082556008,Baking Goods,146.7076,OUT049,1999,Medium,Tier 1,Supermarket Type1,1232.24
FDL51,,Regular,0.08315126,Dairy,212.7876,OUT019,1985,Small,Tier 1,Grocery Store,1102
FDN03,9.8,Regular,0.015151435,Meat,249.4408,OUT018,2009,Medium,Tier 3,Supermarket Type2,2022.89
DRJ37,10.8,Low Fat,0.061196379,Soft Drinks,150.5024,OUT049,1999,Medium,Tier 1,Supermarket Type1,1401.29
FDM12,,Regular,0.122415631,Baking Goods,188.7214,OUT019,1985,Small,Tier 1,Grocery Store,1045.29
FDA16,6.695,Low Fat,0.03401083,Frozen Foods,221.8456,OUT045,2002,,Tier 2,Supermarket Type1,1733.41
NCB07,19.2,Low Fat,0.077945963,Household,196.611,OUT017,2007,,Tier 2,Supermarket Type1,1679.61
NCI17,,Low Fat,0.251114535,Health and Hygiene,97.241,OUT019,1985,Small,Tier 1,Grocery Store,537.32
FDR51,9.035,Regular,0.173469718,Meat,149.3708,OUT046,1997,Small,Tier 1,Supermarket Type1,1306.66
FDJ55,12.8,Regular,0.023578675,Meat,225.2404,OUT045,2002,,Tier 2,Supermarket Type1,1952.2
NCZ17,12.15,Low Fat,0.079365542,Health and Hygiene,38.8506,OUT013,1987,High,Tier 3,Supermarket Type1,1019.3
FDU25,12.35,Low Fat,0.026659058,Canned,59.5246,OUT013,1987,High,Tier 3,Supermarket Type1,817.84
NCG18,15.3,Low Fat,0.023024502,Household,104.0332,OUT045,2002,,Tier 2,Supermarket Type1,1013.56
DRM11,6.57,Low Fat,0.066443294,Hard Drinks,259.5278,OUT017,2007,,Tier 2,Supermarket Type1,1805.59
FDH16,10.5,Low Fat,0.052545408,Frozen Foods,91.683,OUT035,2004,Small,Tier 2,Supermarket Type1,879.47
FDZ04,9.31,Low Fat,0.038109707,Frozen Foods,61.651,OUT018,2009,Medium,Tier 3,Supermarket Type2,1045.95
NCX53,20.1,Low Fat,0,Health and Hygiene,142.3154,OUT035,2004,Small,Tier 2,Supermarket Type1,1346.43
FDX38,,Regular,0,Dairy,48.3376,OUT027,1985,Medium,Tier 3,Supermarket Type3,1303.36
FDX09,9,Low Fat,0.06524927,Snack Foods,177.037,OUT046,1997,Small,Tier 1,Supermarket Type1,1524.98
NCW05,20.25,Low Fat,0.148675787,Health and Hygiene,107.8938,OUT018,2009,Medium,Tier 3,Supermarket Type2,1425.36
NCS41,12.85,Low Fat,0.053746315,Health and Hygiene,184.6608,OUT017,2007,,Tier 2,Supermarket Type1,1708.21
FDI26,5.94,Low Fat,0.034886739,Canned,177.7344,OUT046,1997,Small,Tier 1,Supermarket Type1,1645.72
NCZ41,,Low Fat,0.064109274,Health and Hygiene,125.9704,OUT027,1985,Medium,Tier 3,Supermarket Type3,1456.64
NCK06,5.03,Low Fat,0.008646528,Household,122.6756,OUT046,1997,Small,Tier 1,Supermarket Type1,1033.14
FDX23,,Low Fat,0.029547979,Baking Goods,96.5436,OUT027,1985,Medium,Tier 3,Supermarket Type3,1399.9
NCA42,6.965,Low Fat,0.028548583,Household,157.5604,OUT046,1997,Small,Tier 1,Supermarket Type1,1294.64
FDC20,10.65,Low Fat,0.024008733,Fruits and Vegetables,54.0272,OUT049,1999,Medium,Tier 1,Supermarket Type1,952.09
DRC49,8.67,Low Fat,0.065703142,Soft Drinks,143.8128,OUT018,2009,Medium,Tier 3,Supermarket Type2,1511.53
FDX01,10.1,Low Fat,0.024144227,Canned,117.015,OUT013,1987,High,Tier 3,Supermarket Type1,1348.55
FDC08,19,Regular,0.103659792,Fruits and Vegetables,226.372,OUT045,2002,,Tier 2,Supermarket Type1,1867.75
FDC02,21.35,Low Fat,0.069211765,Canned,258.8278,OUT017,2007,,Tier 2,Supermarket Type1,2130.71
FDK10,5.785,Regular,0.040440709,Snack Foods,179.166,OUT045,2002,,Tier 2,Supermarket Type1,1646.51
DRC24,17.85,Low Fat,0.024800623,Soft Drinks,153.0998,OUT013,1987,High,Tier 3,Supermarket Type1,1748.68
FDW16,,Regular,0.072616027,Frozen Foods,92.5804,OUT019,1985,Small,Tier 1,Grocery Store,431.34
NCU06,17.6,LF,0.074710165,Household,229.101,OUT018,2009,Medium,Tier 3,Supermarket Type2,1893.02
DRA59,8.27,Regular,0.128187372,Soft Drinks,184.3924,OUT045,2002,,Tier 2,Supermarket Type1,1360.68
FDR24,,Regular,0.110045184,Baking Goods,90.583,OUT019,1985,Small,Tier 1,Grocery Store,497.67
DRL35,15.7,Low Fat,0,Hard Drinks,43.277,OUT018,2009,Medium,Tier 3,Supermarket Type2,1035.92
FDA49,19.7,Low Fat,0.064867738,Canned,86.6198,OUT013,1987,High,Tier 3,Supermarket Type1,1180.93
NCC55,10.695,Low Fat,0.063763137,Household,36.5848,OUT046,1997,Small,Tier 1,Supermarket Type1,740.69
DRD24,,Low Fat,0.053918218,Soft Drinks,143.3154,OUT019,1985,Small,Tier 1,Grocery Store,986.21
NCE55,8.92,Low Fat,0.130130499,Household,176.737,OUT049,1999,Medium,Tier 1,Supermarket Type1,1673.38
FDT33,7.81,Regular,0,Snack Foods,168.6158,OUT045,2002,,Tier 2,Supermarket Type1,1645.06
NCT53,5.4,Low Fat,0.048076217,Health and Hygiene,164.1526,OUT013,1987,High,Tier 3,Supermarket Type1,1707.37
FDS26,20.35,Low Fat,0.08946922,Dairy,260.1594,OUT046,1997,Small,Tier 1,Supermarket Type1,1798.8
FDL22,16.85,Low Fat,0.036538413,Snack Foods,91.4488,OUT018,2009,Medium,Tier 3,Supermarket Type2,1171.03
FDP44,16.5,Regular,0.080164468,Fruits and Vegetables,104.5332,OUT017,2007,,Tier 2,Supermarket Type1,1028.28
FDC52,11.15,Regular,0.008313629,Dairy,149.5708,OUT018,2009,Medium,Tier 3,Supermarket Type2,1550.21
FDI53,8.895,Regular,0.230389434,Frozen Foods,160.5236,OUT010,1998,,Tier 3,Grocery Store,751.79
FDZ23,17.75,Regular,0.0675028,Baking Goods,187.124,OUT046,1997,Small,Tier 1,Supermarket Type1,1583.68
NCT18,14.6,Low Fat,0.059355717,Household,182.6976,OUT013,1987,High,Tier 3,Supermarket Type1,1721.62
FDR13,9.895,Regular,0.028720832,Canned,116.7492,OUT046,1997,Small,Tier 1,Supermarket Type1,1250.54
FDB09,16.25,Low Fat,0.096069291,Fruits and Vegetables,125.0046,OUT010,1998,,Tier 3,Grocery Store,876.81
FDZ60,20.5,Low Fat,0.119262481,Baking Goods,108.8596,OUT013,1987,High,Tier 3,Supermarket Type1,1413.89
FDB11,16,Low Fat,0.06084803,Starchy Foods,225.7404,OUT046,1997,Small,Tier 1,Supermarket Type1,1573.81
FDC10,9.8,Regular,0.073174546,Snack Foods,119.8098,OUT018,2009,Medium,Tier 3,Supermarket Type2,1213.7
FDW56,7.68,Low Fat,0.070886876,Fruits and Vegetables,193.9162,OUT035,2004,Small,Tier 2,Supermarket Type1,1355.5
FDK14,,Low Fat,0,Canned,83.8934,OUT027,1985,Medium,Tier 3,Supermarket Type3,1374.91
DRE27,,Low Fat,0.132028116,Dairy,96.0726,OUT027,1985,Medium,Tier 3,Supermarket Type3,1360.07
FDA38,5.44,Low Fat,0.025624044,Dairy,240.7538,OUT017,2007,,Tier 2,Supermarket Type1,1829.16
FDT11,5.94,Regular,0.029431935,Breads,188.7556,OUT045,2002,,Tier 2,Supermarket Type1,1580.25
FDP15,15.2,Low Fat,0.083926694,Meat,257.133,OUT035,2004,Small,Tier 2,Supermarket Type1,1929.1
FDV27,7.97,Regular,0.039982468,Meat,87.6514,OUT035,2004,Small,Tier 2,Supermarket Type1,1022.89
FDS36,,Regular,0.046660286,Baking Goods,108.957,OUT027,1985,Medium,Tier 3,Supermarket Type3,1692.77
FDY40,,Regular,0.085419332,Frozen Foods,48.0692,OUT027,1985,Medium,Tier 3,Supermarket Type3,1360
NCF19,13,Low Fat,0.035163317,Household,50.2034,OUT049,1999,Medium,Tier 1,Supermarket Type1,776.47
FDF53,20.75,Regular,0.083776121,Frozen Foods,182.2318,OUT045,2002,,Tier 2,Supermarket Type1,1420.13
FDS14,,Low Fat,0.04972193,Dairy,156.5288,OUT027,1985,Medium,Tier 3,Supermarket Type3,1698.66
FDE56,17.25,Regular,0.159195426,Fruits and Vegetables,63.8194,OUT046,1997,Small,Tier 1,Supermarket Type1,720.48
FDZ19,6.425,Low Fat,0.093437228,Fruits and Vegetables,177.7712,OUT035,2004,Small,Tier 2,Supermarket Type1,1317.62
FDZ46,7.485,Low Fat,0.069066197,Snack Foods,112.1228,OUT013,1987,High,Tier 3,Supermarket Type1,1212.91
FDR16,5.845,Regular,0.105018002,Frozen Foods,212.8218,OUT046,1997,Small,Tier 1,Supermarket Type1,1619.92
FDG29,17.6,Low Fat,0.056521229,Frozen Foods,42.1454,OUT018,2009,Medium,Tier 3,Supermarket Type2,1084.13
NCE30,16,LF,0.09969679,Household,214.3902,OUT017,2007,,Tier 2,Supermarket Type1,1808.42
FDZ40,8.935,Low Fat,0.040182749,Frozen Foods,52.9298,OUT046,1997,Small,Tier 1,Supermarket Type1,931.49
FDG58,10.695,Regular,0.087134714,Snack Foods,155.4972,OUT018,2009,Medium,Tier 3,Supermarket Type2,1742.68
DRH03,17.25,Low Fat,0.035035139,Dairy,94.912,OUT013,1987,High,Tier 3,Supermarket Type1,1038.23
FDZ47,20.7,Regular,0.079457285,Baking Goods,99.3042,OUT045,2002,,Tier 2,Supermarket Type1,973.56
FDV04,7.825,Regular,0.150626333,Frozen Foods,157.6288,OUT018,2009,Medium,Tier 3,Supermarket Type2,1387.17
FDZ10,17.85,Low Fat,0.044644617,Snack Foods,126.202,OUT018,2009,Medium,Tier 3,Supermarket Type2,1416.88
FDG46,8.63,Regular,0.033095808,Snack Foods,113.2518,OUT017,2007,,Tier 2,Supermarket Type1,1118.51
NCF07,9,Low Fat,0.032087477,Household,99.4016,OUT045,2002,,Tier 2,Supermarket Type1,1082.83
FDY44,14.15,Regular,0.024399944,Fruits and Vegetables,194.711,OUT035,2004,Small,Tier 2,Supermarket Type1,1607
FDB21,7.475,LF,0.148397009,Fruits and Vegetables,242.4854,OUT013,1987,High,Tier 3,Supermarket Type1,1938.44
FDS20,8.85,Low Fat,0.053856727,Fruits and Vegetables,182.4292,OUT035,2004,Small,Tier 2,Supermarket Type1,1549.84
FDS49,9,LF,0.07946888,Canned,79.6644,OUT049,1999,Medium,Tier 1,Supermarket Type1,1209.63
FDX55,,Low Fat,0.054938563,Fruits and Vegetables,219.5166,OUT027,1985,Medium,Tier 3,Supermarket Type3,2342.4
NCQ02,12.6,Low Fat,0.007486838,Household,186.7556,OUT018,2009,Medium,Tier 3,Supermarket Type2,1641.62
FDR25,17,Regular,0.139405824,Canned,264.6884,OUT013,1987,High,Tier 3,Supermarket Type1,1919.32
DRG39,14.15,Low Fat,0.042266539,Dairy,53.9982,OUT045,2002,,Tier 2,Supermarket Type1,755
FDB46,10.5,Regular,0.093763866,Snack Foods,213.3244,OUT046,1997,Small,Tier 1,Supermarket Type1,1566.4
NCC30,16.6,Low Fat,0.027691544,Household,179.2344,OUT018,2009,Medium,Tier 3,Supermarket Type2,1758.07
FDE58,18.5,Low Fat,0.052058877,Snack Foods,119.7124,OUT035,2004,Small,Tier 2,Supermarket Type1,1169.07
FDC05,,Regular,0.172959058,Frozen Foods,198.6768,OUT019,1985,Small,Tier 1,Grocery Store,1139.56
FDY15,18.25,Regular,0.170828047,Dairy,157.163,OUT046,1997,Small,Tier 1,Supermarket Type1,1390.4
FDG14,9,Regular,0.050500713,Canned,149.8024,OUT046,1997,Small,Tier 1,Supermarket Type1,1430.46
FDL08,10.8,Low Fat,0,Fruits and Vegetables,243.4144,OUT049,1999,Medium,Tier 1,Supermarket Type1,2200.38
FDQ47,7.155,Regular,0.168046416,Breads,33.8874,OUT013,1987,High,Tier 3,Supermarket Type1,888.22
FDN12,15.6,Low Fat,0.081088593,Baking Goods,110.0544,OUT035,2004,Small,Tier 2,Supermarket Type1,890.52
FDW10,21.2,Low Fat,0.070617466,Snack Foods,178.237,OUT013,1987,High,Tier 3,Supermarket Type1,1541.15
FDD02,16.6,Low Fat,0.050281492,Canned,117.7124,OUT035,2004,Small,Tier 2,Supermarket Type1,1041.36
FDX35,5.035,Regular,0.133753866,Breads,229.4036,OUT010,1998,,Tier 3,Grocery Store,1146.59
FDT35,19.85,Regular,0.081455379,Breads,169.5816,OUT046,1997,Small,Tier 1,Supermarket Type1,1445.34
DRN47,,Low Fat,0.029461464,Hard Drinks,181.166,OUT019,1985,Small,Tier 1,Grocery Store,1141.4
FDB11,16,Low Fat,0.101847127,Starchy Foods,225.7404,OUT010,1998,,Tier 3,Grocery Store,1342.91
FDN20,19.35,Low Fat,0.026234991,Fruits and Vegetables,168.4474,OUT045,2002,,Tier 2,Supermarket Type1,1626.3
FDB59,18.25,Low Fat,0.01527601,Snack Foods,199.4084,OUT035,2004,Small,Tier 2,Supermarket Type1,1755.75
FDJ58,15.6,Regular,0.105509616,Snack Foods,172.8764,OUT045,2002,,Tier 2,Supermarket Type1,1627.06
FDU60,20,Regular,0.059901045,Baking Goods,168.8132,OUT046,1997,Small,Tier 1,Supermarket Type1,1683.56
FDS03,7.825,Low Fat,0.079752411,Meat,66.2826,OUT049,1999,Medium,Tier 1,Supermarket Type1,812.55
FDU40,,Low Fat,0.065489529,Frozen Foods,193.3478,OUT019,1985,Small,Tier 1,Grocery Store,1033.97
DRH15,8.775,Low Fat,0.110082155,Dairy,45.7428,OUT049,1999,Medium,Tier 1,Supermarket Type1,752.94
FDD04,,Low Fat,0.089535602,Dairy,143.8154,OUT027,1985,Medium,Tier 3,Supermarket Type3,1653.9
FDQ01,19.7,reg,0.160701642,Canned,253.5014,OUT046,1997,Small,Tier 1,Supermarket Type1,1840.53
FDF28,15.7,Regular,0.037857561,Frozen Foods,124.8046,OUT035,2004,Small,Tier 2,Supermarket Type1,1202.25
FDD22,10,Low Fat,0.166793159,Snack Foods,112.6544,OUT010,1998,,Tier 3,Grocery Store,626.49
FDY19,19.75,Low Fat,0.041364935,Fruits and Vegetables,117.7466,OUT046,1997,Small,Tier 1,Supermarket Type1,1312.63
FDN33,6.305,Regular,0.123092484,Snack Foods,92.9436,OUT035,2004,Small,Tier 2,Supermarket Type1,995.54
FDV36,18.7,Low Fat,0.026297031,Baking Goods,126.202,OUT035,2004,Small,Tier 2,Supermarket Type1,1389.34
FDW01,14.5,Low Fat,0.107224173,Canned,152.4682,OUT010,1998,,Tier 3,Grocery Store,677.57
FDJ28,12.3,Low Fat,0.021894973,Frozen Foods,192.4162,OUT049,1999,Medium,Tier 1,Supermarket Type1,1595.68
FDB17,13.15,Low Fat,0.036665173,Frozen Foods,179.1976,OUT035,2004,Small,Tier 2,Supermarket Type1,1342.64
FDM40,10.195,Low Fat,0.160185608,Frozen Foods,140.8154,OUT049,1999,Medium,Tier 1,Supermarket Type1,1246.68
FDV46,18.2,Low Fat,0,Snack Foods,139.918,OUT045,2002,,Tier 2,Supermarket Type1,1348.95
FDQ44,20.5,Low Fat,0.036196486,Fruits and Vegetables,119.5756,OUT049,1999,Medium,Tier 1,Supermarket Type1,1387.59
NCD42,16.5,low fat,0.012637846,Health and Hygiene,37.2506,OUT046,1997,Small,Tier 1,Supermarket Type1,805
DRH37,17.6,Low Fat,0.041616357,Soft Drinks,163.8526,OUT046,1997,Small,Tier 1,Supermarket Type1,1519.93
FDR10,17.6,Low Fat,0.010080792,Snack Foods,163.5552,OUT018,2009,Medium,Tier 3,Supermarket Type2,1823.68
NCD06,,Low Fat,0.098844291,Household,46.306,OUT027,1985,Medium,Tier 3,Supermarket Type3,1300.22
FDI53,8.895,Regular,0.137644954,Frozen Foods,161.2236,OUT046,1997,Small,Tier 1,Supermarket Type1,1469.11
FDG16,15.25,Low Fat,0.089799825,Frozen Foods,216.4192,OUT035,2004,Small,Tier 2,Supermarket Type1,1446.24
DRB25,12.3,Low Fat,0.069459722,Soft Drinks,107.1938,OUT046,1997,Small,Tier 1,Supermarket Type1,930.15
FDY09,15.6,Low Fat,0.025200149,Snack Foods,175.2054,OUT046,1997,Small,Tier 1,Supermarket Type1,1404.15
FDX48,17.75,Regular,0.037964731,Baking Goods,153.0656,OUT045,2002,,Tier 2,Supermarket Type1,1352.94
FDC03,8.575,Regular,0.120256303,Dairy,196.2794,OUT010,1998,,Tier 3,Grocery Store,1019.33
FDT47,5.26,Regular,0.024504201,Breads,95.9068,OUT035,2004,Small,Tier 2,Supermarket Type1,957.25
FDW44,,Regular,0.034980994,Fruits and Vegetables,170.7448,OUT027,1985,Medium,Tier 3,Supermarket Type3,1937.11
FDT24,12.35,Regular,0.186910605,Baking Goods,75.6328,OUT017,2007,,Tier 2,Supermarket Type1,903.21
FDT12,,Regular,0,Baking Goods,227.5062,OUT019,1985,Small,Tier 1,Grocery Store,1514.78
NCS38,8.6,Low Fat,0.090174377,Household,113.4176,OUT035,2004,Small,Tier 2,Supermarket Type1,1165.84
FDO39,6.985,Regular,0.137340909,Meat,182.8608,OUT035,2004,Small,Tier 2,Supermarket Type1,1531.02
FDA13,15.85,Low Fat,0.078554948,Canned,38.7506,OUT046,1997,Small,Tier 1,Supermarket Type1,539.38
FDO48,15,Regular,0.026835691,Baking Goods,220.9456,OUT035,2004,Small,Tier 2,Supermarket Type1,1569.05
DRJ01,6.135,Low Fat,0.115683076,Soft Drinks,159.2236,OUT017,2007,,Tier 2,Supermarket Type1,1204.56
FDD53,16.2,Low Fat,0.04440264,Frozen Foods,39.9454,OUT018,2009,Medium,Tier 3,Supermarket Type2,930.14
NCT05,10.895,Low Fat,0.020984423,Health and Hygiene,255.9672,OUT049,1999,Medium,Tier 1,Supermarket Type1,2059.2
FDQ51,16,Regular,0,Meat,45.3718,OUT045,2002,,Tier 2,Supermarket Type1,862.54
FDU60,20,reg,0.059851197,Baking Goods,167.3132,OUT013,1987,High,Tier 3,Supermarket Type1,1654.36
FDC59,16.7,Regular,0.054628903,Starchy Foods,62.5168,OUT046,1997,Small,Tier 1,Supermarket Type1,956.58
FDP36,10.395,Regular,0.091155163,Baking Goods,52.2008,OUT035,2004,Small,Tier 2,Supermarket Type1,809.83
NCM19,12.65,Low Fat,0.047504439,Others,111.4202,OUT017,2007,,Tier 2,Supermarket Type1,1307.61
FDL16,12.85,Low Fat,0.168421008,Frozen Foods,44.606,OUT035,2004,Small,Tier 2,Supermarket Type1,789.7
FDE50,19.7,reg,0.016271661,Canned,188.1556,OUT018,2009,Medium,Tier 3,Supermarket Type2,1690.11
NCR18,15.85,Low Fat,0.020470576,Household,44.5112,OUT013,1987,High,Tier 3,Supermarket Type1,806.34
NCD30,19.7,Low Fat,0.026844186,Household,97.6726,OUT035,2004,Small,Tier 2,Supermarket Type1,966.94
FDH31,12,Regular,0.02039417,Meat,100.1042,OUT013,1987,High,Tier 3,Supermarket Type1,1159.22
FDD56,,Regular,0.181702355,Fruits and Vegetables,173.4054,OUT019,1985,Small,Tier 1,Grocery Store,917.7
FDC47,15,Low Fat,0.119075479,Snack Foods,229.7694,OUT049,1999,Medium,Tier 1,Supermarket Type1,1898.56
FDZ21,17.6,Regular,0.039301403,Snack Foods,94.741,OUT045,2002,,Tier 2,Supermarket Type1,1152.9
FDM01,7.895,Regular,0.094714208,Breakfast,102.5332,OUT049,1999,Medium,Tier 1,Supermarket Type1,1244.95
FDF24,15.5,Regular,0.025349355,Baking Goods,82.8934,OUT013,1987,High,Tier 3,Supermarket Type1,1269.6
FDW23,5.765,Low Fat,0.082476188,Baking Goods,38.8164,OUT017,2007,,Tier 2,Supermarket Type1,834.62
FDY52,6.365,Low Fat,0.00737822,Frozen Foods,61.3536,OUT018,2009,Medium,Tier 3,Supermarket Type2,1277.36
DRH37,,Low Fat,0.041414828,Soft Drinks,163.3526,OUT027,1985,Medium,Tier 3,Supermarket Type3,1686.67
DRO47,,Low Fat,0.111681212,Hard Drinks,113.486,OUT027,1985,Medium,Tier 3,Supermarket Type3,1386.16
FDR25,17,Regular,0.13973885,Canned,266.4884,OUT049,1999,Medium,Tier 1,Supermarket Type1,1990.92
FDQ24,,Low Fat,0.073309965,Baking Goods,250.9724,OUT027,1985,Medium,Tier 3,Supermarket Type3,2250.87
DRJ51,14.1,Low Fat,0.088352351,Dairy,230.7668,OUT018,2009,Medium,Tier 3,Supermarket Type2,1974.4
NCU06,17.6,Low Fat,0.074392992,Household,230.101,OUT035,2004,Small,Tier 2,Supermarket Type1,1754.8
NCV18,6.775,Low Fat,0.105674592,Household,81.825,OUT018,2009,Medium,Tier 3,Supermarket Type2,1162.36
NCC06,,low fat,0.026855684,Household,127.5336,OUT027,1985,Medium,Tier 3,Supermarket Type3,1761.76
FDZ01,8.975,Regular,0.009095747,Canned,104.399,OUT018,2009,Medium,Tier 3,Supermarket Type2,1462.83
FDT14,10.695,Regular,0.128449579,Dairy,120.344,OUT017,2007,,Tier 2,Supermarket Type1,1282.15
FDD11,,Low Fat,0.053605948,Starchy Foods,252.404,OUT019,1985,Small,Tier 1,Grocery Store,1695.48
FDN09,14.15,Low Fat,0.035071955,Snack Foods,243.8828,OUT017,2007,,Tier 2,Supermarket Type1,1742.84
NCO18,13.15,Low Fat,0.04126117,Household,177.7686,OUT010,1998,,Tier 3,Grocery Store,933.64
FDZ50,12.8,Regular,0.0792367,Dairy,183.6608,OUT045,2002,,Tier 2,Supermarket Type1,1436.42
FDS44,12.65,Regular,0.155914104,Fruits and Vegetables,239.5538,OUT013,1987,High,Tier 3,Supermarket Type1,1820.77
FDI36,12.5,Regular,0.062469866,Baking Goods,197.7426,OUT045,2002,,Tier 2,Supermarket Type1,1600.86
FDA26,7.855,Regular,0.123727659,Dairy,218.3482,OUT010,1998,,Tier 3,Grocery Store,1193.55
NCY53,20,Low Fat,0.058572263,Health and Hygiene,112.6544,OUT049,1999,Medium,Tier 1,Supermarket Type1,1392.88
FDF32,16.35,Low Fat,0.068186803,Fruits and Vegetables,199.3426,OUT049,1999,Medium,Tier 1,Supermarket Type1,1872.47
FDF59,12.5,Low Fat,0.119247864,Starchy Foods,126.302,OUT010,1998,,Tier 3,Grocery Store,834.84
FDB20,7.72,Low Fat,0.051980667,Fruits and Vegetables,76.1986,OUT046,1997,Small,Tier 1,Supermarket Type1,1063.35
DRH11,5.98,Low Fat,0.075543678,Hard Drinks,57.1614,OUT035,2004,Small,Tier 2,Supermarket Type1,511.26
FDT03,21.25,Low Fat,0.010014308,Meat,185.7608,OUT049,1999,Medium,Tier 1,Supermarket Type1,1631.42
NCH06,12.3,Low Fat,0.076539909,Household,245.246,OUT035,2004,Small,Tier 2,Supermarket Type1,1663.07
FDR55,12.15,Regular,0.132288896,Fruits and Vegetables,187.8872,OUT049,1999,Medium,Tier 1,Supermarket Type1,1543.37
FDI10,8.51,Regular,0.078389501,Snack Foods,171.7422,OUT035,2004,Small,Tier 2,Supermarket Type1,1304.6
FDZ12,9.17,Low Fat,0.103187661,Baking Goods,141.247,OUT045,2002,,Tier 2,Supermarket Type1,1236.18
FDM12,16.7,Regular,0.070025696,Baking Goods,187.8214,OUT049,1999,Medium,Tier 1,Supermarket Type1,1741.89
DRB25,12.3,Low Fat,0.069600588,Soft Drinks,107.4938,OUT045,2002,,Tier 2,Supermarket Type1,1176.68
NCS41,12.85,Low Fat,0.053399539,Health and Hygiene,182.7608,OUT013,1987,High,Tier 3,Supermarket Type1,1756.07
NCT53,5.4,Low Fat,0.048191066,Health and Hygiene,162.8526,OUT049,1999,Medium,Tier 1,Supermarket Type1,1656.12
NCD55,14,Low Fat,0.024310931,Household,39.9454,OUT013,1987,High,Tier 3,Supermarket Type1,1078.82
FDY08,9.395,Regular,0.171341198,Fruits and Vegetables,141.3838,OUT049,1999,Medium,Tier 1,Supermarket Type1,1128.17
NCP55,14.65,Low Fat,0.011207422,Others,54.4614,OUT049,1999,Medium,Tier 1,Supermarket Type1,868
FDA33,6.48,Low Fat,0.033871687,Snack Foods,147.9076,OUT013,1987,High,Tier 3,Supermarket Type1,1321.37
FDQ33,13.35,Low Fat,0.091131261,Snack Foods,148.6708,OUT013,1987,High,Tier 3,Supermarket Type1,1359.12
FDE45,,Low Fat,0.040161883,Fruits and Vegetables,179.6002,OUT027,1985,Medium,Tier 3,Supermarket Type3,1906.16
FDT26,18.85,Regular,0.067896957,Dairy,120.944,OUT013,1987,High,Tier 3,Supermarket Type1,1340.03
NCV53,8.27,Low Fat,0.018842851,Health and Hygiene,238.988,OUT049,1999,Medium,Tier 1,Supermarket Type1,2016.37
FDK60,,Regular,0.093409739,Baking Goods,97.6068,OUT027,1985,Medium,Tier 3,Supermarket Type3,1518.27
NCJ29,10.6,Low Fat,0.035192926,Health and Hygiene,83.4224,OUT046,1997,Small,Tier 1,Supermarket Type1,1076.35
FDI15,13.8,low fat,0.141639229,Dairy,265.0884,OUT045,2002,,Tier 2,Supermarket Type1,2069.11
FDX21,7.05,Low Fat,0.084895314,Snack Foods,110.5912,OUT013,1987,High,Tier 3,Supermarket Type1,1370.2
FDV49,,Low Fat,0.045220091,Canned,263.4226,OUT019,1985,Small,Tier 1,Grocery Store,1380.63
DRO59,11.8,LF,0.054154252,Hard Drinks,76.9012,OUT046,1997,Small,Tier 1,Supermarket Type1,778.82
FDZ14,7.71,Regular,0.047685207,Dairy,122.4756,OUT045,2002,,Tier 2,Supermarket Type1,1073.67
FDP32,,Low Fat,0.087244942,Fruits and Vegetables,126.0678,OUT027,1985,Medium,Tier 3,Supermarket Type3,1538.35
FDC33,8.96,Regular,0.069328283,Fruits and Vegetables,198.6768,OUT017,2007,,Tier 2,Supermarket Type1,1556.05
FDT14,10.695,Regular,0.213788983,Dairy,121.644,OUT010,1998,,Tier 3,Grocery Store,581.5
NCN54,,Low Fat,0.021223197,Household,78.5328,OUT027,1985,Medium,Tier 3,Supermarket Type3,1447.33
FDR57,,Regular,0.023383182,Snack Foods,155.3288,OUT027,1985,Medium,Tier 3,Supermarket Type3,1904.76
DRK12,9.5,Low Fat,0.041886317,Soft Drinks,32.39,OUT046,1997,Small,Tier 1,Supermarket Type1,787.95
FDX52,11.5,Regular,0.042067869,Frozen Foods,194.882,OUT049,1999,Medium,Tier 1,Supermarket Type1,1892.49
FDX08,12.85,Low Fat,0.037834548,Fruits and Vegetables,179.3318,OUT010,1998,,Tier 3,Grocery Store,1257.22
FDP10,19,Low Fat,0.214396632,Snack Foods,105.8622,OUT010,1998,,Tier 3,Grocery Store,373.29
NCP50,17.35,Low Fat,0.020601542,Others,78.7618,OUT045,2002,,Tier 2,Supermarket Type1,894.1
NCL06,14.65,Low Fat,0.072006662,Household,259.8594,OUT013,1987,High,Tier 3,Supermarket Type1,1971.97
FDP25,15.2,Low Fat,0.02118987,Canned,219.3824,OUT013,1987,High,Tier 3,Supermarket Type1,1835.93
FDE53,10.895,Low Fat,0.02685779,Frozen Foods,104.528,OUT013,1987,High,Tier 3,Supermarket Type1,1206
FDL27,6.17,Low Fat,0.010691082,Meat,66.3826,OUT017,2007,,Tier 2,Supermarket Type1,904.67
FDC35,7.435,Low Fat,0.123028674,Starchy Foods,208.1638,OUT049,1999,Medium,Tier 1,Supermarket Type1,1759.22
DRJ47,18.25,Low Fat,0.074065937,Hard Drinks,171.308,OUT010,1998,,Tier 3,Grocery Store,1113.28
FDD16,20.5,Low Fat,0.036501185,Frozen Foods,75.8696,OUT018,2009,Medium,Tier 3,Supermarket Type2,1354.93
NCN42,20.25,LF,0.014244729,Household,146.9418,OUT049,1999,Medium,Tier 1,Supermarket Type1,1721.11
FDC38,,Low Fat,0.121900785,Canned,132.8942,OUT027,1985,Medium,Tier 3,Supermarket Type3,1809.71
NCO07,9.06,Low Fat,0.009796094,Others,212.156,OUT045,2002,,Tier 2,Supermarket Type1,1548.46
FDQ20,8.325,Low Fat,0.029831146,Fruits and Vegetables,38.6138,OUT049,1999,Medium,Tier 1,Supermarket Type1,737.8
FDI32,17.7,Low Fat,0.174373447,Fruits and Vegetables,113.2834,OUT046,1997,Small,Tier 1,Supermarket Type1,961.02
FDN20,19.35,Low Fat,0.043823122,Fruits and Vegetables,170.3474,OUT010,1998,,Tier 3,Grocery Store,1000.92
DRJ51,,Low Fat,0.087567787,Dairy,229.5668,OUT027,1985,Medium,Tier 3,Supermarket Type3,2156.31
FDU08,10.3,Low Fat,0.027370814,Fruits and Vegetables,97.6042,OUT045,2002,,Tier 2,Supermarket Type1,1096.29
DRN37,,Low Fat,0.168604314,Soft Drinks,167.4158,OUT019,1985,Small,Tier 1,Grocery Store,975.54
FDD05,19.35,Low Fat,0.027804204,Frozen Foods,121.8098,OUT010,1998,,Tier 3,Grocery Store,896.38
FDW15,15.35,Regular,0.055113596,Meat,148.6734,OUT046,1997,Small,Tier 1,Supermarket Type1,1468.55
FDI52,18.7,Low Fat,0.104678138,Frozen Foods,124.3072,OUT046,1997,Small,Tier 1,Supermarket Type1,1350.38
DRM11,6.57,Low Fat,0,Hard Drinks,261.6278,OUT049,1999,Medium,Tier 1,Supermarket Type1,2311.94
NCO06,19.25,Low Fat,0.108249522,Household,32.0558,OUT045,2002,,Tier 2,Supermarket Type1,546.63
FDU38,10.8,Low Fat,0.082678239,Dairy,190.4504,OUT049,1999,Medium,Tier 1,Supermarket Type1,1548.67
FDU59,5.78,Low Fat,0.096778863,Breads,161.5552,OUT018,2009,Medium,Tier 3,Supermarket Type2,1458.91
FDJ10,5.095,Regular,0.129503664,Snack Foods,138.6838,OUT046,1997,Small,Tier 1,Supermarket Type1,1095.87
FDM13,6.425,Low Fat,0.063273547,Breakfast,132.8626,OUT049,1999,Medium,Tier 1,Supermarket Type1,1329.77
NCJ30,,low fat,0.141191067,Household,167.979,OUT019,1985,Small,Tier 1,Grocery Store,972.31
FDM45,8.655,Regular,0.088553998,Snack Foods,121.7756,OUT018,2009,Medium,Tier 3,Supermarket Type2,1415.65
FDP36,10.395,Regular,0.091357303,Baking Goods,50.1008,OUT045,2002,,Tier 2,Supermarket Type1,858.1
NCD30,19.7,Low Fat,0.044940161,Household,97.3726,OUT010,1998,,Tier 3,Grocery Store,792
FDN48,13.35,Low Fat,0.065318118,Baking Goods,93.7804,OUT017,2007,,Tier 2,Supermarket Type1,1216.46
FDY32,7.605,Low Fat,0.129441977,Fruits and Vegetables,161.221,OUT049,1999,Medium,Tier 1,Supermarket Type1,1255.45
FDU47,12.8,Regular,0.113854468,Breads,141.5838,OUT046,1997,Small,Tier 1,Supermarket Type1,1074.84
FDF17,,Low Fat,0.074623672,Frozen Foods,198.211,OUT019,1985,Small,Tier 1,Grocery Store,1056.5
FDP34,12.85,Low Fat,0.138004065,Snack Foods,156.963,OUT017,2007,,Tier 2,Supermarket Type1,1242.04
FDA47,10.5,Regular,0.116855192,Baking Goods,163.621,OUT049,1999,Medium,Tier 1,Supermarket Type1,1448.25
DRD27,,Low Fat,0.023724475,Dairy,98.7042,OUT027,1985,Medium,Tier 3,Supermarket Type3,1506.02
FDW38,5.325,Regular,0.138961241,Dairy,54.1298,OUT045,2002,,Tier 2,Supermarket Type1,733.92
FDZ15,,Low Fat,0.036541979,Dairy,120.1782,OUT019,1985,Small,Tier 1,Grocery Store,846.59
FDZ03,,Regular,0.078405146,Dairy,187.324,OUT027,1985,Medium,Tier 3,Supermarket Type3,2055.22
NCN19,13.1,Low Fat,0.012118359,Others,188.853,OUT049,1999,Medium,Tier 1,Supermarket Type1,1884.48
FDG02,7.855,Low Fat,0.011259035,Canned,190.2188,OUT035,2004,Small,Tier 2,Supermarket Type1,1683.06
FDS31,13.1,Regular,0.044184016,Fruits and Vegetables,182.4318,OUT035,2004,Small,Tier 2,Supermarket Type1,1283.31
FDW43,,Regular,0.039263694,Fruits and Vegetables,228.1036,OUT019,1985,Small,Tier 1,Grocery Store,1221.73
FDZ47,20.7,Regular,0.132726034,Baking Goods,99.8042,OUT010,1998,,Tier 3,Grocery Store,486.37
FDO57,20.75,Low Fat,0.109325071,Snack Foods,160.9578,OUT017,2007,,Tier 2,Supermarket Type1,1351.13
NCL07,13.85,Low Fat,0.031312479,Others,39.148,OUT013,1987,High,Tier 3,Supermarket Type1,850.08
NCV42,6.26,Low Fat,0.031395831,Household,110.7228,OUT013,1987,High,Tier 3,Supermarket Type1,1227.54
FDP40,4.555,Regular,0.034551507,Frozen Foods,112.5544,OUT017,2007,,Tier 2,Supermarket Type1,1149.84
FDP48,,Regular,0.077078963,Baking Goods,184.695,OUT019,1985,Small,Tier 1,Grocery Store,1170.95
FDH21,10.395,Low Fat,0.031401634,Seafood,160.3604,OUT017,2007,,Tier 2,Supermarket Type1,1530.49
NCP02,7.105,Low Fat,0.044878428,Household,59.7562,OUT049,1999,Medium,Tier 1,Supermarket Type1,1109
FDK24,9.195,Low Fat,0,Baking Goods,45.6744,OUT049,1999,Medium,Tier 1,Supermarket Type1,1123.57
FDC41,15.6,Low Fat,0.117150348,Frozen Foods,75.067,OUT045,2002,,Tier 2,Supermarket Type1,730.63
FDF08,14.3,Regular,0.0655764,Fruits and Vegetables,86.1856,OUT017,2007,,Tier 2,Supermarket Type1,866.1
FDO49,10.6,Regular,0.033239125,Breakfast,52.1008,OUT017,2007,,Tier 2,Supermarket Type1,718.84
FDS56,,Regular,0.038569182,Fruits and Vegetables,260.8252,OUT027,1985,Medium,Tier 3,Supermarket Type3,2322.33
FDX46,12.3,Regular,0.058353501,Snack Foods,60.5562,OUT018,2009,Medium,Tier 3,Supermarket Type2,1038.64
FDQ07,15.1,Regular,0.087334125,Fruits and Vegetables,220.4456,OUT013,1987,High,Tier 3,Supermarket Type1,1848.55
FDC32,18.35,Low Fat,0.16588815,Fruits and Vegetables,92.0462,OUT010,1998,,Tier 3,Grocery Store,551.4
FDT21,,Low Fat,0.035703488,Snack Foods,248.0092,OUT019,1985,Small,Tier 1,Grocery Store,1562.42
FDG58,10.695,Regular,0.086957199,Snack Foods,155.1972,OUT045,2002,,Tier 2,Supermarket Type1,1460.19
FDW14,8.3,Regular,0.038270946,Dairy,85.9198,OUT049,1999,Medium,Tier 1,Supermarket Type1,1273.22
DRA12,,Low Fat,0.040747616,Soft Drinks,140.0154,OUT027,1985,Medium,Tier 3,Supermarket Type3,1914.91
FDV27,7.97,Regular,0.039956751,Meat,88.5514,OUT013,1987,High,Tier 3,Supermarket Type1,936.86
DRD25,6.135,Low Fat,0.078906336,Soft Drinks,112.386,OUT013,1987,High,Tier 3,Supermarket Type1,1057.05
DRF48,,Low Fat,0.051550615,Soft Drinks,186.3898,OUT027,1985,Medium,Tier 3,Supermarket Type3,1870.25
FDX24,8.355,Low Fat,0,Baking Goods,92.6462,OUT017,2007,,Tier 2,Supermarket Type1,999.04
DRJ51,14.1,Low Fat,0.087993901,Dairy,229.8668,OUT046,1997,Small,Tier 1,Supermarket Type1,1721.77
FDE45,12.1,Low Fat,0.040439161,Fruits and Vegetables,180.0002,OUT045,2002,,Tier 2,Supermarket Type1,1543.31
FDE14,13.65,Regular,0.031445152,Canned,101.17,OUT046,1997,Small,Tier 1,Supermarket Type1,1135.68
FDG53,10,Low Fat,0.045949933,Frozen Foods,138.118,OUT045,2002,,Tier 2,Supermarket Type1,1367.29
FDT08,13.65,Low Fat,0.049218499,Fruits and Vegetables,148.905,OUT046,1997,Small,Tier 1,Supermarket Type1,1456.23
DRC27,,Low Fat,0.057821105,Dairy,246.9802,OUT027,1985,Medium,Tier 3,Supermarket Type3,2456.85
FDG20,15.5,Regular,0.125664151,Fruits and Vegetables,176.7028,OUT035,2004,Small,Tier 2,Supermarket Type1,1577.27
FDC21,14.6,Regular,0.04295882,Fruits and Vegetables,108.3254,OUT046,1997,Small,Tier 1,Supermarket Type1,955.33
FDV31,9.8,Low Fat,0.107152044,Fruits and Vegetables,177.237,OUT018,2009,Medium,Tier 3,Supermarket Type2,1519.97
FDB58,10.5,Regular,0.013523837,Snack Foods,141.1154,OUT045,2002,,Tier 2,Supermarket Type1,1237.46
FDV23,11,Low Fat,0.105836765,Breads,124.6046,OUT046,1997,Small,Tier 1,Supermarket Type1,1074.07
FDA25,,Regular,0.119279404,Canned,102.599,OUT019,1985,Small,Tier 1,Grocery Store,588.44
FDC15,18.1,Low Fat,0.177969055,Dairy,158.6288,OUT046,1997,Small,Tier 1,Supermarket Type1,1319.99
FDU47,12.8,Regular,0.114031481,Breads,138.6838,OUT049,1999,Medium,Tier 1,Supermarket Type1,1427.73
FDE23,17.6,Regular,0,Starchy Foods,46.606,OUT013,1987,High,Tier 3,Supermarket Type1,1074.53
FDS08,5.735,Low Fat,0.056913819,Fruits and Vegetables,177.037,OUT013,1987,High,Tier 3,Supermarket Type1,1694.63
FDW03,,Regular,0.024422434,Meat,104.3306,OUT027,1985,Medium,Tier 3,Supermarket Type3,1708.34
FDJ60,19.35,Regular,0.06278314,Baking Goods,163.3184,OUT018,2009,Medium,Tier 3,Supermarket Type2,1883.2
FDM34,19,Low Fat,0.067829083,Snack Foods,129.2626,OUT017,2007,,Tier 2,Supermarket Type1,1114.9
FDW33,9.395,Low Fat,0.099038102,Snack Foods,105.528,OUT013,1987,High,Tier 3,Supermarket Type1,1036.03
FDZ40,8.935,Low Fat,0.040149309,Frozen Foods,54.3298,OUT013,1987,High,Tier 3,Supermarket Type1,841.22
FDE33,19.35,Regular,0.049837799,Fruits and Vegetables,80.5644,OUT018,2009,Medium,Tier 3,Supermarket Type2,1186.7
NCC06,19,Low Fat,0.045169646,Household,127.7336,OUT010,1998,,Tier 3,Grocery Store,804.88
FDU11,4.785,Low Fat,0.092593652,Breads,119.4098,OUT046,1997,Small,Tier 1,Supermarket Type1,1093.91
FDL44,18.25,Low Fat,0.012344551,Fruits and Vegetables,162.9894,OUT017,2007,,Tier 2,Supermarket Type1,1567.08
NCZ29,15,Low Fat,0.071775164,Health and Hygiene,127.1362,OUT017,2007,,Tier 2,Supermarket Type1,1330.65
FDG28,9.285,Regular,0,Frozen Foods,244.9144,OUT010,1998,,Tier 3,Grocery Store,1570.02
FDL12,15.85,Regular,0.122128201,Baking Goods,59.522,OUT018,2009,Medium,Tier 3,Supermarket Type2,1203.41
FDD52,18.25,Regular,0.18433167,Dairy,108.957,OUT017,2007,,Tier 2,Supermarket Type1,862.11
FDO15,16.75,Regular,0.008559416,Meat,72.2038,OUT013,1987,High,Tier 3,Supermarket Type1,954.67
NCN29,,Low Fat,0.012057789,Health and Hygiene,49.3034,OUT027,1985,Medium,Tier 3,Supermarket Type3,1132.82
FDW36,11.15,Low Fat,0.056885263,Baking Goods,107.7622,OUT013,1987,High,Tier 3,Supermarket Type1,1141.55
FDB21,7.475,Low Fat,0.148520605,Fruits and Vegetables,239.9854,OUT046,1997,Small,Tier 1,Supermarket Type1,1657.58
FDZ28,20,reg,0.051449648,Frozen Foods,128.8678,OUT013,1987,High,Tier 3,Supermarket Type1,1398.47
FDY10,17.6,Low Fat,0.049058599,Snack Foods,114.6176,OUT035,2004,Small,Tier 2,Supermarket Type1,1152.44
DRG39,14.15,Low Fat,0.042419588,Dairy,53.0982,OUT017,2007,,Tier 2,Supermarket Type1,912.91
FDN28,5.88,Regular,0.030222732,Frozen Foods,102.699,OUT013,1987,High,Tier 3,Supermarket Type1,1285.8
FDV15,10.3,Low Fat,0.146144813,Meat,104.4648,OUT035,2004,Small,Tier 2,Supermarket Type1,1069.13
DRI13,15.35,Low Fat,0.020323118,Soft Drinks,217.6508,OUT035,2004,Small,Tier 2,Supermarket Type1,1877.24
FDH20,16.1,Regular,0.024949113,Fruits and Vegetables,96.041,OUT046,1997,Small,Tier 1,Supermarket Type1,895.47
FDY51,12.5,Low Fat,0.081067307,Meat,220.2798,OUT013,1987,High,Tier 3,Supermarket Type1,1680.08
FDE16,8.895,Low Fat,0.026321792,Frozen Foods,207.7954,OUT013,1987,High,Tier 3,Supermarket Type1,1672.45
FDX40,12.85,Low Fat,0.099396395,Frozen Foods,37.1164,OUT018,2009,Medium,Tier 3,Supermarket Type2,832.63
FDC48,9.195,Low Fat,0.015923898,Baking Goods,80.5592,OUT018,2009,Medium,Tier 3,Supermarket Type2,1158.11
FDS14,7.285,Low Fat,0.049963882,Dairy,155.9288,OUT046,1997,Small,Tier 1,Supermarket Type1,1325.64
FDX56,17.1,Regular,0.074478384,Fruits and Vegetables,208.7638,OUT017,2007,,Tier 2,Supermarket Type1,1729.87
FDI10,8.51,Regular,0.078404327,Snack Foods,171.1422,OUT046,1997,Small,Tier 1,Supermarket Type1,1466.29
FDI14,14.1,Low Fat,0.089603145,Canned,142.3496,OUT013,1987,High,Tier 3,Supermarket Type1,1513.98
DRM48,15.2,Low Fat,0.112802719,Soft Drinks,35.8848,OUT013,1987,High,Tier 3,Supermarket Type1,952.24
NCH07,,Low Fat,0.092218288,Household,158.6604,OUT027,1985,Medium,Tier 3,Supermarket Type3,1964.14
FDY26,20.6,Regular,0.030485136,Dairy,210.7244,OUT013,1987,High,Tier 3,Supermarket Type1,1698.75
FDD02,,Low Fat,0.050047465,Canned,119.0124,OUT027,1985,Medium,Tier 3,Supermarket Type3,1457.03
FDM12,16.7,Regular,0.069916994,Baking Goods,188.1214,OUT046,1997,Small,Tier 1,Supermarket Type1,1445.64
DRF01,5.655,Low Fat,0.293048379,Soft Drinks,145.5102,OUT010,1998,,Tier 3,Grocery Store,530.15
FDV36,18.7,Low Fat,0.026302004,Baking Goods,126.502,OUT046,1997,Small,Tier 1,Supermarket Type1,1233.99
DRI59,9.5,Low Fat,0.040800688,Hard Drinks,223.5088,OUT013,1987,High,Tier 3,Supermarket Type1,1867.08
FDV03,17.6,Low Fat,0.058327908,Meat,156.5314,OUT018,2009,Medium,Tier 3,Supermarket Type2,1676.63
FDO39,6.985,Regular,0,Meat,182.9608,OUT017,2007,,Tier 2,Supermarket Type1,1627.18
NCB07,19.2,Low Fat,0.077823282,Household,197.811,OUT018,2009,Medium,Tier 3,Supermarket Type2,1971.32
FDH38,,Low Fat,0.010387683,Canned,115.9808,OUT027,1985,Medium,Tier 3,Supermarket Type3,1772.05
FDZ13,7.84,Regular,0.153465955,Canned,49.435,OUT035,2004,Small,Tier 2,Supermarket Type1,791.65
NCZ30,6.59,Low Fat,0.026184983,Household,122.3098,OUT046,1997,Small,Tier 1,Supermarket Type1,984.27
NCA06,20.5,Low Fat,0.143256515,Household,35.419,OUT035,2004,Small,Tier 2,Supermarket Type1,485.37
FDB04,11.35,Regular,0.063324606,Dairy,86.7856,OUT049,1999,Medium,Tier 1,Supermarket Type1,1022.78
FDN50,16.85,Regular,0.026497757,Canned,93.012,OUT013,1987,High,Tier 3,Supermarket Type1,1145.67
NCG06,16.35,Low Fat,0.02949114,Household,256.7646,OUT049,1999,Medium,Tier 1,Supermarket Type1,2097.11
NCY17,18.2,Low Fat,0.163760524,Health and Hygiene,45.0086,OUT018,2009,Medium,Tier 3,Supermarket Type2,941.56
FDC23,18,Low Fat,0.017906203,Starchy Foods,178.7686,OUT046,1997,Small,Tier 1,Supermarket Type1,1604.11
FDK33,17.85,Low Fat,0.011252718,Snack Foods,212.256,OUT049,1999,Medium,Tier 1,Supermarket Type1,1990.23
FDR03,15.7,Regular,0.008749518,Meat,208.198,OUT049,1999,Medium,Tier 1,Supermarket Type1,1992.11
FDZ07,15.1,Regular,0.094081729,Fruits and Vegetables,63.1194,OUT045,2002,,Tier 2,Supermarket Type1,1020.18
FDO38,17.25,Low Fat,0.072778438,Canned,78.4986,OUT013,1987,High,Tier 3,Supermarket Type1,1285.99
FDS59,14.8,Regular,0.043893446,Breads,108.157,OUT046,1997,Small,Tier 1,Supermarket Type1,953.96
DRM11,,Low Fat,0.115679302,Hard Drinks,260.1278,OUT019,1985,Small,Tier 1,Grocery Store,1346.09
FDX52,,Regular,0.041799167,Frozen Foods,194.382,OUT027,1985,Medium,Tier 3,Supermarket Type3,1927.98
DRJ35,10.1,Low Fat,0.046774318,Hard Drinks,59.3878,OUT018,2009,Medium,Tier 3,Supermarket Type2,1001.24
NCP53,14.75,Low Fat,0.032890347,Health and Hygiene,239.3906,OUT046,1997,Small,Tier 1,Supermarket Type1,1833.3
FDW15,,Regular,0.096496792,Meat,148.8734,OUT019,1985,Small,Tier 1,Grocery Store,899.46
DRI47,14.7,Low Fat,0.020962606,Hard Drinks,143.7128,OUT045,2002,,Tier 2,Supermarket Type1,1421.45
DRZ11,8.85,Regular,0.11264364,Soft Drinks,123.0388,OUT035,2004,Small,Tier 2,Supermarket Type1,1141.28
FDS02,10.195,Regular,0.14574596,Dairy,196.2794,OUT013,1987,High,Tier 3,Supermarket Type1,1750.73
DRD49,9.895,Low Fat,0.168514737,Soft Drinks,238.1564,OUT018,2009,Medium,Tier 3,Supermarket Type2,2095.46
FDW38,5.325,Regular,0.138895605,Dairy,52.4298,OUT049,1999,Medium,Tier 1,Supermarket Type1,1025.63
FDR21,,Low Fat,0.117195348,Snack Foods,178.037,OUT019,1985,Small,Tier 1,Grocery Store,862.23
FDE40,15.6,Regular,0.099061255,Dairy,63.7194,OUT013,1987,High,Tier 3,Supermarket Type1,848.5
FDI02,15.7,Regular,0.114797434,Canned,110.8202,OUT045,2002,,Tier 2,Supermarket Type1,1021.09
FDQ04,6.4,Low Fat,0,Frozen Foods,39.5796,OUT045,2002,,Tier 2,Supermarket Type1,704.49
FDY14,10.3,Low Fat,0.07043637,Dairy,265.3226,OUT017,2007,,Tier 2,Supermarket Type1,1946.98
NCT54,8.695,Low Fat,0.119535605,Household,96.6094,OUT046,1997,Small,Tier 1,Supermarket Type1,970.63
DRD25,6.135,Low Fat,0.079418753,Soft Drinks,111.886,OUT017,2007,,Tier 2,Supermarket Type1,1139.84
DRE01,10.1,Low Fat,0.167494193,Soft Drinks,241.8512,OUT045,2002,,Tier 2,Supermarket Type1,1840.14
FDJ12,8.895,Regular,0.065346821,Baking Goods,209.2296,OUT010,1998,,Tier 3,Grocery Store,1311.22
NCZ05,8.485,Low Fat,0.058222587,Health and Hygiene,103.799,OUT049,1999,Medium,Tier 1,Supermarket Type1,1371.89
DRB25,,Low Fat,0.121615007,Soft Drinks,108.7938,OUT019,1985,Small,Tier 1,Grocery Store,446.41
NCC31,8.02,Low Fat,0.01991076,Household,157.1972,OUT045,2002,,Tier 2,Supermarket Type1,1239.8
FDM16,8.155,Regular,0.03362345,Frozen Foods,75.5354,OUT045,2002,,Tier 2,Supermarket Type1,816.27
DRG11,6.385,Low Fat,0.083968636,Hard Drinks,105.9596,OUT049,1999,Medium,Tier 1,Supermarket Type1,1092.9
FDV24,,Low Fat,0.102772236,Baking Goods,148.705,OUT027,1985,Medium,Tier 3,Supermarket Type3,1670.88
FDV43,16,Low Fat,0.076855628,Fruits and Vegetables,44.5086,OUT046,1997,Small,Tier 1,Supermarket Type1,742.63
FDG05,11,Regular,0.088204994,Frozen Foods,155.163,OUT018,2009,Medium,Tier 3,Supermarket Type2,1583.01
FDV23,11,Low Fat,0,Breads,123.9046,OUT010,1998,,Tier 3,Grocery Store,847.48
FDI58,7.64,Regular,0.070992494,Snack Foods,92.012,OUT018,2009,Medium,Tier 3,Supermarket Type2,1301.65
FDQ11,5.695,Regular,0.06808387,Breads,257.9988,OUT017,2007,,Tier 2,Supermarket Type1,2030.58
FDC05,,Regular,0.098306217,Frozen Foods,197.4768,OUT027,1985,Medium,Tier 3,Supermarket Type3,2165.15
FDF40,20.25,reg,0.022493399,Dairy,247.8092,OUT013,1987,High,Tier 3,Supermarket Type1,1900.46
FDU02,13.35,Low Fat,0.102929093,Dairy,227.9352,OUT018,2009,Medium,Tier 3,Supermarket Type2,1807.46
FDT32,19,Regular,0.065579315,Fruits and Vegetables,186.5214,OUT013,1987,High,Tier 3,Supermarket Type1,1589.85
NCF06,6.235,Low Fat,0.020312604,Household,260.9962,OUT017,2007,,Tier 2,Supermarket Type1,1877.84
FDT46,11.35,Low Fat,0,Snack Foods,51.3008,OUT013,1987,High,Tier 3,Supermarket Type1,925.6
FDR58,6.675,Low Fat,0.070167934,Snack Foods,91.5462,OUT010,1998,,Tier 3,Grocery Store,508.08
FDY04,17.7,Regular,0.042476445,Frozen Foods,162.321,OUT046,1997,Small,Tier 1,Supermarket Type1,1476.44
FDT58,9,Low Fat,0.086129035,Snack Foods,166.8816,OUT045,2002,,Tier 2,Supermarket Type1,1468.33
FDE46,18.6,Low Fat,0.015794211,Snack Foods,152.0366,OUT049,1999,Medium,Tier 1,Supermarket Type1,1684.19
DRH11,5.98,Low Fat,0.075985352,Hard Drinks,56.0614,OUT017,2007,,Tier 2,Supermarket Type1,920.81
DRI51,17.25,Low Fat,0.04224163,Dairy,171.0764,OUT046,1997,Small,Tier 1,Supermarket Type1,1669.65
FDC35,7.435,Low Fat,0.123532514,Starchy Foods,205.6638,OUT017,2007,,Tier 2,Supermarket Type1,1384.02
FDP45,15.7,Regular,0.030619053,Snack Foods,252.4724,OUT035,2004,Small,Tier 2,Supermarket Type1,1739.94
FDC45,17,Low Fat,0,Fruits and Vegetables,169.1106,OUT017,2007,,Tier 2,Supermarket Type1,1435.11
FDU01,20.25,Regular,0.012019598,Canned,184.0924,OUT045,2002,,Tier 2,Supermarket Type1,1566.44
FDJ53,10.5,Low Fat,0.119271136,Frozen Foods,121.0098,OUT010,1998,,Tier 3,Grocery Store,621.71
FDJ46,11.1,Low Fat,0.045076978,Snack Foods,173.6054,OUT017,2007,,Tier 2,Supermarket Type1,1488.96
FDX07,19.2,Regular,0.022899739,Fruits and Vegetables,185.095,OUT013,1987,High,Tier 3,Supermarket Type1,1775.81
NCI30,20.25,Low Fat,0.059027151,Household,248.046,OUT049,1999,Medium,Tier 1,Supermarket Type1,2153.88
FDE47,,Low Fat,0.037725174,Starchy Foods,123.9046,OUT027,1985,Medium,Tier 3,Supermarket Type3,1753.02
FDV48,9.195,Regular,0,Baking Goods,78.2644,OUT045,2002,,Tier 2,Supermarket Type1,1139.82
FDN16,,Regular,0.109780112,Frozen Foods,102.599,OUT019,1985,Small,Tier 1,Grocery Store,804.99
FDM52,15.1,Low Fat,0.025971792,Frozen Foods,146.2076,OUT013,1987,High,Tier 3,Supermarket Type1,1314.47
FDA32,,Low Fat,0.02994846,Fruits and Vegetables,217.3192,OUT027,1985,Medium,Tier 3,Supermarket Type3,2020.8
FDH05,14.35,Regular,0.091427887,Frozen Foods,231.6984,OUT017,2007,,Tier 2,Supermarket Type1,1684.51
FDW25,5.175,Low Fat,0.06259818,Canned,87.1224,OUT010,1998,,Tier 3,Grocery Store,418.06
FDQ09,7.235,Low Fat,0.058132207,Snack Foods,114.0834,OUT046,1997,Small,Tier 1,Supermarket Type1,1061.78
NCM17,7.93,Low Fat,0.119066863,Health and Hygiene,45.9086,OUT010,1998,,Tier 3,Grocery Store,233.85
DRM59,5.88,Low Fat,0.003592093,Hard Drinks,154.1998,OUT046,1997,Small,Tier 1,Supermarket Type1,1396.03
FDV47,,LF,0.053945046,Breads,83.8566,OUT027,1985,Medium,Tier 3,Supermarket Type3,1487.16
DRE15,13.35,Low Fat,0.017782033,Dairy,74.2012,OUT035,2004,Small,Tier 2,Supermarket Type1,1019.55
FDS25,6.885,Regular,0.234345616,Canned,108.9228,OUT010,1998,,Tier 3,Grocery Store,617.36
NCZ05,8.485,Low Fat,0.058369013,Health and Hygiene,104.499,OUT018,2009,Medium,Tier 3,Supermarket Type2,1479.61
NCV05,,Low Fat,0.052891202,Health and Hygiene,154.7656,OUT019,1985,Small,Tier 1,Grocery Store,785.11
DRM37,15.35,Low Fat,0.096397813,Soft Drinks,196.5768,OUT046,1997,Small,Tier 1,Supermarket Type1,1432.86
FDV58,,Low Fat,0.120663214,Snack Foods,194.2452,OUT027,1985,Medium,Tier 3,Supermarket Type3,1855.25
FDN22,,Regular,0,Snack Foods,252.6724,OUT027,1985,Medium,Tier 3,Supermarket Type3,2322.2
NCO06,19.25,Low Fat,0.108198392,Household,32.4558,OUT049,1999,Medium,Tier 1,Supermarket Type1,817.88
FDT56,,Regular,0.202387387,Fruits and Vegetables,59.5246,OUT019,1985,Small,Tier 1,Grocery Store,311.74
FDM02,12.5,Regular,0.073673697,Canned,88.1198,OUT013,1987,High,Tier 3,Supermarket Type1,1161.85
FDA09,13.35,Regular,0.149366403,Snack Foods,180.566,OUT046,1997,Small,Tier 1,Supermarket Type1,1505.13
NCC06,19,Low Fat,0.026981264,Household,126.5336,OUT035,2004,Small,Tier 2,Supermarket Type1,1344.65
NCL54,12.6,Low Fat,0.082882475,Household,176.1054,OUT049,1999,Medium,Tier 1,Supermarket Type1,1769.19
NCB55,15.7,Low Fat,0.161571797,Household,59.2562,OUT017,2007,,Tier 2,Supermarket Type1,984.39
FDB12,11.15,Regular,0.105903322,Baking Goods,105.1648,OUT017,2007,,Tier 2,Supermarket Type1,891.14
NCA54,16.5,Low Fat,0.036698564,Household,178.9318,OUT049,1999,Medium,Tier 1,Supermarket Type1,1563.6
NCS38,8.6,Low Fat,0.090331655,Household,115.8176,OUT049,1999,Medium,Tier 1,Supermarket Type1,1149.9
FDC02,21.35,Low Fat,0.068929478,Canned,259.6278,OUT049,1999,Medium,Tier 1,Supermarket Type1,2086.37
FDK44,,Low Fat,0.214004545,Fruits and Vegetables,173.6738,OUT019,1985,Small,Tier 1,Grocery Store,898.1
FDE16,8.895,Low Fat,0.026338733,Frozen Foods,207.2954,OUT035,2004,Small,Tier 2,Supermarket Type1,1613.68
NCS05,11.5,Low Fat,0.020974105,Health and Hygiene,132.3942,OUT035,2004,Small,Tier 2,Supermarket Type1,1261.79
FDZ59,6.63,Regular,0.104232541,Baking Goods,166.75,OUT045,2002,,Tier 2,Supermarket Type1,1458.73
FDI20,19.1,Low Fat,0.038781892,Fruits and Vegetables,212.8586,OUT017,2007,,Tier 2,Supermarket Type1,1895.52
FDQ14,9.27,Low Fat,0.06178729,Dairy,150.805,OUT046,1997,Small,Tier 1,Supermarket Type1,1471.71
FDF53,20.75,Regular,0.084079477,Frozen Foods,181.2318,OUT017,2007,,Tier 2,Supermarket Type1,1766.35
FDW25,5.175,Low Fat,0.037610496,Canned,85.0224,OUT017,2007,,Tier 2,Supermarket Type1,806
NCQ43,17.75,Low Fat,0.186296103,Others,108.1912,OUT010,1998,,Tier 3,Grocery Store,454.64
FDX52,11.5,Regular,0.041967613,Frozen Foods,192.282,OUT013,1987,High,Tier 3,Supermarket Type1,1620.28
FDE28,9.5,Regular,0.132815802,Frozen Foods,228.3668,OUT045,2002,,Tier 2,Supermarket Type1,1649.98
FDN15,17.5,Low Fat,0.016828712,Meat,138.418,OUT017,2007,,Tier 2,Supermarket Type1,1352.65
FDO28,5.765,LF,0.072707309,Frozen Foods,119.3098,OUT017,2007,,Tier 2,Supermarket Type1,1152.12
FDQ33,13.35,Low Fat,0.091392132,Snack Foods,151.1708,OUT045,2002,,Tier 2,Supermarket Type1,1400.64
FDM22,14,Regular,0.070228698,Snack Foods,54.264,OUT010,1998,,Tier 3,Grocery Store,458.25
FDJ03,12.35,Regular,0.072804407,Dairy,48.5692,OUT017,2007,,Tier 2,Supermarket Type1,920.06
FDI16,14,Regular,0.136051058,Frozen Foods,53.564,OUT045,2002,,Tier 2,Supermarket Type1,939.16
FDI09,,Regular,0.128711271,Seafood,240.488,OUT027,1985,Medium,Tier 3,Supermarket Type3,2009.34
FDX55,15.1,Low Fat,0.055159959,Fruits and Vegetables,217.8166,OUT013,1987,High,Tier 3,Supermarket Type1,1706.05
FDS23,,Low Fat,0.140206849,Breads,128.1994,OUT027,1985,Medium,Tier 3,Supermarket Type3,1455.41
DRC12,17.85,Low Fat,0.037903586,Soft Drinks,191.7188,OUT045,2002,,Tier 2,Supermarket Type1,1561.29
FDH41,9,Low Fat,0,Frozen Foods,215.8534,OUT049,1999,Medium,Tier 1,Supermarket Type1,1833.19
FDN01,8.895,Low Fat,0.072338526,Breakfast,174.837,OUT013,1987,High,Tier 3,Supermarket Type1,1558.76
FDV55,17.75,Low Fat,0.05518512,Fruits and Vegetables,143.7444,OUT045,2002,,Tier 2,Supermarket Type1,1392.18
NCJ19,18.6,Low Fat,0.118081664,Others,56.3588,OUT013,1987,High,Tier 3,Supermarket Type1,1007.9
NCY29,13.65,LF,0.129274071,Health and Hygiene,55.993,OUT010,1998,,Tier 3,Grocery Store,418.16
FDP03,5.15,Regular,0.061426289,Meat,122.7388,OUT018,2009,Medium,Tier 3,Supermarket Type2,1503.83
FDZ52,19.2,Low Fat,0.100277478,Frozen Foods,110.4886,OUT045,2002,,Tier 2,Supermarket Type1,1326.84
FDH31,12,Regular,0,Meat,101.2042,OUT010,1998,,Tier 3,Grocery Store,481.62
FDQ19,7.35,Regular,0.014423645,Fruits and Vegetables,241.3512,OUT018,2009,Medium,Tier 3,Supermarket Type2,1923.9
FDS15,9.195,Regular,0.07804584,Meat,105.8596,OUT035,2004,Small,Tier 2,Supermarket Type1,881.35
FDN32,17.5,Low Fat,0.015648384,Fruits and Vegetables,182.5266,OUT017,2007,,Tier 2,Supermarket Type1,1534.31
FDH32,12.8,Low Fat,0.07617829,Fruits and Vegetables,98.541,OUT049,1999,Medium,Tier 1,Supermarket Type1,1152.02
FDF33,7.97,Low Fat,0.021657301,Seafood,109.5596,OUT017,2007,,Tier 2,Supermarket Type1,1134.88
FDJ22,18.75,Low Fat,0.052810244,Snack Foods,190.3504,OUT046,1997,Small,Tier 1,Supermarket Type1,1633.65
FDG56,13.3,Regular,0.119596939,Fruits and Vegetables,62.4536,OUT010,1998,,Tier 3,Grocery Store,428.96
FDC05,13.1,Regular,0.098784586,Frozen Foods,195.8768,OUT046,1997,Small,Tier 1,Supermarket Type1,1657.12
FDK09,15.2,Low Fat,0.091686939,Snack Foods,227.4352,OUT013,1987,High,Tier 3,Supermarket Type1,2028.78
NCV29,11.8,Low Fat,0.022889828,Health and Hygiene,176.6686,OUT045,2002,,Tier 2,Supermarket Type1,1714.68
NCC43,,Low Fat,0.162450872,Household,250.5066,OUT019,1985,Small,Tier 1,Grocery Store,1206.08
NCA42,6.965,Low Fat,0.028592968,Household,156.7604,OUT049,1999,Medium,Tier 1,Supermarket Type1,1369.2
FDC10,9.8,Regular,0.072877673,Snack Foods,118.5098,OUT046,1997,Small,Tier 1,Supermarket Type1,1015.81
FDC16,11.5,Regular,0.020552693,Dairy,87.654,OUT013,1987,High,Tier 3,Supermarket Type1,1082.1
NCL17,7.39,Low Fat,0.067723308,Health and Hygiene,140.6812,OUT013,1987,High,Tier 3,Supermarket Type1,1339.53
FDA51,8.05,Regular,0.164648458,Dairy,114.3518,OUT035,2004,Small,Tier 2,Supermarket Type1,959.1
FDW01,14.5,Low Fat,0.06442287,Canned,152.4682,OUT017,2007,,Tier 2,Supermarket Type1,1421.09
NCF30,17,Low Fat,0.126500085,Household,127.8362,OUT045,2002,,Tier 2,Supermarket Type1,1284.25
FDN49,17.25,Regular,0.125120258,Breakfast,41.848,OUT013,1987,High,Tier 3,Supermarket Type1,961.31
FDY20,12.5,Regular,0.081918557,Fruits and Vegetables,89.8488,OUT045,2002,,Tier 2,Supermarket Type1,1157.94
FDC15,18.1,Low Fat,0.178329981,Dairy,156.5288,OUT045,2002,,Tier 2,Supermarket Type1,1514.11
FDY24,4.88,Regular,0.133493205,Baking Goods,53.3298,OUT046,1997,Small,Tier 1,Supermarket Type1,500.33
NCG43,20.2,Low Fat,0,Household,94.4462,OUT017,2007,,Tier 2,Supermarket Type1,1020.85
FDA48,12.1,Low Fat,0.114778465,Baking Goods,223.0114,OUT013,1987,High,Tier 3,Supermarket Type1,1714.96
NCF55,6.675,Low Fat,0.021788889,Household,36.7874,OUT017,2007,,Tier 2,Supermarket Type1,663.45
FDL38,13.8,Regular,0.014756014,Canned,89.7172,OUT049,1999,Medium,Tier 1,Supermarket Type1,1177.76
NCQ29,12,Low Fat,0.104654725,Health and Hygiene,258.7278,OUT018,2009,Medium,Tier 3,Supermarket Type2,2130.81
FDC34,16,Regular,0.173736289,Snack Foods,156.7972,OUT017,2007,,Tier 2,Supermarket Type1,1363.02
FDP36,,Regular,0,Baking Goods,51.9008,OUT027,1985,Medium,Tier 3,Supermarket Type3,1364.95
FDN50,16.85,Regular,0,Canned,93.712,OUT010,1998,,Tier 3,Grocery Store,782.37
FDO23,17.85,Low Fat,0.146655006,Breads,94.4436,OUT049,1999,Medium,Tier 1,Supermarket Type1,1298.4
FDT56,16,Regular,0.115496216,Fruits and Vegetables,58.2246,OUT013,1987,High,Tier 3,Supermarket Type1,1131.29
FDT13,,Low Fat,0.018481707,Canned,188.5214,OUT027,1985,Medium,Tier 3,Supermarket Type3,1846.73
FDZ03,13.65,Regular,0.07872111,Dairy,187.624,OUT013,1987,High,Tier 3,Supermarket Type1,1532.63
FDQ03,15,Regular,0.13057987,Meat,235.4248,OUT010,1998,,Tier 3,Grocery Store,1215.31
FDU44,12.15,reg,0.058544215,Fruits and Vegetables,161.5552,OUT045,2002,,Tier 2,Supermarket Type1,1360.91
FDD03,13.3,Low Fat,0.079930344,Dairy,231.03,OUT049,1999,Medium,Tier 1,Supermarket Type1,1898.83
NCH30,17.1,Low Fat,0.067098169,Household,112.286,OUT013,1987,High,Tier 3,Supermarket Type1,1300.88
FDS60,20.85,Low Fat,0.054312176,Baking Goods,179.766,OUT010,1998,,Tier 3,Grocery Store,1166.78
FDG08,13.15,Regular,0.165359325,Fruits and Vegetables,171.6764,OUT046,1997,Small,Tier 1,Supermarket Type1,1445.45
FDX38,10.5,Regular,0.048479695,Dairy,47.5376,OUT017,2007,,Tier 2,Supermarket Type1,916.33
FDD22,10,Low Fat,0.100213353,Snack Foods,113.5544,OUT017,2007,,Tier 2,Supermarket Type1,1266.36
FDW51,6.155,Regular,0.094581098,Meat,211.456,OUT013,1987,High,Tier 3,Supermarket Type1,1929.97
FDL09,19.6,Regular,0.128760294,Snack Foods,169.4816,OUT017,2007,,Tier 2,Supermarket Type1,1288.46
FDZ60,20.5,Low Fat,0.11960388,Baking Goods,107.9596,OUT045,2002,,Tier 2,Supermarket Type1,1001.63
NCH07,13.15,Low Fat,0.092667032,Household,159.1604,OUT046,1997,Small,Tier 1,Supermarket Type1,1263.03
NCQ41,14.8,Low Fat,0.019510678,Health and Hygiene,196.9794,OUT049,1999,Medium,Tier 1,Supermarket Type1,1745.43
FDW04,8.985,Regular,0.057917007,Frozen Foods,128.131,OUT049,1999,Medium,Tier 1,Supermarket Type1,1328.49
FDI08,,reg,0.065976009,Fruits and Vegetables,249.0092,OUT027,1985,Medium,Tier 3,Supermarket Type3,2327.67
FDR19,,Regular,0.279650277,Fruits and Vegetables,147.3102,OUT019,1985,Small,Tier 1,Grocery Store,773.02
FDV13,17.35,reg,0.027610867,Canned,86.0856,OUT046,1997,Small,Tier 1,Supermarket Type1,1134.07
FDB52,17.75,Low Fat,0.030607757,Dairy,256.6672,OUT017,2007,,Tier 2,Supermarket Type1,2139.37
FDZ48,,Low Fat,0.075591785,Baking Goods,111.6544,OUT027,1985,Medium,Tier 3,Supermarket Type3,1711.57
NCO14,9.6,Low Fat,0.029689961,Household,45.7086,OUT049,1999,Medium,Tier 1,Supermarket Type1,725.88
FDZ50,12.8,Regular,0.079010526,Dairy,184.5608,OUT013,1987,High,Tier 3,Supermarket Type1,1484.57
FDN27,,LF,0.069268825,Meat,116.9808,OUT019,1985,Small,Tier 1,Grocery Store,616.55
FDQ60,6.195,Regular,0.109283423,Baking Goods,121.9098,OUT013,1987,High,Tier 3,Supermarket Type1,1140.51
FDR49,8.71,Low Fat,0.140015944,Canned,46.3376,OUT017,2007,,Tier 2,Supermarket Type1,641.81
DRJ35,,Low Fat,0.046358964,Hard Drinks,62.3878,OUT027,1985,Medium,Tier 3,Supermarket Type3,1287.91
DRI49,14.15,Low Fat,0.184545287,Soft Drinks,82.1276,OUT017,2007,,Tier 2,Supermarket Type1,910.66
FDB47,8.8,Low Fat,0.071833423,Snack Foods,210.0612,OUT017,2007,,Tier 2,Supermarket Type1,1715.29
FDP37,15.6,LF,0.239530025,Breakfast,126.4994,OUT010,1998,,Tier 3,Grocery Store,719.37
FDR26,20.7,Low Fat,0.042903378,Dairy,176.2028,OUT049,1999,Medium,Tier 1,Supermarket Type1,1842.4
FDY31,,Low Fat,0.076272929,Fruits and Vegetables,145.7418,OUT019,1985,Small,Tier 1,Grocery Store,1064.43
FDC11,20.5,Low Fat,0.1420804,Starchy Foods,89.5172,OUT045,2002,,Tier 2,Supermarket Type1,817.97
DRP47,15.75,Low Fat,0,Hard Drinks,250.4382,OUT035,2004,Small,Tier 2,Supermarket Type1,1754.66
NCY54,8.43,Low Fat,0.1784187,Household,171.1422,OUT018,2009,Medium,Tier 3,Supermarket Type2,1433.72
FDR27,15.1,Regular,0.096100432,Meat,132.4942,OUT046,1997,Small,Tier 1,Supermarket Type1,1138.93
FDQ21,,Low Fat,0.034007573,Snack Foods,122.8756,OUT019,1985,Small,Tier 1,Grocery Store,760.71
NCQ29,12,Low Fat,0.104210426,Health and Hygiene,262.0278,OUT035,2004,Small,Tier 2,Supermarket Type1,1846.36
FDJ02,17.2,Regular,0,Canned,147.0418,OUT046,1997,Small,Tier 1,Supermarket Type1,1431.13
FDE21,12.8,Low Fat,0.023038155,Fruits and Vegetables,114.1492,OUT018,2009,Medium,Tier 3,Supermarket Type2,1475.69
FDM39,6.42,Low Fat,0.053470662,Dairy,178.2002,OUT046,1997,Small,Tier 1,Supermarket Type1,1552.92
FDZ01,8.975,Regular,0.009110086,Canned,101.799,OUT017,2007,,Tier 2,Supermarket Type1,1257.52
NCB19,6.525,Low Fat,0.090663534,Household,86.1882,OUT018,2009,Medium,Tier 3,Supermarket Type2,1328.11
FDU03,18.7,Regular,0.091577922,Meat,181.7292,OUT046,1997,Small,Tier 1,Supermarket Type1,1333.99
FDP27,8.155,Low Fat,0.119636353,Meat,187.853,OUT049,1999,Medium,Tier 1,Supermarket Type1,1465.6
DRF01,5.655,Low Fat,0.175435278,Soft Drinks,145.4102,OUT045,2002,,Tier 2,Supermarket Type1,1071.45
FDM03,12.65,Low Fat,0.123222078,Meat,107.6938,OUT049,1999,Medium,Tier 1,Supermarket Type1,1126.97
FDV01,19.2,Regular,0.084950573,Canned,155.7314,OUT046,1997,Small,Tier 1,Supermarket Type1,1348.47
FDS16,15.15,Regular,0.066176944,Frozen Foods,146.076,OUT046,1997,Small,Tier 1,Supermarket Type1,1320.91
FDO45,13.15,Regular,0.0379456,Snack Foods,89.1856,OUT035,2004,Small,Tier 2,Supermarket Type1,1006.42
NCX06,17.6,Low Fat,0.015684078,Household,180.8976,OUT035,2004,Small,Tier 2,Supermarket Type1,1599.02
FDP13,8.1,Regular,0.134323555,Canned,38.948,OUT046,1997,Small,Tier 1,Supermarket Type1,732.02
NCR38,17.25,Low Fat,0.113980892,Household,252.4724,OUT018,2009,Medium,Tier 3,Supermarket Type2,2265.77
FDA01,15,Regular,0.054333001,Canned,57.5904,OUT013,1987,High,Tier 3,Supermarket Type1,1168.85
FDT26,18.85,Regular,0.068337879,Dairy,118.044,OUT017,2007,,Tier 2,Supermarket Type1,1041.69
FDD44,,Regular,0.078020807,Fruits and Vegetables,258.3646,OUT027,1985,Medium,Tier 3,Supermarket Type3,2207.29
FDB26,14,Regular,0.031241476,Canned,53.864,OUT013,1987,High,Tier 3,Supermarket Type1,872.13
FDP45,,Regular,0.053620148,Snack Foods,250.4724,OUT019,1985,Small,Tier 1,Grocery Store,1419.84
NCP55,14.65,Low Fat,0.011190025,Others,56.5614,OUT046,1997,Small,Tier 1,Supermarket Type1,843.57
FDT23,7.72,Regular,0.075154189,Breads,77.7986,OUT017,2007,,Tier 2,Supermarket Type1,921.29
FDO51,6.785,Regular,0.042067625,Meat,41.4112,OUT045,2002,,Tier 2,Supermarket Type1,781.4
FDA44,19.7,Low Fat,0.053222716,Fruits and Vegetables,57.293,OUT046,1997,Small,Tier 1,Supermarket Type1,956.11
NCJ31,19.2,Low Fat,0.183397827,Others,239.9196,OUT018,2009,Medium,Tier 3,Supermarket Type2,2116.9
FDX37,16.2,LF,0.063157164,Canned,99.47,OUT045,2002,,Tier 2,Supermarket Type1,1258.64
NCD18,16,Low Fat,0,Household,229.3668,OUT049,1999,Medium,Tier 1,Supermarket Type1,2195.52
FDN40,,Low Fat,0.086038118,Frozen Foods,154.0998,OUT027,1985,Medium,Tier 3,Supermarket Type3,1595.61
FDL33,7.235,Low Fat,0.100527952,Snack Foods,194.9452,OUT017,2007,,Tier 2,Supermarket Type1,1397.37
DRF48,5.73,Low Fat,0.051791671,Soft Drinks,188.4898,OUT035,2004,Small,Tier 2,Supermarket Type1,1352.19
FDW08,12.1,Low Fat,0.148353512,Fruits and Vegetables,105.128,OUT035,2004,Small,Tier 2,Supermarket Type1,888.39
FDX39,14.3,Regular,0.049878516,Meat,212.9586,OUT018,2009,Medium,Tier 3,Supermarket Type2,1912.48
FDB38,19.5,Regular,0,Canned,161.392,OUT049,1999,Medium,Tier 1,Supermarket Type1,1667.16
FDY46,18.6,LF,0.048085022,Snack Foods,186.0898,OUT018,2009,Medium,Tier 3,Supermarket Type2,1870.42
NCB06,17.6,Low Fat,0.082460079,Health and Hygiene,158.492,OUT049,1999,Medium,Tier 1,Supermarket Type1,1637.69
FDA34,11.5,Low Fat,0.014857747,Starchy Foods,172.808,OUT035,2004,Small,Tier 2,Supermarket Type1,1561.57
FDA35,14.85,Regular,0.053946745,Baking Goods,120.5072,OUT045,2002,,Tier 2,Supermarket Type1,1379.19
FDQ07,15.1,Regular,0.087390335,Fruits and Vegetables,219.1456,OUT035,2004,Small,Tier 2,Supermarket Type1,1850.35
FDU32,8.785,Low Fat,0.026020287,Fruits and Vegetables,122.1414,OUT045,2002,,Tier 2,Supermarket Type1,1043.85
FDU26,16.7,Regular,0.04258349,Dairy,121.1782,OUT013,1987,High,Tier 3,Supermarket Type1,1226.05
FDU13,8.355,Low Fat,0.313934693,Canned,146.5418,OUT010,1998,,Tier 3,Grocery Store,519.92
FDO09,13.5,Regular,0.125250986,Snack Foods,263.691,OUT035,2004,Small,Tier 2,Supermarket Type1,1797.07
FDW03,,Regular,0.042968607,Meat,102.8306,OUT019,1985,Small,Tier 1,Grocery Store,666.4
FDB38,19.5,Regular,0.027323943,Canned,160.592,OUT013,1987,High,Tier 3,Supermarket Type1,1624.16
FDL26,18,Low Fat,0.122509775,Canned,154.8972,OUT010,1998,,Tier 3,Grocery Store,953.68
NCN43,12.15,Low Fat,0.006773451,Others,123.673,OUT045,2002,,Tier 2,Supermarket Type1,1352.16
FDH08,7.51,Low Fat,0.017464427,Fruits and Vegetables,231.201,OUT045,2002,,Tier 2,Supermarket Type1,1938.46
NCC31,,Low Fat,0.034790615,Household,157.5972,OUT019,1985,Small,Tier 1,Grocery Store,1159.97
FDH14,17.1,Regular,0.046799702,Canned,139.5838,OUT035,2004,Small,Tier 2,Supermarket Type1,1068.29
FDL40,17.7,low fat,0,Frozen Foods,98.441,OUT017,2007,,Tier 2,Supermarket Type1,1005.33
FDD20,14.15,Low Fat,0.020710606,Fruits and Vegetables,122.9046,OUT035,2004,Small,Tier 2,Supermarket Type1,1053.39
NCV53,8.27,Low Fat,0.018810044,Health and Hygiene,240.488,OUT035,2004,Small,Tier 2,Supermarket Type1,1697.64
FDD16,20.5,Low Fat,0.036426823,Frozen Foods,73.4696,OUT045,2002,,Tier 2,Supermarket Type1,965.8
FDP24,20.6,Low Fat,0.082988383,Baking Goods,120.0756,OUT035,2004,Small,Tier 2,Supermarket Type1,1137.93
FDQ25,8.63,Regular,0.028334038,Canned,172.9422,OUT045,2002,,Tier 2,Supermarket Type1,1511.09
FDM38,5.885,Regular,0.092753767,Canned,52.9982,OUT035,2004,Small,Tier 2,Supermarket Type1,731.21
NCT18,14.6,Low Fat,0.099432046,Household,179.5976,OUT010,1998,,Tier 3,Grocery Store,1129.5
FDM34,19,Low Fat,0.067552435,Snack Foods,132.5626,OUT049,1999,Medium,Tier 1,Supermarket Type1,1567.3
DRH37,17.6,Low Fat,0.06965725,Soft Drinks,166.4526,OUT010,1998,,Tier 3,Grocery Store,1179
NCE07,8.18,Low Fat,0.013119104,Household,143.4154,OUT013,1987,High,Tier 3,Supermarket Type1,1253.24
FDG12,6.635,Regular,0.006320842,Baking Goods,118.9098,OUT013,1987,High,Tier 3,Supermarket Type1,1150.76
FDB59,18.25,Low Fat,0.025573744,Snack Foods,198.4084,OUT010,1998,,Tier 3,Grocery Store,1108.98
FDS10,19.2,Low Fat,0,Snack Foods,179.1318,OUT018,2009,Medium,Tier 3,Supermarket Type2,1749.62
FDN21,18.6,Low Fat,0,Snack Foods,161.5236,OUT010,1998,,Tier 3,Grocery Store,1005.58
FDM02,12.5,reg,0.073884594,Canned,88.4198,OUT045,2002,,Tier 2,Supermarket Type1,1001.31
FDO44,12.6,Low Fat,0.087589175,Fruits and Vegetables,112.3228,OUT049,1999,Medium,Tier 1,Supermarket Type1,1288.15
NCN17,11,Low Fat,0.055249787,Health and Hygiene,102.3358,OUT017,2007,,Tier 2,Supermarket Type1,1158.12
FDH16,10.5,Low Fat,0.052769434,Frozen Foods,91.883,OUT018,2009,Medium,Tier 3,Supermarket Type2,1346.36
FDL44,18.25,Low Fat,0.012275118,Fruits and Vegetables,160.3894,OUT046,1997,Small,Tier 1,Supermarket Type1,1610.84
FDY47,8.6,Regular,0.054792647,Breads,128.231,OUT017,2007,,Tier 2,Supermarket Type1,1395.16
DRI39,13.8,Low Fat,0.097062093,Dairy,54.993,OUT046,1997,Small,Tier 1,Supermarket Type1,596.71
NCX54,9.195,Low Fat,0.048255647,Household,104.3622,OUT018,2009,Medium,Tier 3,Supermarket Type2,1156.93
FDE59,12.15,Low Fat,0.062287818,Starchy Foods,36.2532,OUT046,1997,Small,Tier 1,Supermarket Type1,587.38
FDO46,9.6,Regular,0.014241321,Snack Foods,188.6872,OUT045,2002,,Tier 2,Supermarket Type1,1518.16
DRE13,6.28,Low Fat,0.027705102,Soft Drinks,88.0198,OUT046,1997,Small,Tier 1,Supermarket Type1,936.13
FDW14,8.3,Regular,0.038179738,Dairy,88.7198,OUT013,1987,High,Tier 3,Supermarket Type1,1121.7
FDF35,15,Low Fat,0.153989327,Starchy Foods,107.7938,OUT046,1997,Small,Tier 1,Supermarket Type1,1066.28
FDO50,,Low Fat,0.136863372,Canned,90.3804,OUT019,1985,Small,Tier 1,Grocery Store,605.42
DRF49,7.27,Low Fat,0.071479984,Soft Drinks,114.9518,OUT017,2007,,Tier 2,Supermarket Type1,1229.79
FDT60,12,low fat,0.075665767,Baking Goods,125.8388,OUT049,1999,Medium,Tier 1,Supermarket Type1,1486.01
FDP38,10.1,Low Fat,0.032167198,Canned,48.7008,OUT045,2002,,Tier 2,Supermarket Type1,994.6
FDA31,,Low Fat,0.10947895,Fruits and Vegetables,172.608,OUT027,1985,Medium,Tier 3,Supermarket Type3,1669.31
FDY52,6.365,Low Fat,0.012299525,Frozen Foods,62.5536,OUT010,1998,,Tier 3,Grocery Store,265.53
FDD03,,Low Fat,0.079419801,Dairy,231.93,OUT027,1985,Medium,Tier 3,Supermarket Type3,2096.64
FDN52,9.395,Regular,0.132105843,Frozen Foods,85.3198,OUT018,2009,Medium,Tier 3,Supermarket Type2,1058.13
FDU20,19.35,Regular,0.035915541,Fruits and Vegetables,119.6098,OUT010,1998,,Tier 3,Grocery Store,759.98
FDD22,10,Low Fat,0.099630851,Snack Foods,110.0544,OUT035,2004,Small,Tier 2,Supermarket Type1,1011.63
NCB55,,Low Fat,0.281300211,Household,58.4562,OUT019,1985,Small,Tier 1,Grocery Store,268.84
FDN27,20.85,Low Fat,0.03964273,Meat,118.9808,OUT045,2002,,Tier 2,Supermarket Type1,1344.67
FDD16,20.5,Low Fat,0.036322846,Frozen Foods,76.5696,OUT013,1987,High,Tier 3,Supermarket Type1,1258.94
FDW48,18,Low Fat,0.008540823,Baking Goods,78.9618,OUT046,1997,Small,Tier 1,Supermarket Type1,1176.6
DRN35,8.01,Low Fat,0.070390053,Hard Drinks,35.0532,OUT045,2002,,Tier 2,Supermarket Type1,876.51
FDX25,16.7,Low Fat,0.102214447,Canned,180.7292,OUT049,1999,Medium,Tier 1,Supermarket Type1,1475.92
DRD49,9.895,Low Fat,0.168091997,Soft Drinks,236.4564,OUT049,1999,Medium,Tier 1,Supermarket Type1,1712.49
FDE21,,Low Fat,0.040173186,Fruits and Vegetables,114.2492,OUT019,1985,Small,Tier 1,Grocery Store,650.71
FDN44,13.15,Low Fat,0.022791301,Fruits and Vegetables,158.692,OUT035,2004,Small,Tier 2,Supermarket Type1,1302.34
DRC01,5.92,Regular,0.019229854,Soft Drinks,47.5692,OUT049,1999,Medium,Tier 1,Supermarket Type1,890.76
NCK30,14.85,Low Fat,0.060978568,Household,252.3698,OUT046,1997,Small,Tier 1,Supermarket Type1,1919.1
FDU39,18.85,Low Fat,0.036007962,Meat,58.7562,OUT013,1987,High,Tier 3,Supermarket Type1,1081.7
FDB49,8.3,Regular,0.03012626,Baking Goods,98.7384,OUT013,1987,High,Tier 3,Supermarket Type1,1270.05
FDS12,9.1,Low Fat,0.174471667,Baking Goods,125.8362,OUT045,2002,,Tier 2,Supermarket Type1,1221.77
FDR57,5.675,Regular,0.023592684,Snack Foods,156.8288,OUT018,2009,Medium,Tier 3,Supermarket Type2,1751.05
FDX22,,Regular,0.022863556,Snack Foods,208.9928,OUT027,1985,Medium,Tier 3,Supermarket Type3,2323.38
FDC60,5.425,Regular,0.114377142,Baking Goods,90.3514,OUT013,1987,High,Tier 3,Supermarket Type1,874.97
NCE42,21.1,Low Fat,0.010618776,Household,232.5958,OUT049,1999,Medium,Tier 1,Supermarket Type1,1917.42
NCK42,7.475,Low Fat,0.013140426,Household,216.2192,OUT049,1999,Medium,Tier 1,Supermarket Type1,1766.7
DRE01,10.1,Low Fat,0.168100696,Soft Drinks,242.8512,OUT017,2007,,Tier 2,Supermarket Type1,1699.09
FDE57,9.6,Low Fat,0.036432936,Fruits and Vegetables,141.2154,OUT018,2009,Medium,Tier 3,Supermarket Type2,1502.1
DRK59,,Low Fat,0,Hard Drinks,234.1616,OUT019,1985,Small,Tier 1,Grocery Store,1463.39
FDB10,,Low Fat,0.066882664,Snack Foods,235.559,OUT027,1985,Medium,Tier 3,Supermarket Type3,2287.88
FDQ25,8.63,Regular,0.028276692,Canned,173.6422,OUT046,1997,Small,Tier 1,Supermarket Type1,1551.99
FDY26,20.6,Regular,0.030683106,Dairy,210.3244,OUT017,2007,,Tier 2,Supermarket Type1,1902.37
FDG28,9.285,Regular,0.04935691,Frozen Foods,243.6144,OUT049,1999,Medium,Tier 1,Supermarket Type1,2156.45
FDM14,13.8,Low Fat,0.01328459,Canned,108.4254,OUT049,1999,Medium,Tier 1,Supermarket Type1,1112.98
NCH29,5.51,LF,0.034527402,Health and Hygiene,98.7726,OUT049,1999,Medium,Tier 1,Supermarket Type1,1019.74
FDD48,10.395,Low Fat,0.030205578,Baking Goods,114.9176,OUT049,1999,Medium,Tier 1,Supermarket Type1,1183.63
FDC17,12.15,Low Fat,0.015492081,Frozen Foods,210.3928,OUT045,2002,,Tier 2,Supermarket Type1,1641.27
DRH49,,Low Fat,0,Soft Drinks,82.3592,OUT027,1985,Medium,Tier 3,Supermarket Type3,1400.48
FDN44,13.15,Low Fat,0.022888471,Fruits and Vegetables,160.292,OUT018,2009,Medium,Tier 3,Supermarket Type2,1650.06
FDC29,8.39,Regular,0.02425475,Frozen Foods,114.0176,OUT045,2002,,Tier 2,Supermarket Type1,1188
DRK01,,Low Fat,0.106915719,Soft Drinks,93.4436,OUT019,1985,Small,Tier 1,Grocery Store,636.22
FDD48,10.395,LF,0.030329279,Baking Goods,114.2176,OUT017,2007,,Tier 2,Supermarket Type1,1271.67
FDB59,18.25,LF,0,Snack Foods,198.9084,OUT013,1987,High,Tier 3,Supermarket Type1,1966.75
FDY45,17.5,Low Fat,0.043756539,Snack Foods,252.9356,OUT010,1998,,Tier 3,Grocery Store,1676.26
FDX60,14.35,Low Fat,0.080578893,Baking Goods,77.996,OUT035,2004,Small,Tier 2,Supermarket Type1,684.91
FDT09,15.15,Regular,0.020526251,Snack Foods,131.5284,OUT010,1998,,Tier 3,Grocery Store,685.98
DRB24,8.785,Low Fat,0.020661048,Soft Drinks,153.5656,OUT018,2009,Medium,Tier 3,Supermarket Type2,1479.51
FDL13,13.85,Regular,0.056307919,Breakfast,231.83,OUT035,2004,Small,Tier 2,Supermarket Type1,1660.34
FDN16,12.6,Regular,0.062688433,Frozen Foods,102.599,OUT035,2004,Small,Tier 2,Supermarket Type1,972.07
FDK57,10.195,Low Fat,0.080226072,Snack Foods,121.244,OUT013,1987,High,Tier 3,Supermarket Type1,1269
FDO22,,Regular,0.017772986,Snack Foods,80.296,OUT027,1985,Medium,Tier 3,Supermarket Type3,1453.13
FDC57,20.1,Regular,0.091380052,Fruits and Vegetables,194.482,OUT010,1998,,Tier 3,Grocery Store,1225.11
FDZ13,,Regular,0.152751673,Canned,49.535,OUT027,1985,Medium,Tier 3,Supermarket Type3,1236.47
FDW27,5.86,Regular,0.150727772,Meat,154.9314,OUT013,1987,High,Tier 3,Supermarket Type1,1508.49
FDX10,6.385,Regular,0,Snack Foods,36.3874,OUT049,1999,Medium,Tier 1,Supermarket Type1,1052.83
FDY08,9.395,Regular,0.171772109,Fruits and Vegetables,140.4838,OUT018,2009,Medium,Tier 3,Supermarket Type2,1207.83
FDA49,19.7,LF,0.065288988,Canned,86.1198,OUT017,2007,,Tier 2,Supermarket Type1,903.8
FDC32,18.35,Low Fat,0.099512729,Fruits and Vegetables,94.4462,OUT018,2009,Medium,Tier 3,Supermarket Type2,1156.34
FDO04,16.6,LF,0.026532188,Frozen Foods,53.5614,OUT035,2004,Small,Tier 2,Supermarket Type1,731.91
NCZ54,14.65,Low Fat,0.083290021,Household,160.4552,OUT013,1987,High,Tier 3,Supermarket Type1,1482.09
FDY40,15.5,Regular,0,Frozen Foods,47.7692,OUT045,2002,,Tier 2,Supermarket Type1,870.23
FDW36,11.15,Low Fat,0.057048102,Baking Goods,107.4622,OUT045,2002,,Tier 2,Supermarket Type1,1153.75
FDE11,17.7,Regular,0.135860131,Starchy Foods,183.4924,OUT017,2007,,Tier 2,Supermarket Type1,1583.83
DRE37,13.5,Low Fat,0.094410673,Soft Drinks,189.0872,OUT045,2002,,Tier 2,Supermarket Type1,1659.51
NCK19,9.8,Low Fat,0.09097735,Others,193.1478,OUT017,2007,,Tier 2,Supermarket Type1,1696.03
FDT19,7.59,Regular,0.145013434,Fruits and Vegetables,174.908,OUT035,2004,Small,Tier 2,Supermarket Type1,1488.61
FDE56,17.25,Regular,0.159518279,Fruits and Vegetables,61.5194,OUT045,2002,,Tier 2,Supermarket Type1,635.54
FDZ57,10,Regular,0.063209707,Snack Foods,126.6994,OUT010,1998,,Tier 3,Grocery Store,596.96
FDB35,12.3,Regular,0.064606757,Starchy Foods,93.0804,OUT035,2004,Small,Tier 2,Supermarket Type1,853.9
FDF09,6.215,Low Fat,0.020334777,Fruits and Vegetables,35.3848,OUT010,1998,,Tier 3,Grocery Store,180.82
FDO34,17.7,Low Fat,0.029938936,Snack Foods,168.7816,OUT046,1997,Small,Tier 1,Supermarket Type1,1463.25
FDA55,17.2,Regular,0.056989027,Fruits and Vegetables,225.3088,OUT046,1997,Small,Tier 1,Supermarket Type1,1783.31
NCM18,13,Low Fat,0.082826206,Household,60.8194,OUT035,2004,Small,Tier 2,Supermarket Type1,812.96
FDJ20,,Regular,0.175393386,Fruits and Vegetables,122.9388,OUT019,1985,Small,Tier 1,Grocery Store,754.81
DRQ35,,Low Fat,0.074046871,Hard Drinks,125.8388,OUT019,1985,Small,Tier 1,Grocery Store,898.97
FDG02,7.855,low fat,0.011251793,Canned,190.3188,OUT013,1987,High,Tier 3,Supermarket Type1,1854.61
NCU29,7.685,Low Fat,0.025581232,Health and Hygiene,144.676,OUT018,2009,Medium,Tier 3,Supermarket Type2,1726.49
FDL27,,Low Fat,0.010579468,Meat,63.4826,OUT027,1985,Medium,Tier 3,Supermarket Type3,1163.13
NCA54,16.5,Low Fat,0.036634668,Household,179.0318,OUT035,2004,Small,Tier 2,Supermarket Type1,1350.2
FDJ32,10.695,Low Fat,0.057781415,Fruits and Vegetables,62.5536,OUT035,2004,Small,Tier 2,Supermarket Type1,686.91
FDB21,,Low Fat,0.260040407,Fruits and Vegetables,241.9854,OUT019,1985,Small,Tier 1,Grocery Store,1191.38
FDR46,16.85,Low Fat,0.139391292,Snack Foods,145.976,OUT035,2004,Small,Tier 2,Supermarket Type1,1189.37
FDZ32,7.785,reg,0.03813275,Fruits and Vegetables,105.4964,OUT046,1997,Small,Tier 1,Supermarket Type1,1081.41
DRF36,16.1,Low Fat,0.023710661,Soft Drinks,189.4846,OUT017,2007,,Tier 2,Supermarket Type1,1681.53
NCU54,8.88,Low Fat,0.099180226,Household,209.827,OUT017,2007,,Tier 2,Supermarket Type1,1711.95
NCI31,20,Low Fat,0.081787178,Others,34.819,OUT017,2007,,Tier 2,Supermarket Type1,879.9
DRA59,8.27,reg,0.127903741,Soft Drinks,183.9924,OUT035,2004,Small,Tier 2,Supermarket Type1,1533.73
NCC55,10.695,LF,0,Household,37.4848,OUT045,2002,,Tier 2,Supermarket Type1,977.03
FDE44,14.65,Low Fat,0.172086213,Fruits and Vegetables,49.4692,OUT018,2009,Medium,Tier 3,Supermarket Type2,761.75
NCN26,10.85,Low Fat,0.028796724,Household,115.4808,OUT018,2009,Medium,Tier 3,Supermarket Type2,1264.18
FDC11,20.5,Low Fat,0.142013291,Starchy Foods,88.2172,OUT049,1999,Medium,Tier 1,Supermarket Type1,1036.88
FDV24,5.635,Low Fat,0,Baking Goods,149.405,OUT035,2004,Small,Tier 2,Supermarket Type1,1224.17
FDR40,,reg,0.014067174,Frozen Foods,80.0618,OUT019,1985,Small,Tier 1,Grocery Store,565.18
NCQ17,10.3,Low Fat,0.117114354,Health and Hygiene,157.763,OUT049,1999,Medium,Tier 1,Supermarket Type1,1481.39
FDC46,17.7,Low Fat,0.116778835,Snack Foods,185.0266,OUT045,2002,,Tier 2,Supermarket Type1,1590.45
NCM18,13,Low Fat,0.08284187,Household,63.0194,OUT046,1997,Small,Tier 1,Supermarket Type1,924.05
FDK16,9.065,Low Fat,0.115329787,Frozen Foods,97.1094,OUT046,1997,Small,Tier 1,Supermarket Type1,1091.76
FDI28,14.3,Low Fat,0.026470587,Frozen Foods,80.8302,OUT017,2007,,Tier 2,Supermarket Type1,1185.84
FDS11,7.05,Regular,0.055784831,Breads,224.5088,OUT018,2009,Medium,Tier 3,Supermarket Type2,1744.94
DRD13,15,Low Fat,0.049079463,Soft Drinks,65.2168,OUT046,1997,Small,Tier 1,Supermarket Type1,727.52
FDL36,15.1,Low Fat,0.0760611,Baking Goods,88.783,OUT035,2004,Small,Tier 2,Supermarket Type1,820.55
FDI27,8.71,Regular,0.045948045,Dairy,47.2744,OUT013,1987,High,Tier 3,Supermarket Type1,801.63
FDJ53,,LF,0.124763406,Frozen Foods,119.0098,OUT019,1985,Small,Tier 1,Grocery Store,648.77
FDS44,12.65,Regular,0,Fruits and Vegetables,240.7538,OUT045,2002,,Tier 2,Supermarket Type1,1898.7
FDE28,9.5,reg,0.132546993,Frozen Foods,230.3668,OUT046,1997,Small,Tier 1,Supermarket Type1,1707.23
FDQ33,13.35,Low Fat,0.091578701,Snack Foods,151.5708,OUT018,2009,Medium,Tier 3,Supermarket Type2,1614.67
FDB37,20.25,Regular,0.023070588,Baking Goods,238.6538,OUT017,2007,,Tier 2,Supermarket Type1,2030.58
FDQ31,5.785,Regular,0.053956419,Fruits and Vegetables,86.0856,OUT045,2002,,Tier 2,Supermarket Type1,1099.41
NCQ05,11.395,Low Fat,0.021606087,Health and Hygiene,150.0708,OUT046,1997,Small,Tier 1,Supermarket Type1,1526.71
FDE10,6.67,Regular,0.089873267,Snack Foods,130.4626,OUT013,1987,High,Tier 3,Supermarket Type1,1100.35
FDF38,11.8,Regular,0.026507096,Canned,39.8138,OUT017,2007,,Tier 2,Supermarket Type1,621.72
FDE50,,Regular,0.028373995,Canned,187.0556,OUT019,1985,Small,Tier 1,Grocery Store,1041.77
DRG37,16.2,Low Fat,0.032435523,Soft Drinks,154.9972,OUT010,1998,,Tier 3,Grocery Store,884.69
NCH06,12.3,Low Fat,0.076673407,Household,248.346,OUT049,1999,Medium,Tier 1,Supermarket Type1,1968
FDY14,10.3,Low Fat,0.070182238,Dairy,264.6226,OUT045,2002,,Tier 2,Supermarket Type1,1956.36
FDO27,6.175,Regular,0.180090411,Meat,95.2752,OUT017,2007,,Tier 2,Supermarket Type1,934.16
FDQ19,7.35,Regular,0.014387462,Fruits and Vegetables,241.4512,OUT049,1999,Medium,Tier 1,Supermarket Type1,2062.48
FDZ26,,Regular,0.252155886,Dairy,237.6222,OUT019,1985,Small,Tier 1,Grocery Store,1340.48
FDN51,17.85,Regular,0.020929396,Meat,260.5936,OUT013,1987,High,Tier 3,Supermarket Type1,2289.38
FDK20,12.6,Regular,0,Fruits and Vegetables,121.9072,OUT035,2004,Small,Tier 2,Supermarket Type1,1355.69
FDD40,20.25,Regular,0.014853619,Dairy,192.8162,OUT018,2009,Medium,Tier 3,Supermarket Type2,1711.87
DRI25,19.6,Low Fat,0.034039542,Soft Drinks,57.0614,OUT018,2009,Medium,Tier 3,Supermarket Type2,980.4
FDH56,9.8,Regular,0.064178182,Fruits and Vegetables,115.7492,OUT017,2007,,Tier 2,Supermarket Type1,1034.46
FDI36,,Regular,0.062041531,Baking Goods,196.8426,OUT027,1985,Medium,Tier 3,Supermarket Type3,1948.3
DRH11,5.98,Low Fat,0.075865756,Hard Drinks,56.6614,OUT018,2009,Medium,Tier 3,Supermarket Type2,956.22
NCV18,6.775,LF,0.105841179,Household,83.325,OUT017,2007,,Tier 2,Supermarket Type1,908.46
DRI01,7.97,Low Fat,0.034506514,Soft Drinks,172.6422,OUT049,1999,Medium,Tier 1,Supermarket Type1,1639.27
DRE48,8.43,LF,0.017352667,Soft Drinks,198.7768,OUT049,1999,Medium,Tier 1,Supermarket Type1,1838.66
FDS51,13.35,Low Fat,0.032174409,Meat,60.4194,OUT035,2004,Small,Tier 2,Supermarket Type1,925.8
FDM38,5.885,Regular,0.093296061,Canned,50.5982,OUT017,2007,,Tier 2,Supermarket Type1,881.52
FDB60,,Low Fat,0.02838397,Baking Goods,193.3136,OUT027,1985,Medium,Tier 3,Supermarket Type3,2218.18
FDY58,11.65,Low Fat,0.039911033,Snack Foods,228.9694,OUT035,2004,Small,Tier 2,Supermarket Type1,1543.96
FDY22,16.5,Regular,0.160044589,Snack Foods,143.4128,OUT045,2002,,Tier 2,Supermarket Type1,1116.23
FDF11,,Regular,0,Starchy Foods,238.3538,OUT027,1985,Medium,Tier 3,Supermarket Type3,2201.45
FDZ51,11.3,Regular,0.054542505,Meat,97.2094,OUT035,2004,Small,Tier 2,Supermarket Type1,914.66
FDQ45,9.5,Regular,0.010978804,Snack Foods,182.1608,OUT017,2007,,Tier 2,Supermarket Type1,1525.5
FDF17,5.19,Low Fat,0.042612828,Frozen Foods,196.411,OUT035,2004,Small,Tier 2,Supermarket Type1,1502.24
NCF31,,Low Fat,0.051596351,Household,152.1024,OUT027,1985,Medium,Tier 3,Supermarket Type3,1828.63
FDA37,7.81,Regular,0.055180797,Canned,125.2046,OUT013,1987,High,Tier 3,Supermarket Type1,1381.63
FDO51,6.785,Regular,0,Meat,43.4112,OUT046,1997,Small,Tier 1,Supermarket Type1,871.26
FDF34,9.3,Regular,0.014007727,Snack Foods,198.1084,OUT013,1987,High,Tier 3,Supermarket Type1,1904.09
FDD57,18.1,Low Fat,0.022490839,Fruits and Vegetables,96.0094,OUT018,2009,Medium,Tier 3,Supermarket Type2,1533.51
FDO37,8.06,Low Fat,0.021376678,Breakfast,229.3326,OUT046,1997,Small,Tier 1,Supermarket Type1,1593.51
FDR49,8.71,Low Fat,0.139444875,Canned,49.8376,OUT049,1999,Medium,Tier 1,Supermarket Type1,701.58
FDS39,6.895,Low Fat,0.022495495,Meat,142.0812,OUT049,1999,Medium,Tier 1,Supermarket Type1,1338.47
FDI48,,Regular,0.05544858,Baking Goods,52.3666,OUT027,1985,Medium,Tier 3,Supermarket Type3,1171.61
DRM35,9.695,Low Fat,0.070554078,Hard Drinks,178.9344,OUT049,1999,Medium,Tier 1,Supermarket Type1,1591.51
FDV57,15.25,Regular,0.065884096,Snack Foods,181.566,OUT035,2004,Small,Tier 2,Supermarket Type1,1476.07
FDZ55,6.055,Low Fat,0.025387558,Fruits and Vegetables,161.592,OUT013,1987,High,Tier 3,Supermarket Type1,1565.29
FDI28,14.3,Low Fat,0.026316724,Frozen Foods,78.1302,OUT035,2004,Small,Tier 2,Supermarket Type1,1010.13
FDS21,19.85,Regular,0.020918489,Snack Foods,63.3194,OUT045,2002,,Tier 2,Supermarket Type1,1089.38
FDT34,9.3,Low Fat,0,Snack Foods,106.3964,OUT013,1987,High,Tier 3,Supermarket Type1,1418.28
DRI25,19.6,Low Fat,0.033895032,Soft Drinks,54.7614,OUT035,2004,Small,Tier 2,Supermarket Type1,1022.88
FDT47,5.26,Regular,0.041022765,Breads,95.2068,OUT010,1998,,Tier 3,Grocery Store,384.54
DRH39,20.7,Low Fat,0.092878183,Dairy,75.167,OUT045,2002,,Tier 2,Supermarket Type1,842.73
NCD54,21.1,Low Fat,0.029067775,Household,144.7786,OUT045,2002,,Tier 2,Supermarket Type1,1322.82
FDU16,,Regular,0.057992904,Frozen Foods,84.8908,OUT027,1985,Medium,Tier 3,Supermarket Type3,1354.21
NCW29,14,Low Fat,0.028921492,Health and Hygiene,129.631,OUT045,2002,,Tier 2,Supermarket Type1,1263.94
FDV25,,Low Fat,0.04543117,Canned,221.1456,OUT027,1985,Medium,Tier 3,Supermarket Type3,2188.91
FDM56,16.7,Low Fat,0.070178316,Fruits and Vegetables,109.6912,OUT035,2004,Small,Tier 2,Supermarket Type1,1130.04
FDZ04,,Low Fat,0.037771295,Frozen Foods,64.951,OUT027,1985,Medium,Tier 3,Supermarket Type3,1410.74
FDG59,,Low Fat,0.075698157,Starchy Foods,37.2164,OUT019,1985,Small,Tier 1,Grocery Store,421.06
FDI56,7.325,Low Fat,0.093574769,Fruits and Vegetables,90.3146,OUT045,2002,,Tier 2,Supermarket Type1,1127.79
FDS33,6.67,Regular,0.123405255,Snack Foods,88.4514,OUT035,2004,Small,Tier 2,Supermarket Type1,642.11
FDC23,18,Low Fat,0.017934042,Starchy Foods,175.7686,OUT049,1999,Medium,Tier 1,Supermarket Type1,1543.59
FDT11,5.94,Regular,0.029418033,Breads,185.8556,OUT049,1999,Medium,Tier 1,Supermarket Type1,1541.31
FDG17,6.865,Regular,0.035912897,Frozen Foods,244.8486,OUT045,2002,,Tier 2,Supermarket Type1,1773.4
FDZ44,8.185,Low Fat,0.038807601,Fruits and Vegetables,117.7808,OUT045,2002,,Tier 2,Supermarket Type1,1118.16
FDJ52,7.145,Low Fat,0.017772062,Frozen Foods,160.9578,OUT013,1987,High,Tier 3,Supermarket Type1,1514.29
DRI23,18.85,Low Fat,0.137196951,Hard Drinks,159.4578,OUT046,1997,Small,Tier 1,Supermarket Type1,1377.49
DRE15,13.35,Low Fat,0.029769107,Dairy,77.6012,OUT010,1998,,Tier 3,Grocery Store,582.46
NCF07,9,Low Fat,0.031995886,Household,101.6016,OUT013,1987,High,Tier 3,Supermarket Type1,1299.01
NCR29,7.565,Low Fat,0.054725828,Health and Hygiene,56.293,OUT049,1999,Medium,Tier 1,Supermarket Type1,1076.31
FDE44,,Low Fat,0.300078353,Fruits and Vegetables,48.1692,OUT019,1985,Small,Tier 1,Grocery Store,322.36
FDT23,7.72,Regular,0.074717347,Breads,79.6986,OUT035,2004,Small,Tier 2,Supermarket Type1,651.14
NCG06,16.35,Low Fat,0.029611916,Household,259.0646,OUT017,2007,,Tier 2,Supermarket Type1,1855.65
NCU41,18.85,Low Fat,0.087129095,Health and Hygiene,191.7846,OUT010,1998,,Tier 3,Grocery Store,1018.35
FDH46,6.935,Regular,0.041515796,Snack Foods,102.8332,OUT017,2007,,Tier 2,Supermarket Type1,993.76
FDV31,9.8,Low Fat,0.106628515,Fruits and Vegetables,177.737,OUT013,1987,High,Tier 3,Supermarket Type1,1514.19
NCT41,,Low Fat,0,Health and Hygiene,153.7024,OUT027,1985,Medium,Tier 3,Supermarket Type3,1833.86
FDE22,,Low Fat,0.029429602,Snack Foods,160.392,OUT027,1985,Medium,Tier 3,Supermarket Type3,1881.17
FDC26,10.195,Low Fat,0.126639402,Canned,109.5886,OUT045,2002,,Tier 2,Supermarket Type1,1125.13
DRF51,15.75,LF,0.166776273,Dairy,36.5506,OUT017,2007,,Tier 2,Supermarket Type1,763.18
NCY53,,Low Fat,0.102393277,Health and Hygiene,113.1544,OUT019,1985,Small,Tier 1,Grocery Store,826.7
FDY21,15.1,Low Fat,0.174462585,Snack Foods,197.711,OUT017,2007,,Tier 2,Supermarket Type1,1712.09
FDL27,6.17,LF,0.010622102,Meat,64.5826,OUT013,1987,High,Tier 3,Supermarket Type1,810.83
FDZ34,6.695,Low Fat,0.07599649,Starchy Foods,194.182,OUT049,1999,Medium,Tier 1,Supermarket Type1,1525.47
NCF43,8.51,Low Fat,0.0869468,Household,144.347,OUT010,1998,,Tier 3,Grocery Store,691.23
FDC21,14.6,Regular,0.042950697,Fruits and Vegetables,108.4254,OUT035,2004,Small,Tier 2,Supermarket Type1,1002.88
FDL26,18,Low Fat,0.073131911,Canned,156.0972,OUT013,1987,High,Tier 3,Supermarket Type1,1488.72
FDT25,7.5,Low Fat,0.08494673,Canned,120.5072,OUT010,1998,,Tier 3,Grocery Store,665.84
NCR30,20.6,Low Fat,0,Household,74.9696,OUT046,1997,Small,Tier 1,Supermarket Type1,1060.53
DRL23,,Low Fat,0.026795874,Hard Drinks,105.8938,OUT019,1985,Small,Tier 1,Grocery Store,786.8
NCR05,10.1,Low Fat,0.054715771,Health and Hygiene,197.8084,OUT049,1999,Medium,Tier 1,Supermarket Type1,1847.4
NCE19,8.97,Low Fat,0.093393523,Household,54.0956,OUT018,2009,Medium,Tier 3,Supermarket Type2,1131.26
FDY07,11.8,Low Fat,0,Fruits and Vegetables,44.1402,OUT035,2004,Small,Tier 2,Supermarket Type1,927.37
FDB10,10,Low Fat,0,Snack Foods,235.559,OUT017,2007,,Tier 2,Supermarket Type1,1683.57
FDP57,17.5,Low Fat,0.052400475,Snack Foods,105.099,OUT013,1987,High,Tier 3,Supermarket Type1,1118.38
FDU48,,Low Fat,0.096925504,Baking Goods,131.3284,OUT019,1985,Small,Tier 1,Grocery Store,684.57
FDH48,13.5,Low Fat,0.060468922,Baking Goods,85.254,OUT035,2004,Small,Tier 2,Supermarket Type1,857.97
FDO33,14.75,Low Fat,0.089305571,Snack Foods,115.5518,OUT035,2004,Small,Tier 2,Supermarket Type1,1044.41
NCU29,7.685,Low Fat,0.025529117,Health and Hygiene,147.876,OUT045,2002,,Tier 2,Supermarket Type1,1347.14
FDW35,10.6,Low Fat,0.011089224,Breads,41.8454,OUT046,1997,Small,Tier 1,Supermarket Type1,804.37
FDH05,14.35,Regular,0.152170799,Frozen Foods,231.9984,OUT010,1998,,Tier 3,Grocery Store,1346.49
FDP26,7.785,Low Fat,0,Dairy,104.4306,OUT049,1999,Medium,Tier 1,Supermarket Type1,1372.86
DRG27,8.895,Low Fat,0.105090817,Dairy,41.5138,OUT035,2004,Small,Tier 2,Supermarket Type1,767.01
FDQ33,13.35,Low Fat,0.091207161,Snack Foods,151.8708,OUT046,1997,Small,Tier 1,Supermarket Type1,1504.65
FDH20,16.1,Regular,0.041759701,Fruits and Vegetables,98.041,OUT010,1998,,Tier 3,Grocery Store,468.34
FDV14,19.85,Low Fat,0.044497478,Dairy,89.7856,OUT046,1997,Small,Tier 1,Supermarket Type1,923.72
DRD01,12.1,Regular,0.061175535,Soft Drinks,54.8614,OUT046,1997,Small,Tier 1,Supermarket Type1,699.38
NCI17,8.645,Low Fat,0,Health and Hygiene,96.441,OUT049,1999,Medium,Tier 1,Supermarket Type1,1155.94
FDF39,14.85,Regular,0.032657896,Dairy,263.191,OUT010,1998,,Tier 3,Grocery Store,1524.11
FDX37,16.2,Low Fat,0.063029339,Canned,100.47,OUT046,1997,Small,Tier 1,Supermarket Type1,1088.26
NCX17,21.25,Low Fat,0.113581951,Health and Hygiene,234.93,OUT035,2004,Small,Tier 2,Supermarket Type1,1804.64
FDN03,9.8,Regular,0.015077408,Meat,250.9408,OUT013,1987,High,Tier 3,Supermarket Type1,2128.2
NCS41,12.85,Low Fat,0.089454322,Health and Hygiene,183.2608,OUT010,1998,,Tier 3,Grocery Store,1167.38
FDH34,8.63,Low Fat,0.031158308,Snack Foods,184.2582,OUT045,2002,,Tier 2,Supermarket Type1,1702.79
NCX53,20.1,LF,0.014998688,Health and Hygiene,142.6154,OUT018,2009,Medium,Tier 3,Supermarket Type2,1815.59
FDY31,5.98,Low Fat,0.043562851,Fruits and Vegetables,147.9418,OUT046,1997,Small,Tier 1,Supermarket Type1,1116.33
FDD20,14.15,Low Fat,0.020831693,Fruits and Vegetables,126.4046,OUT017,2007,,Tier 2,Supermarket Type1,1142.53
FDE51,5.925,Regular,0.096662969,Dairy,45.3086,OUT045,2002,,Tier 2,Supermarket Type1,607.68
FDV27,7.97,Regular,0.03999003,Meat,86.8514,OUT046,1997,Small,Tier 1,Supermarket Type1,908.48
FDF16,7.3,Low Fat,0.086116086,Frozen Foods,148.4076,OUT035,2004,Small,Tier 2,Supermarket Type1,1187.84
FDZ02,6.905,Regular,0.038206735,Dairy,96.1726,OUT049,1999,Medium,Tier 1,Supermarket Type1,1187.9
NCK05,20.1,Low Fat,0.077611332,Health and Hygiene,63.0536,OUT045,2002,,Tier 2,Supermarket Type1,969.64
FDM12,,Regular,0.069578418,Baking Goods,190.2214,OUT027,1985,Medium,Tier 3,Supermarket Type3,2070.1
NCA05,20.75,Low Fat,0.025233003,Health and Hygiene,150.1734,OUT018,2009,Medium,Tier 3,Supermarket Type2,1784.49
FDX33,9.195,Regular,0.117723097,Snack Foods,159.5578,OUT045,2002,,Tier 2,Supermarket Type1,1498.98
FDM25,10.695,Regular,0,Breakfast,176.1712,OUT049,1999,Medium,Tier 1,Supermarket Type1,1873.81
FDE41,9.195,Regular,0.064274939,Frozen Foods,85.8566,OUT018,2009,Medium,Tier 3,Supermarket Type2,1024.73
FDW14,8.3,reg,0.038289031,Dairy,88.4198,OUT045,2002,,Tier 2,Supermarket Type1,882.95
NCD30,19.7,Low Fat,0.026849263,Household,95.8726,OUT046,1997,Small,Tier 1,Supermarket Type1,1021.03
FDB23,19.2,Regular,0.009354173,Starchy Foods,226.0062,OUT010,1998,,Tier 3,Grocery Store,1346.02
FDF45,18.2,Regular,0.012204712,Fruits and Vegetables,60.1904,OUT046,1997,Small,Tier 1,Supermarket Type1,901.46
FDW20,20.75,Low Fat,0.024286028,Fruits and Vegetables,124.873,OUT017,2007,,Tier 2,Supermarket Type1,1331.19
FDF47,20.85,Low Fat,0.097816206,Starchy Foods,222.7746,OUT045,2002,,Tier 2,Supermarket Type1,1841.18
NCR05,,low fat,0.095651539,Health and Hygiene,200.4084,OUT019,1985,Small,Tier 1,Grocery Store,1268.66
DRB01,7.39,Low Fat,0.082239384,Soft Drinks,187.753,OUT046,1997,Small,Tier 1,Supermarket Type1,1612.36
FDE36,5.26,Regular,0.041737624,Baking Goods,164.4868,OUT013,1987,High,Tier 3,Supermarket Type1,1682.93
FDU56,16.85,Low Fat,0.044483108,Fruits and Vegetables,184.2266,OUT049,1999,Medium,Tier 1,Supermarket Type1,1526.16
FDB23,19.2,Regular,0.00559729,Starchy Foods,224.8062,OUT049,1999,Medium,Tier 1,Supermarket Type1,1837.8
FDN48,13.35,Low Fat,0.065051711,Baking Goods,91.1804,OUT049,1999,Medium,Tier 1,Supermarket Type1,1045.4
FDS43,11.65,Low Fat,0.040481173,Fruits and Vegetables,188.024,OUT013,1987,High,Tier 3,Supermarket Type1,1605.25
NCN05,8.235,Low Fat,0.014447639,Health and Hygiene,183.895,OUT013,1987,High,Tier 3,Supermarket Type1,1619.06
NCL53,7.5,Low Fat,0.036291254,Health and Hygiene,176.2028,OUT049,1999,Medium,Tier 1,Supermarket Type1,1608.95
FDL56,14.1,Low Fat,0.125780608,Fruits and Vegetables,86.9198,OUT046,1997,Small,Tier 1,Supermarket Type1,960.56
FDH17,16.2,Regular,0.016721179,Frozen Foods,96.1726,OUT018,2009,Medium,Tier 3,Supermarket Type2,1401.3
FDP37,15.6,Low Fat,0.143105952,Breakfast,126.7994,OUT046,1997,Small,Tier 1,Supermarket Type1,1248.8
FDG09,,Regular,0.083930246,Fruits and Vegetables,188.9556,OUT019,1985,Small,Tier 1,Grocery Store,1259.22
FDA55,17.2,Regular,0.057104603,Fruits and Vegetables,223.1088,OUT045,2002,,Tier 2,Supermarket Type1,1971.1
FDX31,20.35,Regular,0.014848655,Fruits and Vegetables,234.3958,OUT049,1999,Medium,Tier 1,Supermarket Type1,1859.26
FDJ41,6.85,LF,0.022929688,Frozen Foods,261.4594,OUT045,2002,,Tier 2,Supermarket Type1,1813.34
DRC24,17.85,Low Fat,0.024871616,Soft Drinks,155.7998,OUT045,2002,,Tier 2,Supermarket Type1,1344.46
FDQ21,21.25,Low Fat,0.01941956,Snack Foods,122.5756,OUT035,2004,Small,Tier 2,Supermarket Type1,1147.44
NCT54,8.695,Low Fat,0.119778027,Household,93.9094,OUT045,2002,,Tier 2,Supermarket Type1,928.57
FDH08,7.51,Low Fat,0.017456177,Fruits and Vegetables,230.101,OUT049,1999,Medium,Tier 1,Supermarket Type1,1928.41
FDY38,13.6,Regular,0.119661905,Dairy,233.63,OUT018,2009,Medium,Tier 3,Supermarket Type2,2015.47
DRM11,6.57,Low Fat,0.110586928,Hard Drinks,261.0278,OUT010,1998,,Tier 3,Grocery Store,1482.11
FDG32,19.85,Low Fat,0.176269152,Fruits and Vegetables,221.6772,OUT049,1999,Medium,Tier 1,Supermarket Type1,1936.53
NCH18,9.3,LF,0.04466123,Household,245.2802,OUT046,1997,Small,Tier 1,Supermarket Type1,1987.95
FDI20,19.1,Low Fat,0.038556468,Fruits and Vegetables,211.2586,OUT035,2004,Small,Tier 2,Supermarket Type1,1861.92
FDA33,6.48,Low Fat,0.034037991,Snack Foods,147.2076,OUT018,2009,Medium,Tier 3,Supermarket Type2,1351.37
FDN45,19.35,Low Fat,0.118004487,Snack Foods,223.3088,OUT013,1987,High,Tier 3,Supermarket Type1,1721.44
FDT45,15.85,Low Fat,0.095930954,Snack Foods,56.0956,OUT010,1998,,Tier 3,Grocery Store,254.14
FDR32,6.78,Regular,0.085791732,Fruits and Vegetables,228.9694,OUT035,2004,Small,Tier 2,Supermarket Type1,1577.58
FDA48,12.1,Low Fat,0.115523835,Baking Goods,220.8114,OUT017,2007,,Tier 2,Supermarket Type1,1660.19
FDN23,6.575,Regular,0.075934861,Breads,144.8444,OUT017,2007,,Tier 2,Supermarket Type1,1276.33
NCR18,15.85,Low Fat,0.020483751,Household,43.2112,OUT035,2004,Small,Tier 2,Supermarket Type1,789.18
FDD45,8.615,Low Fat,0.116248965,Fruits and Vegetables,94.1436,OUT046,1997,Small,Tier 1,Supermarket Type1,1019.47
FDI22,12.6,Low Fat,0.096604361,Snack Foods,207.0612,OUT018,2009,Medium,Tier 3,Supermarket Type2,1963.09
FDT09,15.15,Regular,0,Snack Foods,132.9284,OUT013,1987,High,Tier 3,Supermarket Type1,1597.16
DRC24,,Low Fat,0.02470108,Soft Drinks,154.0998,OUT027,1985,Medium,Tier 3,Supermarket Type3,2009.82
FDT39,6.26,Regular,0.009867915,Meat,149.1366,OUT046,1997,Small,Tier 1,Supermarket Type1,1148.19
FDX28,6.325,Low Fat,0.125431986,Frozen Foods,98.4042,OUT045,2002,,Tier 2,Supermarket Type1,832.61
FDA50,16.25,Low Fat,0.087530252,Dairy,95.141,OUT018,2009,Medium,Tier 3,Supermarket Type2,1165.25
FDT33,,Regular,0.033826055,Snack Foods,168.4158,OUT027,1985,Medium,Tier 3,Supermarket Type3,1827.34
FDQ60,6.195,Regular,0.10954449,Baking Goods,120.4098,OUT049,1999,Medium,Tier 1,Supermarket Type1,1208.03
NCM19,12.65,Low Fat,0.04742967,Others,112.0202,OUT018,2009,Medium,Tier 3,Supermarket Type2,1379.97
FDF40,20.25,Regular,0.022512133,Dairy,248.4092,OUT046,1997,Small,Tier 1,Supermarket Type1,2002.74
NCI30,20.25,Low Fat,0.058924378,Household,245.046,OUT035,2004,Small,Tier 2,Supermarket Type1,1938.47
FDK34,13.35,Low Fat,0.038586582,Snack Foods,238.0564,OUT049,1999,Medium,Tier 1,Supermarket Type1,2117.03
FDA38,,Low Fat,0.025356532,Dairy,239.4538,OUT027,1985,Medium,Tier 3,Supermarket Type3,2447.68
FDT02,12.6,LF,0.024243799,Dairy,36.9874,OUT045,2002,,Tier 2,Supermarket Type1,962.81
FDC11,20.5,Low Fat,0.142594879,Starchy Foods,87.7172,OUT017,2007,,Tier 2,Supermarket Type1,826.61
FDD08,8.3,Low Fat,0.035354361,Fruits and Vegetables,39.9506,OUT046,1997,Small,Tier 1,Supermarket Type1,582.01
NCS29,9,Low Fat,0.069545461,Health and Hygiene,262.9884,OUT046,1997,Small,Tier 1,Supermarket Type1,1819.85
DRI03,6.03,Low Fat,0.038001328,Dairy,176.6028,OUT010,1998,,Tier 3,Grocery Store,949.32
FDK48,7.445,Low Fat,0.037625107,Baking Goods,73.2354,OUT035,2004,Small,Tier 2,Supermarket Type1,818.05
FDM52,15.1,Low Fat,0.026033836,Frozen Foods,149.5076,OUT049,1999,Medium,Tier 1,Supermarket Type1,1548.56
FDP49,9,Regular,0.069075897,Breakfast,57.0614,OUT035,2004,Small,Tier 2,Supermarket Type1,785.67
DRA24,19.35,Regular,0.039928237,Soft Drinks,164.5868,OUT046,1997,Small,Tier 1,Supermarket Type1,1562.74
NCJ43,6.635,Low Fat,0.027111488,Household,172.5396,OUT049,1999,Medium,Tier 1,Supermarket Type1,1726.01
FDE11,17.7,Regular,0.135369952,Starchy Foods,183.6924,OUT045,2002,,Tier 2,Supermarket Type1,1674.38
FDP01,20.75,Regular,0.063424403,Breakfast,154.3682,OUT049,1999,Medium,Tier 1,Supermarket Type1,1766.19
FDQ59,9.8,reg,0.056616236,Breads,84.6908,OUT018,2009,Medium,Tier 3,Supermarket Type2,1028.44
FDA43,,Low Fat,0.113238888,Fruits and Vegetables,194.5794,OUT019,1985,Small,Tier 1,Grocery Store,997.77
FDL14,8.115,Regular,0.03234077,Canned,154.3972,OUT017,2007,,Tier 2,Supermarket Type1,1285.88
FDV50,14.3,Low Fat,0,Dairy,124.173,OUT010,1998,,Tier 3,Grocery Store,759.05
FDT01,,Regular,0.183275872,Canned,210.4902,OUT027,1985,Medium,Tier 3,Supermarket Type3,1973.25
NCC42,15,Low Fat,0.044899912,Health and Hygiene,139.9838,OUT035,2004,Small,Tier 2,Supermarket Type1,1274.5
FDO28,5.765,Low Fat,0.07229836,Frozen Foods,118.8098,OUT046,1997,Small,Tier 1,Supermarket Type1,1155.74
FDD32,,Regular,0.071666638,Fruits and Vegetables,80.6276,OUT019,1985,Small,Tier 1,Grocery Store,630.45
FDV45,16.75,Low Fat,0.045038921,Snack Foods,185.8556,OUT035,2004,Small,Tier 2,Supermarket Type1,1649.92
NCW17,,Low Fat,0.033942792,Health and Hygiene,126.5994,OUT019,1985,Small,Tier 1,Grocery Store,991.25
NCJ17,,Low Fat,0.151817729,Health and Hygiene,86.0224,OUT027,1985,Medium,Tier 3,Supermarket Type3,1137.99
NCF18,18.35,Low Fat,0.089120941,Household,190.5504,OUT049,1999,Medium,Tier 1,Supermarket Type1,1567.27
FDP01,20.75,Regular,0.063454375,Breakfast,153.2682,OUT045,2002,,Tier 2,Supermarket Type1,1309.12
FDH24,20.7,Low Fat,0.021474597,Baking Goods,156.9288,OUT045,2002,,Tier 2,Supermarket Type1,1403.68
FDI38,,Regular,0.014556069,Canned,208.7638,OUT027,1985,Medium,Tier 3,Supermarket Type3,2084.6
FDX03,15.85,Regular,0.061084423,Meat,44.7744,OUT035,2004,Small,Tier 2,Supermarket Type1,711.23
FDY28,7.47,Regular,0.152150971,Frozen Foods,213.5218,OUT046,1997,Small,Tier 1,Supermarket Type1,1585.72
FDN34,15.6,Regular,0.045950668,Snack Foods,170.8132,OUT018,2009,Medium,Tier 3,Supermarket Type2,1780.32
FDJ02,17.2,Regular,0.02521782,Canned,148.5418,OUT045,2002,,Tier 2,Supermarket Type1,1514.68
FDW40,,Regular,0.184096112,Frozen Foods,140.7812,OUT019,1985,Small,Tier 1,Grocery Store,903.11
FDX03,15.85,Regular,0.06144156,Meat,43.4744,OUT017,2007,,Tier 2,Supermarket Type1,968.76
FDE17,,Regular,0.054191792,Frozen Foods,152.1366,OUT027,1985,Medium,Tier 3,Supermarket Type3,1595.48
FDT58,9,Low Fat,0.085954716,Snack Foods,167.4816,OUT046,1997,Small,Tier 1,Supermarket Type1,1223.79
FDI38,13.35,Regular,0.014614728,Canned,207.9638,OUT013,1987,High,Tier 3,Supermarket Type1,1718.1
FDW22,9.695,Regular,0.030284659,Snack Foods,223.3114,OUT035,2004,Small,Tier 2,Supermarket Type1,1609.82
FDS15,,Regular,0.077682589,Meat,109.2596,OUT027,1985,Medium,Tier 3,Supermarket Type3,1486.51
NCX06,17.6,Low Fat,0.01567399,Household,181.9976,OUT013,1987,High,Tier 3,Supermarket Type1,1715.08
DRK47,7.905,Low Fat,0.064052266,Hard Drinks,229.9694,OUT035,2004,Small,Tier 2,Supermarket Type1,1714.52
FDC23,,Low Fat,0.017819491,Starchy Foods,178.0686,OUT027,1985,Medium,Tier 3,Supermarket Type3,2029.84
FDM56,16.7,Low Fat,0.117486329,Fruits and Vegetables,107.4912,OUT010,1998,,Tier 3,Grocery Store,738.36
FDP21,7.42,Regular,0.025740842,Snack Foods,190.0872,OUT046,1997,Small,Tier 1,Supermarket Type1,1687.25
FDP58,11.1,Low Fat,0.135142318,Snack Foods,218.8482,OUT046,1997,Small,Tier 1,Supermarket Type1,1809.74
FDA27,,Regular,0.054150291,Dairy,254.7672,OUT019,1985,Small,Tier 1,Grocery Store,1325.98
FDK41,,Low Fat,0.223309091,Frozen Foods,85.5224,OUT019,1985,Small,Tier 1,Grocery Store,279.9
NCH42,6.86,Low Fat,0.03653732,Household,230.601,OUT046,1997,Small,Tier 1,Supermarket Type1,1643.44
FDG29,17.6,Low Fat,0.056406081,Frozen Foods,42.5454,OUT045,2002,,Tier 2,Supermarket Type1,733.43
FDW15,15.35,Regular,0.055338105,Meat,150.4734,OUT018,2009,Medium,Tier 3,Supermarket Type2,1559.25
FDD28,10.695,Low Fat,0.053513977,Frozen Foods,59.1904,OUT018,2009,Medium,Tier 3,Supermarket Type2,1063.25
FDQ37,20.75,Low Fat,0.089399444,Breakfast,193.9478,OUT049,1999,Medium,Tier 1,Supermarket Type1,1799.5
FDC23,18,Low Fat,0.017902817,Starchy Foods,178.2686,OUT035,2004,Small,Tier 2,Supermarket Type1,1585.36
FDV13,17.35,Regular,0.027605646,Canned,88.9856,OUT035,2004,Small,Tier 2,Supermarket Type1,1118.03
FDK33,17.85,Low Fat,0.01123525,Snack Foods,211.856,OUT046,1997,Small,Tier 1,Supermarket Type1,1899.05
FDO33,14.75,Low Fat,0.089248129,Snack Foods,113.1518,OUT013,1987,High,Tier 3,Supermarket Type1,1441.26
FDN21,18.6,Low Fat,0.077290355,Snack Foods,161.9236,OUT017,2007,,Tier 2,Supermarket Type1,1273.22
NCW06,,Low Fat,0.050096661,Household,192.4162,OUT027,1985,Medium,Tier 3,Supermarket Type3,1869.7
FDI38,13.35,Regular,0.014624135,Canned,207.2638,OUT035,2004,Small,Tier 2,Supermarket Type1,1536.24
FDC21,,Regular,0.04275079,Fruits and Vegetables,107.7254,OUT027,1985,Medium,Tier 3,Supermarket Type3,1484.51
NCS05,11.5,LF,0.020978072,Health and Hygiene,132.8942,OUT046,1997,Small,Tier 1,Supermarket Type1,1232.54
NCN53,5.175,Low Fat,0.030402657,Health and Hygiene,37.0874,OUT049,1999,Medium,Tier 1,Supermarket Type1,849.84
FDV40,17.35,Low Fat,0.024591034,Frozen Foods,74.8038,OUT010,1998,,Tier 3,Grocery Store,584.74
FDG60,20.35,Low Fat,0.061043068,Baking Goods,233.0616,OUT017,2007,,Tier 2,Supermarket Type1,1950.35
NCY30,,Low Fat,0.025827578,Household,182.7976,OUT027,1985,Medium,Tier 3,Supermarket Type3,2097.64
FDM40,10.195,Low Fat,0.160261305,Frozen Foods,141.0154,OUT045,2002,,Tier 2,Supermarket Type1,1357.71
NCO30,19.5,Low Fat,0,Household,183.3608,OUT046,1997,Small,Tier 1,Supermarket Type1,1806.98
FDK10,5.785,Regular,0.04035886,Snack Foods,181.366,OUT046,1997,Small,Tier 1,Supermarket Type1,1299.69
FDM36,11.65,Regular,0.058849939,Baking Goods,172.7422,OUT045,2002,,Tier 2,Supermarket Type1,1343.67
FDN10,11.5,Low Fat,0.046085421,Snack Foods,117.6124,OUT013,1987,High,Tier 3,Supermarket Type1,1197.89
FDM46,7.365,Low Fat,0.160619486,Snack Foods,93.612,OUT018,2009,Medium,Tier 3,Supermarket Type2,1070.86
FDX50,20.1,LF,0.074743226,Dairy,111.5228,OUT049,1999,Medium,Tier 1,Supermarket Type1,1292.81
FDP33,18.7,Low Fat,0.0894533,Snack Foods,254.3672,OUT045,2002,,Tier 2,Supermarket Type1,1962.41
FDO12,15.75,Low Fat,0,Baking Goods,194.8452,OUT045,2002,,Tier 2,Supermarket Type1,1731.9
FDC28,7.905,Low Fat,0.05494116,Frozen Foods,110.4254,OUT013,1987,High,Tier 3,Supermarket Type1,1310.23
FDO31,6.76,Regular,0.02904146,Fruits and Vegetables,80.796,OUT045,2002,,Tier 2,Supermarket Type1,1089.56
FDX45,16.75,Low Fat,0.104835967,Snack Foods,154.863,OUT035,2004,Small,Tier 2,Supermarket Type1,1455.64
FDV21,11.5,Low Fat,0.171348934,Snack Foods,125.7704,OUT049,1999,Medium,Tier 1,Supermarket Type1,1446.02
FDH04,6.115,Regular,0.011390654,Frozen Foods,91.0488,OUT049,1999,Medium,Tier 1,Supermarket Type1,997.32
NCG54,12.1,Low Fat,0.079739853,Household,169.4106,OUT013,1987,High,Tier 3,Supermarket Type1,1425.69
FDO13,7.865,Low Fat,0.061059672,Breakfast,162.7526,OUT046,1997,Small,Tier 1,Supermarket Type1,1273.24
FDA09,,Regular,0.148643089,Snack Foods,179.766,OUT027,1985,Medium,Tier 3,Supermarket Type3,1797.43
FDC38,15.7,Low Fat,0.123186843,Canned,133.5942,OUT017,2007,,Tier 2,Supermarket Type1,1215.8
NCO42,21.25,Low Fat,0.024655594,Household,144.0102,OUT046,1997,Small,Tier 1,Supermarket Type1,1407.62
FDL45,15.6,Low Fat,0.037746432,Snack Foods,123.8704,OUT049,1999,Medium,Tier 1,Supermarket Type1,1442.52
NCK31,10.895,Low Fat,0.027025266,Others,52.2666,OUT013,1987,High,Tier 3,Supermarket Type1,1042.41
FDM39,6.42,Low Fat,0.053773114,Dairy,179.0002,OUT017,2007,,Tier 2,Supermarket Type1,1611.05
FDC22,6.89,reg,0.228353164,Snack Foods,192.482,OUT010,1998,,Tier 3,Grocery Store,1098.36
FDF46,7.07,LF,0.093671176,Snack Foods,115.3834,OUT046,1997,Small,Tier 1,Supermarket Type1,872.79
FDQ37,20.75,Low Fat,0.08944169,Breakfast,192.0478,OUT045,2002,,Tier 2,Supermarket Type1,1461.02
FDH41,9,Low Fat,0.137270472,Frozen Foods,213.4534,OUT010,1998,,Tier 3,Grocery Store,1020.45
FDQ04,6.4,Low Fat,0.084753606,Frozen Foods,40.2796,OUT046,1997,Small,Tier 1,Supermarket Type1,574.06
NCQ02,,Low Fat,0,Household,189.2556,OUT027,1985,Medium,Tier 3,Supermarket Type3,1989.41
FDJ57,,Regular,0.021469174,Seafood,187.6582,OUT027,1985,Medium,Tier 3,Supermarket Type3,1998.3
NCE07,8.18,Low Fat,0.013150445,Household,140.6154,OUT049,1999,Medium,Tier 1,Supermarket Type1,1473.81
FDE56,17.25,Regular,0.159062948,Fruits and Vegetables,60.2194,OUT013,1987,High,Tier 3,Supermarket Type1,980.8
FDI20,19.1,Low Fat,0.038623716,Fruits and Vegetables,209.6586,OUT049,1999,Medium,Tier 1,Supermarket Type1,1981.06
FDK36,7.09,Low Fat,0,Baking Goods,49.1034,OUT018,2009,Medium,Tier 3,Supermarket Type2,1165.7
FDP08,,Regular,0.111865695,Fruits and Vegetables,191.8478,OUT027,1985,Medium,Tier 3,Supermarket Type3,2124.98
FDF44,7.17,Regular,0.060065869,Fruits and Vegetables,130.9968,OUT017,2007,,Tier 2,Supermarket Type1,1025.61
NCU53,5.485,Low Fat,0.042993634,Health and Hygiene,167.3842,OUT017,2007,,Tier 2,Supermarket Type1,1266.31
FDF47,20.85,Low Fat,0.097599775,Starchy Foods,224.8746,OUT035,2004,Small,Tier 2,Supermarket Type1,1597.92
FDS55,7.02,Low Fat,0.135852194,Fruits and Vegetables,149.7734,OUT010,1998,,Tier 3,Grocery Store,700.63
FDZ52,19.2,LF,0.167504237,Frozen Foods,110.5886,OUT010,1998,,Tier 3,Grocery Store,578.88
FDL04,19,Low Fat,0.112379351,Frozen Foods,105.3622,OUT018,2009,Medium,Tier 3,Supermarket Type2,1315.35
NCM26,20.5,Low Fat,0.023138823,Others,152.734,OUT035,2004,Small,Tier 2,Supermarket Type1,1413.71
FDX43,5.655,Low Fat,0,Fruits and Vegetables,168.05,OUT049,1999,Medium,Tier 1,Supermarket Type1,1661.86
FDP52,18.7,Regular,0.070801636,Frozen Foods,227.801,OUT049,1999,Medium,Tier 1,Supermarket Type1,2055.08
DRK49,14.15,LF,0.036016611,Soft Drinks,41.4138,OUT045,2002,,Tier 2,Supermarket Type1,936.41
FDE38,6.52,Low Fat,0.04457004,Canned,165.3842,OUT013,1987,High,Tier 3,Supermarket Type1,1704.14
DRF13,12.1,Low Fat,0.029775731,Soft Drinks,145.2444,OUT035,2004,Small,Tier 2,Supermarket Type1,1091.75
FDK41,14.3,Low Fat,0.213478694,Frozen Foods,84.9224,OUT010,1998,,Tier 3,Grocery Store,257.04
FDJ04,,Low Fat,0.123849384,Frozen Foods,120.0124,OUT027,1985,Medium,Tier 3,Supermarket Type3,1435.1
FDZ44,8.185,Low Fat,0.038886823,Fruits and Vegetables,118.5808,OUT018,2009,Medium,Tier 3,Supermarket Type2,1310.49
FDS11,7.05,Regular,0.055512274,Breads,225.7088,OUT013,1987,High,Tier 3,Supermarket Type1,1813.79
FDA55,17.2,Regular,0.05707763,Fruits and Vegetables,224.8088,OUT049,1999,Medium,Tier 1,Supermarket Type1,1935.48
NCW53,18.35,LF,0.030495077,Health and Hygiene,194.0162,OUT046,1997,Small,Tier 1,Supermarket Type1,1675.09
FDB49,,Regular,0,Baking Goods,99.8384,OUT027,1985,Medium,Tier 3,Supermarket Type3,1620.61
FDD23,9.5,Regular,0.048960915,Starchy Foods,188.1898,OUT017,2007,,Tier 2,Supermarket Type1,1668.48
NCV42,6.26,Low Fat,0.031485704,Household,110.0228,OUT045,2002,,Tier 2,Supermarket Type1,1268.61
NCZ29,15,Low Fat,0.071662195,Health and Hygiene,127.7362,OUT018,2009,Medium,Tier 3,Supermarket Type2,1638.05
FDQ26,13.5,Regular,0.067815921,Dairy,58.0562,OUT013,1987,High,Tier 3,Supermarket Type1,783.77
FDV08,7.35,LF,0.028756673,Fruits and Vegetables,40.5454,OUT017,2007,,Tier 2,Supermarket Type1,606.57
FDC53,8.68,Low Fat,0.008849431,Frozen Foods,99.9384,OUT049,1999,Medium,Tier 1,Supermarket Type1,1127.46
FDV58,20.85,LF,0.202948268,Snack Foods,197.4452,OUT010,1998,,Tier 3,Grocery Store,1011.25
NCP02,,Low Fat,0.078454358,Household,58.3562,OUT019,1985,Small,Tier 1,Grocery Store,376.85
DRI37,15.85,Low Fat,0.107816091,Soft Drinks,56.8904,OUT045,2002,,Tier 2,Supermarket Type1,832.81
FDQ12,12.65,Low Fat,0.035465802,Baking Goods,229.601,OUT049,1999,Medium,Tier 1,Supermarket Type1,1992.44
FDE33,19.35,Regular,0.049635605,Fruits and Vegetables,76.5644,OUT046,1997,Small,Tier 1,Supermarket Type1,1061.88
FDX27,20.7,Regular,0.114348523,Dairy,95.0436,OUT045,2002,,Tier 2,Supermarket Type1,1181.73
FDM22,14,Regular,0.042195096,Snack Foods,51.564,OUT017,2007,,Tier 2,Supermarket Type1,997.63
NCH30,,Low Fat,0.117578079,Household,113.886,OUT019,1985,Small,Tier 1,Grocery Store,869.05
FDC04,15.6,Low Fat,0.045240103,Dairy,241.7854,OUT017,2007,,Tier 2,Supermarket Type1,1725.3
FDO38,17.25,low fat,0.072839052,Canned,79.7986,OUT046,1997,Small,Tier 1,Supermarket Type1,828.09
FDV52,,Regular,0.120932251,Frozen Foods,117.0466,OUT027,1985,Medium,Tier 3,Supermarket Type3,1433.42
FDB32,20.6,Low Fat,0.023433422,Fruits and Vegetables,94.5778,OUT013,1987,High,Tier 3,Supermarket Type1,1191.29
FDV43,16,Low Fat,0.077168705,Fruits and Vegetables,46.5086,OUT018,2009,Medium,Tier 3,Supermarket Type2,983.35
FDI24,10.3,Low Fat,0.079064574,Baking Goods,178.237,OUT018,2009,Medium,Tier 3,Supermarket Type2,1703.25
FDR40,9.1,Regular,0.008079833,Frozen Foods,81.7618,OUT017,2007,,Tier 2,Supermarket Type1,1055.12
FDW02,4.805,Regular,0.037758036,Dairy,124.5704,OUT049,1999,Medium,Tier 1,Supermarket Type1,1400.79
FDE44,14.65,LF,0.171654513,Fruits and Vegetables,48.4692,OUT049,1999,Medium,Tier 1,Supermarket Type1,967.64
FDL38,13.8,Regular,0.014733108,Canned,89.4172,OUT046,1997,Small,Tier 1,Supermarket Type1,1205.13
NCT54,8.695,Low Fat,0,Household,96.0094,OUT010,1998,,Tier 3,Grocery Store,815.92
DRJ39,20.25,Low Fat,0.060802383,Dairy,219.7482,OUT010,1998,,Tier 3,Grocery Store,1158.64
FDW55,12.6,Regular,0.022004053,Fruits and Vegetables,248.6092,OUT049,1999,Medium,Tier 1,Supermarket Type1,1935.75
DRF13,,Low Fat,0.052143322,Soft Drinks,144.5444,OUT019,1985,Small,Tier 1,Grocery Store,812.57
NCW17,18,Low Fat,0.019416374,Health and Hygiene,129.5994,OUT049,1999,Medium,Tier 1,Supermarket Type1,1395.32
FDP13,8.1,Regular,0.134298156,Canned,40.448,OUT035,2004,Small,Tier 2,Supermarket Type1,559.3
FDS08,5.735,Low Fat,0.057193256,Fruits and Vegetables,174.437,OUT018,2009,Medium,Tier 3,Supermarket Type2,1676.07
NCP17,19.35,Low Fat,0,Health and Hygiene,62.6168,OUT035,2004,Small,Tier 2,Supermarket Type1,954.84
NCO53,16.2,low fat,0.175151361,Health and Hygiene,182.1608,OUT035,2004,Small,Tier 2,Supermarket Type1,1469.65
FDH19,19.35,low fat,0.033155576,Meat,173.9738,OUT045,2002,,Tier 2,Supermarket Type1,1691.47
FDJ04,18,Low Fat,0.125156,Frozen Foods,119.8124,OUT017,2007,,Tier 2,Supermarket Type1,1338.33
FDG10,6.63,Regular,0.010956306,Snack Foods,56.9588,OUT049,1999,Medium,Tier 1,Supermarket Type1,781.82
FDA40,16,Regular,0.166159652,Frozen Foods,87.5856,OUT010,1998,,Tier 3,Grocery Store,313.18
FDI53,8.895,Regular,0.137924102,Frozen Foods,161.9236,OUT045,2002,,Tier 2,Supermarket Type1,1204.71
FDU09,7.71,Regular,0.111469959,Snack Foods,56.0956,OUT010,1998,,Tier 3,Grocery Store,205.17
FDK60,16.5,Regular,0.09405464,Baking Goods,98.3068,OUT045,2002,,Tier 2,Supermarket Type1,1021.54
FDR43,18.2,Low Fat,0.16240296,Fruits and Vegetables,34.819,OUT017,2007,,Tier 2,Supermarket Type1,659.74
FDW22,9.695,Regular,0.030461721,Snack Foods,220.0114,OUT017,2007,,Tier 2,Supermarket Type1,1774.51
DRP47,15.75,Low Fat,0.235341126,Hard Drinks,252.1382,OUT010,1998,,Tier 3,Grocery Store,1376.2
DRG48,5.78,Low Fat,0.024362196,Soft Drinks,145.8102,OUT010,1998,,Tier 3,Grocery Store,948.49
FDA14,16.1,Low Fat,0.065170902,Dairy,146.176,OUT035,2004,Small,Tier 2,Supermarket Type1,1413.01
FDU49,19.5,reg,0.030668818,Canned,87.954,OUT013,1987,High,Tier 3,Supermarket Type1,1374.65
FDK28,5.695,Low Fat,0.065722924,Frozen Foods,256.9646,OUT045,2002,,Tier 2,Supermarket Type1,1702.02
FDT19,7.59,Regular,0.14504086,Fruits and Vegetables,173.608,OUT046,1997,Small,Tier 1,Supermarket Type1,1192.44
NCQ42,20.35,Low Fat,0.039347842,Household,125.2678,OUT045,2002,,Tier 2,Supermarket Type1,1178.01
FDD03,13.3,Low Fat,0.079968115,Dairy,234.43,OUT045,2002,,Tier 2,Supermarket Type1,1729.49
NCM53,18.75,Low Fat,0.051997608,Health and Hygiene,108.328,OUT013,1987,High,Tier 3,Supermarket Type1,1246.26
NCX53,20.1,Low Fat,0.014968132,Health and Hygiene,140.8154,OUT045,2002,,Tier 2,Supermarket Type1,1394.71
FDV14,,Low Fat,0.044281997,Dairy,85.8856,OUT027,1985,Medium,Tier 3,Supermarket Type3,1460.02
NCZ54,14.65,Low Fat,0.083830905,Household,161.4552,OUT017,2007,,Tier 2,Supermarket Type1,1482.11
FDB39,11.6,Low Fat,0.038486905,Dairy,55.4272,OUT013,1987,High,Tier 3,Supermarket Type1,1065.41
DRC24,17.85,Low Fat,0.024821278,Soft Drinks,153.4998,OUT046,1997,Small,Tier 1,Supermarket Type1,1557.86
FDY36,12.3,Low Fat,0.009402696,Baking Goods,74.138,OUT013,1987,High,Tier 3,Supermarket Type1,1273.4
FDN01,8.895,Low Fat,0,Breakfast,176.637,OUT035,2004,Small,Tier 2,Supermarket Type1,1267.77
DRH25,18.7,Low Fat,0.01459303,Soft Drinks,52.7324,OUT046,1997,Small,Tier 1,Supermarket Type1,728.79
FDV08,7.35,Low Fat,0,Fruits and Vegetables,43.8454,OUT046,1997,Small,Tier 1,Supermarket Type1,650.6
NCP53,14.75,Low Fat,0.032941482,Health and Hygiene,238.8906,OUT049,1999,Medium,Tier 1,Supermarket Type1,1942.5
FDU52,7.56,Low Fat,0,Frozen Foods,156.563,OUT010,1998,,Tier 3,Grocery Store,906.02
NCI42,18.75,Low Fat,0.010386567,Household,206.9954,OUT045,2002,,Tier 2,Supermarket Type1,1759.38
FDZ14,7.71,Regular,0.047579697,Dairy,120.3756,OUT035,2004,Small,Tier 2,Supermarket Type1,1129.21
FDF11,10.195,Regular,0.017631222,Starchy Foods,240.6538,OUT046,1997,Small,Tier 1,Supermarket Type1,1922.09
FDQ13,11.1,Low Fat,0.010684957,Canned,85.7908,OUT018,2009,Medium,Tier 3,Supermarket Type2,1359.93
FDO32,6.36,Low Fat,0.201765292,Fruits and Vegetables,46.606,OUT010,1998,,Tier 3,Grocery Store,296.26
DRJ37,10.8,Low Fat,0.061350284,Soft Drinks,153.3024,OUT018,2009,Medium,Tier 3,Supermarket Type2,1757.55
FDY43,14.85,Low Fat,0.098402239,Fruits and Vegetables,168.1474,OUT046,1997,Small,Tier 1,Supermarket Type1,1230.2
NCT41,15.7,Low Fat,0.056306994,Health and Hygiene,153.2024,OUT017,2007,,Tier 2,Supermarket Type1,1258.84
NCV17,18.85,Low Fat,0,Health and Hygiene,132.5626,OUT045,2002,,Tier 2,Supermarket Type1,1255.04
FDM04,,Regular,0.046892427,Frozen Foods,53.2666,OUT027,1985,Medium,Tier 3,Supermarket Type3,1179.26
DRB48,16.75,Regular,0.024954731,Soft Drinks,38.3822,OUT018,2009,Medium,Tier 3,Supermarket Type2,983.89
FDM24,6.135,Regular,0.079261353,Baking Goods,152.8366,OUT013,1987,High,Tier 3,Supermarket Type1,1427.21
FDT37,14.15,Low Fat,0.035325003,Canned,254.1014,OUT049,1999,Medium,Tier 1,Supermarket Type1,2136.82
NCO05,7.27,Low Fat,0.077930971,Health and Hygiene,97.3384,OUT010,1998,,Tier 3,Grocery Store,625.11
FDL13,13.85,Regular,0.056318568,Breakfast,234.03,OUT046,1997,Small,Tier 1,Supermarket Type1,1919.43
FDL15,17.85,Low Fat,0.046898544,Meat,152.8682,OUT017,2007,,Tier 2,Supermarket Type1,1576.52
FDB11,16,Low Fat,0.061095899,Starchy Foods,223.4404,OUT018,2009,Medium,Tier 3,Supermarket Type2,2185.94
FDL14,,reg,0.056306024,Canned,156.1972,OUT019,1985,Small,Tier 1,Grocery Store,791.91
FDY10,,Low Fat,0.085911519,Snack Foods,114.5176,OUT019,1985,Small,Tier 1,Grocery Store,573.03
FDJ40,13.6,Regular,0.049666358,Frozen Foods,110.7912,OUT049,1999,Medium,Tier 1,Supermarket Type1,1189.85
NCW18,15.1,LF,0.059324821,Household,237.2248,OUT046,1997,Small,Tier 1,Supermarket Type1,1764.04
NCY06,15.25,Low Fat,0.061133888,Household,129.0968,OUT013,1987,High,Tier 3,Supermarket Type1,1345.76
DRE13,6.28,Low Fat,0.027817961,Soft Drinks,85.8198,OUT018,2009,Medium,Tier 3,Supermarket Type2,1211.93
FDA26,7.855,Regular,0.074070351,Dairy,217.2482,OUT045,2002,,Tier 2,Supermarket Type1,1731.19
NCE19,8.97,Low Fat,0.155687405,Household,52.8956,OUT010,1998,,Tier 3,Grocery Store,328.6
FDE33,19.35,Regular,0.049626219,Fruits and Vegetables,80.2644,OUT035,2004,Small,Tier 2,Supermarket Type1,1074.24
DRL59,,Low Fat,0.021121347,Hard Drinks,53.0298,OUT027,1985,Medium,Tier 3,Supermarket Type3,1429.15
FDY07,11.8,Low Fat,0,Fruits and Vegetables,45.5402,OUT046,1997,Small,Tier 1,Supermarket Type1,999.07
FDF57,14.5,Regular,0.059067021,Fruits and Vegetables,170.9448,OUT018,2009,Medium,Tier 3,Supermarket Type2,1530.54
FDM58,16.85,Regular,0.079675335,Snack Foods,110.1544,OUT035,2004,Small,Tier 2,Supermarket Type1,941.09
FDP26,,Low Fat,0,Dairy,103.6306,OUT027,1985,Medium,Tier 3,Supermarket Type3,1473.47
FDY32,7.605,Low Fat,0.129241042,Fruits and Vegetables,165.021,OUT046,1997,Small,Tier 1,Supermarket Type1,1257.53
FDD51,11.15,Low Fat,0,Dairy,47.2744,OUT010,1998,,Tier 3,Grocery Store,348.06
FDU22,12.35,Low Fat,0.093676604,Snack Foods,119.4124,OUT018,2009,Medium,Tier 3,Supermarket Type2,1385.91
FDZ49,11,Regular,0.133687996,Canned,222.0798,OUT018,2009,Medium,Tier 3,Supermarket Type2,1942.12
NCI42,18.75,Low Fat,0.010424177,Household,208.0954,OUT017,2007,,Tier 2,Supermarket Type1,1857.39
FDT04,,Low Fat,0.106523384,Frozen Foods,38.1822,OUT027,1985,Medium,Tier 3,Supermarket Type3,1239.63
NCU41,18.85,Low Fat,0.052160388,Health and Hygiene,190.4846,OUT045,2002,,Tier 2,Supermarket Type1,1797.67
FDS56,5.785,Regular,0.038835464,Fruits and Vegetables,263.1252,OUT045,2002,,Tier 2,Supermarket Type1,1753.73
NCN42,20.25,Low Fat,0.014303066,Household,147.6418,OUT017,2007,,Tier 2,Supermarket Type1,1278.91
FDK34,13.35,Low Fat,0.038526684,Snack Foods,238.3564,OUT046,1997,Small,Tier 1,Supermarket Type1,1714.74
FDB03,17.75,Regular,0.157718931,Dairy,240.2538,OUT017,2007,,Tier 2,Supermarket Type1,1715.7
DRJ25,14.6,Low Fat,0.150539043,Soft Drinks,49.2692,OUT035,2004,Small,Tier 2,Supermarket Type1,606.7
FDT25,,Low Fat,0.050505213,Canned,123.7072,OUT027,1985,Medium,Tier 3,Supermarket Type3,1618.43
FDN20,19.35,LF,0.026160105,Fruits and Vegetables,168.3474,OUT013,1987,High,Tier 3,Supermarket Type1,1670.82
FDP09,19.75,Low Fat,0.033861654,Snack Foods,213.2902,OUT013,1987,High,Tier 3,Supermarket Type1,1950.87
FDM20,,Low Fat,0.067733845,Fruits and Vegetables,243.3144,OUT019,1985,Small,Tier 1,Grocery Store,1531.77
NCG55,16.25,Low Fat,0.039146163,Household,114.3176,OUT046,1997,Small,Tier 1,Supermarket Type1,1311.27
NCP14,8.275,Low Fat,0.110513428,Household,104.4306,OUT045,2002,,Tier 2,Supermarket Type1,1203.83
NCH06,12.3,Low Fat,0.076554385,Household,245.746,OUT046,1997,Small,Tier 1,Supermarket Type1,1645.8
FDV52,20.7,Regular,0.121419594,Frozen Foods,117.5466,OUT013,1987,High,Tier 3,Supermarket Type1,1136.13
NCL07,13.85,Low Fat,0.031332632,Others,40.548,OUT035,2004,Small,Tier 2,Supermarket Type1,592.76
DRJ11,,Low Fat,0.084679095,Hard Drinks,190.6872,OUT027,1985,Medium,Tier 3,Supermarket Type3,1888.07
DRO59,11.8,Low Fat,0.054109186,Hard Drinks,74.7012,OUT013,1987,High,Tier 3,Supermarket Type1,1009.76
FDW15,15.35,Regular,0.09224886,Meat,147.6734,OUT010,1998,,Tier 3,Grocery Store,858.63
NCQ30,7.725,LF,0.029066785,Household,121.0414,OUT035,2004,Small,Tier 2,Supermarket Type1,1142.64
NCN54,,Low Fat,0.037339898,Household,75.2328,OUT019,1985,Small,Tier 1,Grocery Store,603.67
FDY01,,Regular,0.169458887,Canned,116.2834,OUT027,1985,Medium,Tier 3,Supermarket Type3,1587.55
FDX39,14.3,Regular,0.049666763,Meat,212.9586,OUT035,2004,Small,Tier 2,Supermarket Type1,1786.67
FDH53,,Regular,0.019106758,Frozen Foods,82.6592,OUT027,1985,Medium,Tier 3,Supermarket Type3,1611.93
FDA57,18.85,Low Fat,0.039636104,Snack Foods,41.648,OUT035,2004,Small,Tier 2,Supermarket Type1,558.34
NCC07,19.6,Low Fat,0.040089313,Household,106.7964,OUT010,1998,,Tier 3,Grocery Store,568.5
FDU28,19.2,Regular,0.093840193,Frozen Foods,188.0214,OUT013,1987,High,Tier 3,Supermarket Type1,1581.06
FDK36,7.09,Low Fat,0.012076957,Baking Goods,48.6034,OUT010,1998,,Tier 3,Grocery Store,260.08
FDR36,6.715,Regular,0.122081667,Baking Goods,43.8454,OUT018,2009,Medium,Tier 3,Supermarket Type2,849.28
NCQ17,10.3,Low Fat,0.116910445,Health and Hygiene,154.563,OUT035,2004,Small,Tier 2,Supermarket Type1,1234.98
FDS28,,Regular,0.144274551,Frozen Foods,55.2588,OUT019,1985,Small,Tier 1,Grocery Store,366.58
FDE08,18.2,Low Fat,0.049419707,Fruits and Vegetables,148.2734,OUT045,2002,,Tier 2,Supermarket Type1,1470.43
FDU22,12.35,Low Fat,0.093296553,Snack Foods,120.0124,OUT046,1997,Small,Tier 1,Supermarket Type1,1241.55
FDG41,8.84,Regular,0.076717379,Frozen Foods,109.7228,OUT045,2002,,Tier 2,Supermarket Type1,1242.31
FDO31,6.76,Regular,0.048511068,Fruits and Vegetables,77.996,OUT010,1998,,Tier 3,Grocery Store,645.64
FDM21,,Low Fat,0.112693192,Snack Foods,256.2646,OUT019,1985,Small,Tier 1,Grocery Store,1284.53
FDU40,20.85,Low Fat,0.037615546,Frozen Foods,192.4478,OUT017,2007,,Tier 2,Supermarket Type1,1526.56
FDV36,18.7,Low Fat,0.026409147,Baking Goods,126.102,OUT018,2009,Medium,Tier 3,Supermarket Type2,1403.69
FDT10,,Regular,0.061744052,Snack Foods,59.2562,OUT027,1985,Medium,Tier 3,Supermarket Type3,1197.84
FDX38,10.5,Regular,0.048304782,Dairy,47.8376,OUT045,2002,,Tier 2,Supermarket Type1,760.13
NCU30,,low fat,0.034705807,Household,163.721,OUT027,1985,Medium,Tier 3,Supermarket Type3,1870.73
NCV06,11.3,Low Fat,0,Household,192.8478,OUT049,1999,Medium,Tier 1,Supermarket Type1,1810.76
FDT16,9.895,Regular,0,Frozen Foods,261.8278,OUT035,2004,Small,Tier 2,Supermarket Type1,2007.32
NCP41,,Low Fat,0.016132205,Health and Hygiene,108.2596,OUT027,1985,Medium,Tier 3,Supermarket Type3,1693.41
FDZ56,16.25,Low Fat,0.025882559,Fruits and Vegetables,168.7474,OUT017,2007,,Tier 2,Supermarket Type1,1670.57
FDC22,6.89,Regular,0.136402598,Snack Foods,191.882,OUT035,2004,Small,Tier 2,Supermarket Type1,1589.82
FDU10,10.1,Regular,0.045683383,Snack Foods,38.2848,OUT035,2004,Small,Tier 2,Supermarket Type1,485.15
FDS46,17.6,Regular,0.047353168,Snack Foods,117.2782,OUT045,2002,,Tier 2,Supermarket Type1,1087.61
FDO08,11.1,Regular,0.053858987,Fruits and Vegetables,166.0526,OUT049,1999,Medium,Tier 1,Supermarket Type1,1471.52
NCV42,6.26,Low Fat,0.031549979,Household,109.8228,OUT018,2009,Medium,Tier 3,Supermarket Type2,1265.45
FDP33,18.7,Low Fat,0.089255373,Snack Foods,253.9672,OUT035,2004,Small,Tier 2,Supermarket Type1,1840.39
FDJ12,8.895,Regular,0.039041114,Baking Goods,206.5296,OUT046,1997,Small,Tier 1,Supermarket Type1,1643.04
FDH04,6.115,Regular,0.011396037,Frozen Foods,89.0488,OUT045,2002,,Tier 2,Supermarket Type1,1069.32
NCU54,8.88,LF,0.098540307,Household,211.127,OUT013,1987,High,Tier 3,Supermarket Type1,1828.67
FDO36,19.7,Low Fat,0.130411797,Baking Goods,180.566,OUT010,1998,,Tier 3,Grocery Store,1164.64
FDT37,,Low Fat,0.03509937,Canned,255.6014,OUT027,1985,Medium,Tier 3,Supermarket Type3,2529.72
FDD14,20.7,Low Fat,0.284224541,Canned,186.1266,OUT010,1998,,Tier 3,Grocery Store,1137.79
FDA16,6.695,Low Fat,0.033913749,Frozen Foods,220.3456,OUT013,1987,High,Tier 3,Supermarket Type1,1669.24
NCS42,,Low Fat,0.121539272,Household,92.4146,OUT019,1985,Small,Tier 1,Grocery Store,424.39
FDP10,,Low Fat,0.224269298,Snack Foods,104.4622,OUT019,1985,Small,Tier 1,Grocery Store,435.2
FDQ28,14,Regular,0.06052101,Frozen Foods,152.9656,OUT049,1999,Medium,Tier 1,Supermarket Type1,1456.84
FDK57,10.195,Low Fat,0,Snack Foods,119.744,OUT010,1998,,Tier 3,Grocery Store,738.96
FDK02,12.5,Low Fat,0.112131275,Canned,118.244,OUT013,1987,High,Tier 3,Supermarket Type1,1262.92
FDW47,15,Low Fat,0.04656414,Breads,121.0414,OUT018,2009,Medium,Tier 3,Supermarket Type2,1491.82
NCC42,15,Low Fat,0.045091342,Health and Hygiene,139.4838,OUT018,2009,Medium,Tier 3,Supermarket Type2,1631.58
FDQ37,20.75,Low Fat,0.089624277,Breakfast,193.9478,OUT018,2009,Medium,Tier 3,Supermarket Type2,1968.3
FDL40,17.7,Low Fat,0.011613156,Frozen Foods,95.041,OUT046,1997,Small,Tier 1,Supermarket Type1,1270.17
DRE13,6.28,Low Fat,0.046372661,Soft Drinks,88.5198,OUT010,1998,,Tier 3,Grocery Store,319.08
FDQ34,,Low Fat,0.16145695,Snack Foods,104.4622,OUT027,1985,Medium,Tier 3,Supermarket Type3,1263.73
NCB54,8.76,Low Fat,0.050052711,Health and Hygiene,128.4336,OUT046,1997,Small,Tier 1,Supermarket Type1,1066.66
FDS48,15.15,Low Fat,0,Baking Goods,149.3708,OUT049,1999,Medium,Tier 1,Supermarket Type1,1468.59
FDO15,16.75,Regular,0.008583918,Meat,72.1038,OUT045,2002,,Tier 2,Supermarket Type1,954.1
NCT30,9.1,Low Fat,0.080226072,Household,45.7718,OUT013,1987,High,Tier 3,Supermarket Type1,838.24
FDU49,,Regular,0.030545722,Canned,85.454,OUT027,1985,Medium,Tier 3,Supermarket Type3,1462.01
FDE21,12.8,Low Fat,0.022944688,Fruits and Vegetables,115.0492,OUT046,1997,Small,Tier 1,Supermarket Type1,1230.72
FDS49,,Low Fat,0.138923761,Canned,78.4644,OUT019,1985,Small,Tier 1,Grocery Store,560.02
FDT38,,Low Fat,0.057258817,Dairy,85.3566,OUT027,1985,Medium,Tier 3,Supermarket Type3,1548.43
FDZ01,8.975,Regular,0.009077217,Canned,102.099,OUT045,2002,,Tier 2,Supermarket Type1,1286.2
FDC41,15.6,Low Fat,0.116891138,Frozen Foods,75.767,OUT035,2004,Small,Tier 2,Supermarket Type1,646.72
DRG13,17.25,LF,0.062241994,Soft Drinks,162.7526,OUT010,1998,,Tier 3,Grocery Store,832.87
NCZ42,10.5,Low Fat,0.011333911,Household,236.8248,OUT018,2009,Medium,Tier 3,Supermarket Type2,1955.84
NCM07,9.395,Low Fat,0.040042881,Others,84.9908,OUT045,2002,,Tier 2,Supermarket Type1,914.18
NCV17,18.85,Low Fat,0.016173165,Health and Hygiene,131.1626,OUT018,2009,Medium,Tier 3,Supermarket Type2,1502.79
DRK39,7.02,Low Fat,0,Dairy,82.325,OUT035,2004,Small,Tier 2,Supermarket Type1,912.93
FDS37,7.655,Low Fat,0.032074998,Canned,114.5492,OUT018,2009,Medium,Tier 3,Supermarket Type2,1392.74
FDV12,,Regular,0.106583703,Baking Goods,96.7384,OUT019,1985,Small,Tier 1,Grocery Store,658.64
NCG19,20.25,Low Fat,0.148536185,Household,235.9616,OUT018,2009,Medium,Tier 3,Supermarket Type2,2117.86
FDS51,13.35,Low Fat,0.032153714,Meat,62.6194,OUT013,1987,High,Tier 3,Supermarket Type1,1157.92
NCO14,9.6,Low Fat,0.029643872,Household,43.2086,OUT046,1997,Small,Tier 1,Supermarket Type1,924.17
FDC38,15.7,Low Fat,0.122493968,Canned,133.9942,OUT046,1997,Small,Tier 1,Supermarket Type1,1018.62
FDN15,17.5,Low Fat,0,Meat,140.418,OUT046,1997,Small,Tier 1,Supermarket Type1,1213.8
NCH42,6.86,Low Fat,0.036506915,Household,228.201,OUT013,1987,High,Tier 3,Supermarket Type1,1766.27
FDQ22,16.75,Low Fat,0.029739652,Snack Foods,37.7822,OUT046,1997,Small,Tier 1,Supermarket Type1,691.29
FDC05,13.1,Regular,0.09870238,Frozen Foods,195.2768,OUT013,1987,High,Tier 3,Supermarket Type1,1646.89
FDZ31,15.35,Regular,0.113123006,Fruits and Vegetables,191.9504,OUT013,1987,High,Tier 3,Supermarket Type1,1668.37
DRJ23,18.35,Low Fat,0.041733666,Hard Drinks,190.1872,OUT049,1999,Medium,Tier 1,Supermarket Type1,1800.92
FDC52,11.15,Regular,0,Dairy,151.2708,OUT035,2004,Small,Tier 2,Supermarket Type1,1401.04
DRD12,6.96,Low Fat,0.129206196,Soft Drinks,89.5146,OUT010,1998,,Tier 3,Grocery Store,562.76
FDV55,17.75,Low Fat,0.055384948,Fruits and Vegetables,145.7444,OUT017,2007,,Tier 2,Supermarket Type1,1521
FDD32,17.7,Regular,0.040931994,Fruits and Vegetables,81.6276,OUT046,1997,Small,Tier 1,Supermarket Type1,1188.01
FDR01,5.405,reg,0.05370465,Canned,201.0742,OUT049,1999,Medium,Tier 1,Supermarket Type1,1543.41
FDY08,,Regular,0.299530629,Fruits and Vegetables,139.9838,OUT019,1985,Small,Tier 1,Grocery Store,512.83
FDQ45,9.5,Regular,0,Snack Foods,184.9608,OUT045,2002,,Tier 2,Supermarket Type1,1475.78
DRN11,,Low Fat,0.162191037,Hard Drinks,144.7444,OUT027,1985,Medium,Tier 3,Supermarket Type3,1576.62
NCS05,11.5,Low Fat,0.021063528,Health and Hygiene,134.4942,OUT018,2009,Medium,Tier 3,Supermarket Type2,1477.26
FDY32,7.605,Low Fat,0.129216604,Fruits and Vegetables,162.921,OUT035,2004,Small,Tier 2,Supermarket Type1,1256.01
NCD31,12.1,Low Fat,0.015465765,Household,165.0526,OUT045,2002,,Tier 2,Supermarket Type1,1518.57
NCE06,5.825,Low Fat,0.091627467,Household,161.6894,OUT049,1999,Medium,Tier 1,Supermarket Type1,1554.6
NCP14,8.275,Low Fat,0.110289757,Household,102.8306,OUT046,1997,Small,Tier 1,Supermarket Type1,1108.23
NCF18,,Low Fat,0.15579704,Household,191.3504,OUT019,1985,Small,Tier 1,Grocery Store,1220.71
FDF14,7.55,Low Fat,0.027280495,Canned,151.234,OUT018,2009,Medium,Tier 3,Supermarket Type2,1758.08
FDB22,8.02,Low Fat,0.112071014,Snack Foods,154.9998,OUT017,2007,,Tier 2,Supermarket Type1,1131.77
NCH54,13.5,Low Fat,0.072782102,Household,159.492,OUT049,1999,Medium,Tier 1,Supermarket Type1,1397.2
FDU27,18.6,Regular,0.171444454,Meat,49.5376,OUT035,2004,Small,Tier 2,Supermarket Type1,566.36
FDS58,,Regular,0.020904887,Snack Foods,158.9578,OUT027,1985,Medium,Tier 3,Supermarket Type3,1787.95
NCU29,7.685,Low Fat,0.02547263,Health and Hygiene,144.576,OUT035,2004,Small,Tier 2,Supermarket Type1,1218.04
FDJ57,7.42,Regular,0.021555692,Seafood,186.0582,OUT013,1987,High,Tier 3,Supermarket Type1,1674.86
FDL56,14.1,Low Fat,0.125976163,Fruits and Vegetables,86.5198,OUT049,1999,Medium,Tier 1,Supermarket Type1,1137.18
FDH60,19.7,Regular,0.080721764,Baking Goods,195.611,OUT035,2004,Small,Tier 2,Supermarket Type1,1644.11
FDN24,14.1,Low Fat,0.113728834,Baking Goods,53.7956,OUT018,2009,Medium,Tier 3,Supermarket Type2,1122.22
FDD02,16.6,Low Fat,0,Canned,120.3124,OUT017,2007,,Tier 2,Supermarket Type1,1434.92
FDP15,15.2,Low Fat,0.08441738,Meat,258.233,OUT017,2007,,Tier 2,Supermarket Type1,2144.71
FDB28,,LF,0.092933158,Dairy,197.6426,OUT027,1985,Medium,Tier 3,Supermarket Type3,1830.89
DRC49,8.67,Low Fat,0.065569288,Soft Drinks,144.6128,OUT045,2002,,Tier 2,Supermarket Type1,1164.05
NCG30,20.2,Low Fat,0.112778767,Household,123.5046,OUT018,2009,Medium,Tier 3,Supermarket Type2,1333.17
FDJ14,10.3,reg,0.050148322,Canned,79.396,OUT049,1999,Medium,Tier 1,Supermarket Type1,1034.64
FDL52,6.635,Regular,0.046183676,Frozen Foods,37.0506,OUT045,2002,,Tier 2,Supermarket Type1,686.66
NCG19,,Low Fat,0.147217192,Household,234.1616,OUT027,1985,Medium,Tier 3,Supermarket Type3,2167.89
NCN41,17,Low Fat,0.05219943,Health and Hygiene,123.673,OUT035,2004,Small,Tier 2,Supermarket Type1,1224.22
FDW22,9.695,Regular,0.03026518,Snack Foods,223.4114,OUT013,1987,High,Tier 3,Supermarket Type1,1968.39
FDI02,15.7,Regular,0.114469755,Canned,112.1202,OUT013,1987,High,Tier 3,Supermarket Type1,1359.54
FDV51,16.35,Low Fat,0.032604886,Meat,165.0842,OUT045,2002,,Tier 2,Supermarket Type1,1656.07
FDV48,9.195,Regular,0.051616858,Baking Goods,79.6644,OUT046,1997,Small,Tier 1,Supermarket Type1,1126.06
NCL17,,Low Fat,0.118673527,Health and Hygiene,141.2812,OUT019,1985,Small,Tier 1,Grocery Store,663.74
FDP46,15.35,LF,0,Snack Foods,89.383,OUT045,2002,,Tier 2,Supermarket Type1,972.06
FDU10,10.1,Regular,0.045784687,Snack Foods,35.7848,OUT045,2002,,Tier 2,Supermarket Type1,636.31
FDT37,14.15,Low Fat,0.05903503,Canned,256.4014,OUT010,1998,,Tier 3,Grocery Store,1433.13
FDI27,8.71,Regular,0.045977618,Dairy,46.7744,OUT035,2004,Small,Tier 2,Supermarket Type1,680.85
FDN51,17.85,Regular,0.020946828,Meat,261.3936,OUT046,1997,Small,Tier 1,Supermarket Type1,2034.76
FDW07,18,Regular,0.142661865,Fruits and Vegetables,87.3514,OUT035,2004,Small,Tier 2,Supermarket Type1,956.04
FDN45,19.35,Low Fat,0.118286387,Snack Foods,223.7088,OUT049,1999,Medium,Tier 1,Supermarket Type1,1984.39
DRN37,,Low Fat,0,Soft Drinks,166.0158,OUT027,1985,Medium,Tier 3,Supermarket Type3,2042.59
DRF48,5.73,Low Fat,0.051882003,Soft Drinks,188.1898,OUT049,1999,Medium,Tier 1,Supermarket Type1,1827.46
FDP38,,Low Fat,0.056206622,Canned,51.3008,OUT019,1985,Small,Tier 1,Grocery Store,194.07
NCX18,,Low Fat,0.008751398,Household,196.111,OUT027,1985,Medium,Tier 3,Supermarket Type3,1910.23
FDK45,11.65,Low Fat,0.033996111,Seafood,114.786,OUT018,2009,Medium,Tier 3,Supermarket Type2,1271.28
FDZ37,8.1,Regular,0.019799238,Canned,86.5198,OUT049,1999,Medium,Tier 1,Supermarket Type1,1060.74
FDS50,17,Low Fat,0.055659189,Dairy,223.7114,OUT018,2009,Medium,Tier 3,Supermarket Type2,1962.32
NCR54,16.35,Low Fat,0.090931104,Household,195.711,OUT018,2009,Medium,Tier 3,Supermarket Type2,1809.02
NCS17,18.6,Low Fat,0.080486221,Health and Hygiene,94.5436,OUT035,2004,Small,Tier 2,Supermarket Type1,1024.75
FDV31,9.8,Low Fat,0.106717322,Fruits and Vegetables,178.337,OUT046,1997,Small,Tier 1,Supermarket Type1,1487.41
DRE27,11.85,Low Fat,0.133421019,Dairy,96.0726,OUT017,2007,,Tier 2,Supermarket Type1,1092.27
FDN60,15.1,Low Fat,0.095078893,Baking Goods,159.6604,OUT013,1987,High,Tier 3,Supermarket Type1,1646.26
FDK26,5.46,Regular,0.032150627,Canned,185.124,OUT013,1987,High,Tier 3,Supermarket Type1,1812.47
FDX37,16.2,LF,0.063286094,Canned,100.37,OUT018,2009,Medium,Tier 3,Supermarket Type2,1129.48
FDW31,11.35,Regular,0.043158104,Fruits and Vegetables,197.6742,OUT046,1997,Small,Tier 1,Supermarket Type1,1445.82
FDX26,17.7,Low Fat,0.088166215,Dairy,183.8292,OUT018,2009,Medium,Tier 3,Supermarket Type2,1650.61
DRL49,,Low Fat,0.098799937,Soft Drinks,142.2812,OUT019,1985,Small,Tier 1,Grocery Store,773.13
FDU49,19.5,Regular,0.030867981,Canned,86.454,OUT017,2007,,Tier 2,Supermarket Type1,1043.22
FDY58,11.65,Low Fat,0.039918581,Snack Foods,228.7694,OUT046,1997,Small,Tier 1,Supermarket Type1,1769.85
FDN03,9.8,Regular,0.015120568,Meat,248.6408,OUT045,2002,,Tier 2,Supermarket Type1,1955.52
NCV06,11.3,Low Fat,0,Household,192.2478,OUT010,1998,,Tier 3,Grocery Store,1236.46
FDH53,20.5,Regular,0.019238671,Frozen Foods,82.7592,OUT045,2002,,Tier 2,Supermarket Type1,1188.36
FDG31,12.15,Low Fat,0.038050764,Meat,65.9826,OUT018,2009,Medium,Tier 3,Supermarket Type2,1267.71
NCC06,19,Low Fat,0.027041096,Household,129.1336,OUT045,2002,,Tier 2,Supermarket Type1,1499.9
FDS13,6.465,Low Fat,0.124699691,Canned,266.0884,OUT049,1999,Medium,Tier 1,Supermarket Type1,1843.51
FDP16,18.6,Low Fat,0.039287423,Frozen Foods,246.8802,OUT035,2004,Small,Tier 2,Supermarket Type1,1726.68
FDA35,14.85,Regular,0.053792758,Baking Goods,121.0072,OUT013,1987,High,Tier 3,Supermarket Type1,1222.08
DRP47,15.75,Low Fat,0.141176075,Hard Drinks,253.8382,OUT018,2009,Medium,Tier 3,Supermarket Type2,2017.3
FDY28,7.47,Regular,0,Frozen Foods,214.8218,OUT010,1998,,Tier 3,Grocery Store,1228.81
FDY20,12.5,Regular,0.081737302,Fruits and Vegetables,90.9488,OUT035,2004,Small,Tier 2,Supermarket Type1,936.15
NCH30,17.1,Low Fat,0.067533904,Household,111.486,OUT017,2007,,Tier 2,Supermarket Type1,1211.09
NCR29,,Low Fat,0.09566912,Health and Hygiene,56.793,OUT019,1985,Small,Tier 1,Grocery Store,459.76
NCP05,19.6,Low Fat,0,Health and Hygiene,149.8024,OUT013,1987,High,Tier 3,Supermarket Type1,1684.11
NCF30,,Low Fat,0.22103705,Household,124.8362,OUT019,1985,Small,Tier 1,Grocery Store,795.17
FDA08,11.85,Regular,0,Fruits and Vegetables,165.6526,OUT035,2004,Small,Tier 2,Supermarket Type1,1601.04
FDN51,,reg,0.020845392,Meat,260.5936,OUT027,1985,Medium,Tier 3,Supermarket Type3,2235
FDH12,9.6,Low Fat,0.084953662,Baking Goods,107.028,OUT046,1997,Small,Tier 1,Supermarket Type1,909.4
FDY39,5.305,Regular,0.047294706,Meat,182.1608,OUT017,2007,,Tier 2,Supermarket Type1,1393.45
NCO53,16.2,Low Fat,0.175539766,Health and Hygiene,183.6608,OUT045,2002,,Tier 2,Supermarket Type1,1399.55
FDB40,17.5,Regular,0.007539885,Dairy,145.7102,OUT046,1997,Small,Tier 1,Supermarket Type1,1358.12
FDH02,7.27,Regular,0.020813453,Canned,89.6488,OUT049,1999,Medium,Tier 1,Supermarket Type1,1163.23
FDY11,,Regular,0.029417303,Baking Goods,64.1142,OUT027,1985,Medium,Tier 3,Supermarket Type3,1368.65
FDQ09,,Low Fat,0.10178199,Snack Foods,113.6834,OUT019,1985,Small,Tier 1,Grocery Store,773.15
FDP16,18.6,Low Fat,0.039262153,Frozen Foods,247.2802,OUT013,1987,High,Tier 3,Supermarket Type1,2183.91
NCF55,6.675,Low Fat,0.021754595,Household,34.1874,OUT018,2009,Medium,Tier 3,Supermarket Type2,1081.18
FDY09,,Low Fat,0.025078117,Snack Foods,176.7054,OUT027,1985,Medium,Tier 3,Supermarket Type3,2139.81
FDY39,5.305,Regular,0.047124068,Meat,182.0608,OUT045,2002,,Tier 2,Supermarket Type1,1325.06
NCU53,5.485,Low Fat,0.04281828,Health and Hygiene,163.9842,OUT049,1999,Medium,Tier 1,Supermarket Type1,1397.77
NCT41,15.7,Low Fat,0.056077341,Health and Hygiene,152.1024,OUT049,1999,Medium,Tier 1,Supermarket Type1,1428.99
FDJ45,17.75,Low Fat,0.073410642,Seafood,35.9216,OUT046,1997,Small,Tier 1,Supermarket Type1,665.75
FDR28,13.85,Regular,0.025874934,Frozen Foods,163.421,OUT013,1987,High,Tier 3,Supermarket Type1,1559.48
FDN08,7.72,Regular,0.088291127,Fruits and Vegetables,118.7466,OUT013,1987,High,Tier 3,Supermarket Type1,1251.68
FDJ07,7.26,Low Fat,0,Meat,114.515,OUT049,1999,Medium,Tier 1,Supermarket Type1,1361.65
FDZ09,,Low Fat,0.104371086,Snack Foods,164.4868,OUT027,1985,Medium,Tier 3,Supermarket Type3,1896.24
FDQ14,9.27,Low Fat,0.062136785,Dairy,150.605,OUT017,2007,,Tier 2,Supermarket Type1,1462.29
FDY12,,reg,0.139930125,Baking Goods,50.5008,OUT027,1985,Medium,Tier 3,Supermarket Type3,1311.32
FDK57,10.195,Low Fat,0.08029289,Snack Foods,120.844,OUT046,1997,Small,Tier 1,Supermarket Type1,1332.74
FDD20,14.15,Low Fat,0,Fruits and Vegetables,123.3046,OUT049,1999,Medium,Tier 1,Supermarket Type1,1242.23
FDS36,8.38,Regular,0.047078339,Baking Goods,111.357,OUT018,2009,Medium,Tier 3,Supermarket Type2,1210.75
FDI40,11.5,Regular,0.125798231,Frozen Foods,102.5358,OUT049,1999,Medium,Tier 1,Supermarket Type1,1070.23
FDJ40,13.6,Regular,0.049689828,Frozen Foods,110.3912,OUT045,2002,,Tier 2,Supermarket Type1,1103.63
FDE08,18.2,Low Fat,0.049278643,Fruits and Vegetables,147.1734,OUT013,1987,High,Tier 3,Supermarket Type1,1485.5
DRK01,7.63,Low Fat,0.061013491,Soft Drinks,96.0436,OUT013,1987,High,Tier 3,Supermarket Type1,1156.74
FDC58,10.195,Low Fat,0.042007527,Snack Foods,43.2428,OUT049,1999,Medium,Tier 1,Supermarket Type1,958.39
FDE50,19.7,Regular,0.016205646,Canned,188.8556,OUT046,1997,Small,Tier 1,Supermarket Type1,1726.02
FDX48,17.75,Regular,0.037880729,Baking Goods,152.7656,OUT035,2004,Small,Tier 2,Supermarket Type1,1481.37
DRM35,9.695,Low Fat,0.070731517,Hard Drinks,178.0344,OUT018,2009,Medium,Tier 3,Supermarket Type2,1861.4
FDG41,8.84,Regular,0.076498396,Frozen Foods,108.9228,OUT013,1987,High,Tier 3,Supermarket Type1,1006.11
FDB52,17.75,Low Fat,0.030435601,Dairy,255.9672,OUT046,1997,Small,Tier 1,Supermarket Type1,1815.68
FDV19,14.85,Regular,0.035328539,Fruits and Vegetables,158.5578,OUT045,2002,,Tier 2,Supermarket Type1,1322.22
DRG48,5.78,Low Fat,0.014637395,Soft Drinks,144.7102,OUT017,2007,,Tier 2,Supermarket Type1,1238.19
FDI26,5.94,Low Fat,0.034857707,Canned,180.4344,OUT013,1987,High,Tier 3,Supermarket Type1,1564.6
FDU11,,Low Fat,0.162119533,Breads,121.2098,OUT019,1985,Small,Tier 1,Grocery Store,667.25
FDF59,,Low Fat,0.124739062,Starchy Foods,128.102,OUT019,1985,Small,Tier 1,Grocery Store,775.8
FDR07,21.35,Low Fat,0.07786478,Fruits and Vegetables,97.0094,OUT049,1999,Medium,Tier 1,Supermarket Type1,1305.92
NCE06,5.825,Low Fat,0.09200271,Household,161.8894,OUT017,2007,,Tier 2,Supermarket Type1,1448.36
FDE10,6.67,Regular,0.089948119,Snack Foods,132.6626,OUT046,1997,Small,Tier 1,Supermarket Type1,1302.38
NCO55,12.8,Low Fat,0.091037229,Others,108.9938,OUT046,1997,Small,Tier 1,Supermarket Type1,1251.13
FDZ13,7.84,Regular,0,Canned,51.035,OUT013,1987,High,Tier 3,Supermarket Type1,755.57
FDT50,6.75,reg,0.10885123,Dairy,96.8752,OUT017,2007,,Tier 2,Supermarket Type1,829.1
FDH12,9.6,Low Fat,0.142195014,Baking Goods,105.728,OUT010,1998,,Tier 3,Grocery Store,434.73
FDD21,10.3,Regular,0.030631225,Fruits and Vegetables,116.4176,OUT045,2002,,Tier 2,Supermarket Type1,1105.83
NCM05,6.825,Low Fat,0.059797172,Health and Hygiene,263.2226,OUT013,1987,High,Tier 3,Supermarket Type1,2009.68
FDK04,7.36,Low Fat,0,Frozen Foods,59.2588,OUT013,1987,High,Tier 3,Supermarket Type1,982.44
FDN33,6.305,reg,0.123812157,Snack Foods,96.3436,OUT017,2007,,Tier 2,Supermarket Type1,994.59
NCM18,13,Low Fat,0.138660307,Household,62.9194,OUT010,1998,,Tier 3,Grocery Store,411.26
DRC25,5.73,Low Fat,0.045442396,Soft Drinks,85.4882,OUT049,1999,Medium,Tier 1,Supermarket Type1,1205.4
FDT47,5.26,Regular,0.024647467,Breads,96.4068,OUT017,2007,,Tier 2,Supermarket Type1,1187.87
FDD45,,Low Fat,0.115686024,Fruits and Vegetables,96.0436,OUT027,1985,Medium,Tier 3,Supermarket Type3,1601.62
NCD07,9.1,Low Fat,0.055654536,Household,114.1518,OUT018,2009,Medium,Tier 3,Supermarket Type2,1167.45
NCY54,8.43,Low Fat,0.297424743,Household,174.2422,OUT010,1998,,Tier 3,Grocery Store,632.66
FDL12,15.85,Regular,0.121821828,Baking Goods,60.722,OUT049,1999,Medium,Tier 1,Supermarket Type1,855.28
FDL02,20,Regular,0.104672114,Canned,105.2622,OUT017,2007,,Tier 2,Supermarket Type1,1051.74
FDC60,5.425,Regular,0.114450757,Baking Goods,90.3514,OUT035,2004,Small,Tier 2,Supermarket Type1,815.9
FDR37,16.5,Regular,0.066624286,Breakfast,180.9292,OUT017,2007,,Tier 2,Supermarket Type1,1551.65
FDY16,18.35,Regular,0,Frozen Foods,184.6266,OUT017,2007,,Tier 2,Supermarket Type1,1681.9
FDU26,16.7,Regular,0.042705388,Dairy,120.2782,OUT045,2002,,Tier 2,Supermarket Type1,1315
FDN24,14.1,LF,0.113173172,Baking Goods,52.9956,OUT013,1987,High,Tier 3,Supermarket Type1,1010.32
FDH44,19.1,Regular,0.025850623,Fruits and Vegetables,149.0418,OUT013,1987,High,Tier 3,Supermarket Type1,1689.16
FDE23,17.6,Regular,0.089014099,Starchy Foods,46.506,OUT010,1998,,Tier 3,Grocery Store,514.87
FDW60,5.44,Regular,0.017158459,Baking Goods,176.037,OUT017,2007,,Tier 2,Supermarket Type1,1312.84
FDQ55,13.65,Regular,0.013058345,Fruits and Vegetables,116.3834,OUT049,1999,Medium,Tier 1,Supermarket Type1,1212.91
FDV32,,Low Fat,0.088278814,Fruits and Vegetables,62.051,OUT027,1985,Medium,Tier 3,Supermarket Type3,1155.33
FDV03,17.6,Low Fat,0.097232874,Meat,156.0314,OUT010,1998,,Tier 3,Grocery Store,856.86
FDY14,10.3,Low Fat,0.117232927,Dairy,266.2226,OUT010,1998,,Tier 3,Grocery Store,1430.81
NCL55,,Low Fat,0.064347565,Others,253.504,OUT027,1985,Medium,Tier 3,Supermarket Type3,2340.86
DRF25,9,Low Fat,0.039145429,Soft Drinks,38.619,OUT017,2007,,Tier 2,Supermarket Type1,784.17
FDX03,15.85,Regular,0.061095976,Meat,44.6744,OUT046,1997,Small,Tier 1,Supermarket Type1,852.67
FDF40,20.25,Regular,0.022557789,Dairy,247.7092,OUT045,2002,,Tier 2,Supermarket Type1,2101.85
FDX24,8.355,low fat,0.023314389,Baking Goods,91.2462,OUT010,1998,,Tier 3,Grocery Store,724.36
FDA25,16.5,Regular,0.068231673,Canned,102.899,OUT049,1999,Medium,Tier 1,Supermarket Type1,1442.04
FDH21,10.395,Low Fat,0.03135221,Seafood,158.6604,OUT018,2009,Medium,Tier 3,Supermarket Type2,1455.18
FDB47,8.8,Low Fat,0.119558153,Snack Foods,210.5612,OUT010,1998,,Tier 3,Grocery Store,1007.08
FDT34,,Low Fat,0.305264825,Snack Foods,105.5964,OUT019,1985,Small,Tier 1,Grocery Store,365.54
FDS39,6.895,low fat,0.037594397,Meat,140.8812,OUT010,1998,,Tier 3,Grocery Store,758.28
NCU05,11.8,Low Fat,0.058736238,Health and Hygiene,78.5618,OUT046,1997,Small,Tier 1,Supermarket Type1,907.83
FDE02,8.71,Low Fat,0.121438886,Canned,93.6778,OUT049,1999,Medium,Tier 1,Supermarket Type1,1109.9
FDL25,6.92,Regular,0.130900158,Breakfast,91.2804,OUT035,2004,Small,Tier 2,Supermarket Type1,902.67
FDC50,15.85,Low Fat,0.136710131,Canned,94.1094,OUT049,1999,Medium,Tier 1,Supermarket Type1,1222.51
FDZ32,7.785,Regular,0.038192036,Fruits and Vegetables,106.5964,OUT049,1999,Medium,Tier 1,Supermarket Type1,1360.4
FDV14,19.85,Low Fat,0.04458772,Dairy,86.9856,OUT045,2002,,Tier 2,Supermarket Type1,1238.24
FDR07,21.35,Low Fat,0.077901576,Fruits and Vegetables,96.9094,OUT045,2002,,Tier 2,Supermarket Type1,1310.34
FDB26,14,Regular,0.031316108,Canned,52.564,OUT049,1999,Medium,Tier 1,Supermarket Type1,822.92
NCR50,20.2,Low Fat,0.011844058,Household,152.534,OUT045,2002,,Tier 2,Supermarket Type1,1340.68
FDP01,20.75,Regular,0.063583911,Breakfast,153.7682,OUT018,2009,Medium,Tier 3,Supermarket Type2,1551.75
FDH57,10.895,Low Fat,0.035820019,Fruits and Vegetables,130.5284,OUT045,2002,,Tier 2,Supermarket Type1,1206.93
FDM60,,Regular,0.047910156,Baking Goods,39.8138,OUT027,1985,Medium,Tier 3,Supermarket Type3,1155.36
FDA45,21.25,Low Fat,0,Snack Foods,174.537,OUT017,2007,,Tier 2,Supermarket Type1,1627.7
FDU55,16.2,Low Fat,0.036114404,Fruits and Vegetables,258.8278,OUT017,2007,,Tier 2,Supermarket Type1,2060.45
FDH40,11.6,Regular,0.078914647,Frozen Foods,83.1276,OUT035,2004,Small,Tier 2,Supermarket Type1,980.38
FDG40,,Low Fat,0.06972729,Frozen Foods,33.2558,OUT019,1985,Small,Tier 1,Grocery Store,407.65
FDT12,6.215,Regular,0.04969885,Baking Goods,223.9062,OUT049,1999,Medium,Tier 1,Supermarket Type1,2027.26
DRL59,16.75,Low Fat,0.021267169,Hard Drinks,53.2298,OUT045,2002,,Tier 2,Supermarket Type1,693.87
FDT47,5.26,Regular,0.024608674,Breads,98.8068,OUT018,2009,Medium,Tier 3,Supermarket Type2,1108.11
FDI60,7.22,Regular,0.038537981,Baking Goods,64.951,OUT017,2007,,Tier 2,Supermarket Type1,750.09
DRF51,,Low Fat,0.165035146,Dairy,37.6506,OUT027,1985,Medium,Tier 3,Supermarket Type3,970.05
NCK31,10.895,LF,0.027089826,Others,50.6666,OUT049,1999,Medium,Tier 1,Supermarket Type1,911.55
FDB08,6.055,Low Fat,0.031166435,Fruits and Vegetables,160.1578,OUT045,2002,,Tier 2,Supermarket Type1,1383.2
FDM44,12.5,Low Fat,0.031043803,Fruits and Vegetables,101.799,OUT035,2004,Small,Tier 2,Supermarket Type1,1064.46
FDD46,6.035,Low Fat,0.141831427,Snack Foods,152.4998,OUT018,2009,Medium,Tier 3,Supermarket Type2,1525.35
FDR27,,Regular,0.168259451,Meat,130.4942,OUT019,1985,Small,Tier 1,Grocery Store,822.78
FDV56,16.1,Regular,0.022756451,Fruits and Vegetables,108.8596,OUT010,1998,,Tier 3,Grocery Store,856.95
FDM02,12.5,Regular,0.073849696,Canned,86.3198,OUT049,1999,Medium,Tier 1,Supermarket Type1,1298.79
FDU45,15.6,Regular,0.035650779,Snack Foods,112.9518,OUT018,2009,Medium,Tier 3,Supermarket Type2,1217.35
FDZ10,17.85,Low Fat,0.044714995,Snack Foods,125.402,OUT017,2007,,Tier 2,Supermarket Type1,1120.42
NCK31,10.895,Low Fat,0.045272429,Others,50.2666,OUT010,1998,,Tier 3,Grocery Store,224.99
FDR27,15.1,Regular,0.09608226,Meat,134.2942,OUT035,2004,Small,Tier 2,Supermarket Type1,1097.84
FDF33,7.97,Low Fat,0.021517566,Seafood,108.2596,OUT013,1987,High,Tier 3,Supermarket Type1,1198.85
FDJ36,14.5,Regular,0.128260071,Baking Goods,104.1332,OUT046,1997,Small,Tier 1,Supermarket Type1,1022.8
FDP33,18.7,Low Fat,0.089411048,Snack Foods,254.8672,OUT049,1999,Medium,Tier 1,Supermarket Type1,2113.2
FDG17,6.865,Regular,0.035840212,Frozen Foods,245.0486,OUT046,1997,Small,Tier 1,Supermarket Type1,1901.57
FDG47,,Low Fat,0.069281708,Starchy Foods,263.5252,OUT027,1985,Medium,Tier 3,Supermarket Type3,2489.54
NCW29,14,Low Fat,0.028862957,Health and Hygiene,128.431,OUT046,1997,Small,Tier 1,Supermarket Type1,1390.39
DRH59,10.8,Low Fat,0.058763973,Hard Drinks,72.238,OUT017,2007,,Tier 2,Supermarket Type1,1099.02
FDR32,6.78,Regular,0.086293322,Fruits and Vegetables,229.3694,OUT017,2007,,Tier 2,Supermarket Type1,1546.33
FDP48,7.52,Regular,0.044014888,Baking Goods,181.795,OUT035,2004,Small,Tier 2,Supermarket Type1,1284.9
FDG17,6.865,Regular,0.035833435,Frozen Foods,244.7486,OUT035,2004,Small,Tier 2,Supermarket Type1,1670.92
DRJ59,11.65,Low Fat,0.01948183,Hard Drinks,40.1164,OUT017,2007,,Tier 2,Supermarket Type1,710.66
FDY48,,Low Fat,0.023619935,Baking Goods,103.3332,OUT027,1985,Medium,Tier 3,Supermarket Type3,1507.57
FDB02,9.695,Regular,0.029164278,Canned,175.237,OUT046,1997,Small,Tier 1,Supermarket Type1,1475.42
FDN10,,Low Fat,0.080756828,Snack Foods,118.0124,OUT019,1985,Small,Tier 1,Grocery Store,770.89
NCD55,14,Low Fat,0.024326578,Household,41.9454,OUT035,2004,Small,Tier 2,Supermarket Type1,800.81
FDX34,6.195,Low Fat,0.071925626,Snack Foods,121.9098,OUT013,1987,High,Tier 3,Supermarket Type1,1370.14
FDZ38,17.6,Low Fat,0.008017245,Dairy,170.8422,OUT045,2002,,Tier 2,Supermarket Type1,1703.62
DRF37,17.25,Low Fat,0.084463753,Soft Drinks,262.291,OUT049,1999,Medium,Tier 1,Supermarket Type1,2302.33
DRL47,,Low Fat,0.067823104,Hard Drinks,124.6362,OUT019,1985,Small,Tier 1,Grocery Store,602.96
FDL27,6.17,Low Fat,0,Meat,64.0826,OUT035,2004,Small,Tier 2,Supermarket Type1,673.64
NCP53,14.75,Low Fat,0.032884127,Health and Hygiene,236.5906,OUT035,2004,Small,Tier 2,Supermarket Type1,1689.9
FDT03,,Low Fat,0.017506543,Meat,184.0608,OUT019,1985,Small,Tier 1,Grocery Store,1086.08
FDJ28,12.3,LF,0.021856851,Frozen Foods,191.8162,OUT035,2004,Small,Tier 2,Supermarket Type1,1510.42
FDF40,20.25,Regular,0.022603838,Dairy,248.1092,OUT018,2009,Medium,Tier 3,Supermarket Type2,2202.01
FDA32,14,Low Fat,0.030088502,Fruits and Vegetables,216.6192,OUT035,2004,Small,Tier 2,Supermarket Type1,1725.33
NCP02,7.105,Low Fat,0.045062219,Household,58.4562,OUT017,2007,,Tier 2,Supermarket Type1,910.69
FDZ31,15.35,Regular,0.11344683,Fruits and Vegetables,193.7504,OUT045,2002,,Tier 2,Supermarket Type1,1687.98
NCQ29,12,Low Fat,0.104143397,Health and Hygiene,262.2278,OUT013,1987,High,Tier 3,Supermarket Type1,2196.52
FDP57,17.5,Low Fat,0.087780702,Snack Foods,105.099,OUT010,1998,,Tier 3,Grocery Store,842.54
FDL32,,Regular,0.121873881,Fruits and Vegetables,113.1544,OUT027,1985,Medium,Tier 3,Supermarket Type3,1337.16
DRB01,7.39,Low Fat,0,Soft Drinks,191.753,OUT035,2004,Small,Tier 2,Supermarket Type1,1390.37
FDJ40,13.6,Regular,0.049589259,Frozen Foods,109.7912,OUT046,1997,Small,Tier 1,Supermarket Type1,1025.42
FDO24,11.1,Low Fat,0.176933493,Baking Goods,159.1604,OUT018,2009,Medium,Tier 3,Supermarket Type2,1441.84
FDO11,8,Regular,0.030388183,Breads,247.8092,OUT018,2009,Medium,Tier 3,Supermarket Type2,2076.6
FDA56,9.21,Low Fat,0.008763128,Fruits and Vegetables,120.2414,OUT035,2004,Small,Tier 2,Supermarket Type1,1149.91
FDF02,16.2,Low Fat,0.103683012,Canned,105.099,OUT045,2002,,Tier 2,Supermarket Type1,1147.13
FDA10,20.35,Low Fat,0.141697997,Snack Foods,122.5072,OUT013,1987,High,Tier 3,Supermarket Type1,1384.71
NCI55,18.6,Low Fat,0.012725138,Household,121.8414,OUT017,2007,,Tier 2,Supermarket Type1,1411.88
FDZ40,8.935,Low Fat,0.067257683,Frozen Foods,53.3298,OUT010,1998,,Tier 3,Grocery Store,485.33
FDV08,7.35,Low Fat,0.028639386,Fruits and Vegetables,41.7454,OUT049,1999,Medium,Tier 1,Supermarket Type1,1082.27
FDN48,13.35,Low Fat,0.064896679,Baking Goods,90.0804,OUT013,1987,High,Tier 3,Supermarket Type1,973.49
FDU57,8.27,Regular,0.090060741,Snack Foods,150.3708,OUT017,2007,,Tier 2,Supermarket Type1,1173.87
DRF49,7.27,Low Fat,0.071018789,Soft Drinks,114.4518,OUT013,1987,High,Tier 3,Supermarket Type1,1133.46
FDS02,10.195,Regular,0.145839766,Dairy,194.9794,OUT035,2004,Small,Tier 2,Supermarket Type1,1376.5
FDS43,11.65,Low Fat,0.040514888,Fruits and Vegetables,186.524,OUT046,1997,Small,Tier 1,Supermarket Type1,1521.97
FDT16,9.895,Regular,0.048621862,Frozen Foods,259.1278,OUT013,1987,High,Tier 3,Supermarket Type1,2078.71
FDX19,,Low Fat,0.096265377,Fruits and Vegetables,233.7958,OUT027,1985,Medium,Tier 3,Supermarket Type3,2251.74
FDK15,10.8,Low Fat,0.098413825,Meat,98.8042,OUT046,1997,Small,Tier 1,Supermarket Type1,1092.45
DRA12,11.6,LF,0.041009558,Soft Drinks,141.0154,OUT049,1999,Medium,Tier 1,Supermarket Type1,1578.88
FDY35,17.6,Regular,0.01611834,Breads,45.2402,OUT017,2007,,Tier 2,Supermarket Type1,1023.51
NCU42,9,Low Fat,0.019490421,Household,169.3474,OUT013,1987,High,Tier 3,Supermarket Type1,1388.87
FDD26,8.71,Regular,0.072095416,Canned,184.7924,OUT013,1987,High,Tier 3,Supermarket Type1,1461.44
FDR11,10.5,Regular,0.143118865,Breads,160.8578,OUT018,2009,Medium,Tier 3,Supermarket Type2,1415.41
NCP53,14.75,Low Fat,0.032957049,Health and Hygiene,239.1906,OUT045,2002,,Tier 2,Supermarket Type1,1802.14
FDP34,12.85,Low Fat,0.13750615,Snack Foods,156.863,OUT045,2002,,Tier 2,Supermarket Type1,1278.94
NCV41,,Low Fat,0.029832699,Health and Hygiene,109.7228,OUT019,1985,Small,Tier 1,Grocery Store,721.13
FDN20,19.35,Low Fat,0.026288547,Fruits and Vegetables,167.0474,OUT018,2009,Medium,Tier 3,Supermarket Type2,1764.55
FDZ16,16.85,Regular,0,Frozen Foods,193.2478,OUT018,2009,Medium,Tier 3,Supermarket Type2,1951.81
FDZ28,20,Regular,0.051572555,Frozen Foods,126.9678,OUT049,1999,Medium,Tier 1,Supermarket Type1,1519.91
NCL55,12.15,LF,0.064606878,Others,253.604,OUT013,1987,High,Tier 3,Supermarket Type1,2166.73
NCJ17,7.68,LF,0.152556491,Health and Hygiene,85.1224,OUT046,1997,Small,Tier 1,Supermarket Type1,1026.63
FDT37,14.15,Low Fat,0,Canned,255.8014,OUT046,1997,Small,Tier 1,Supermarket Type1,1783.96
FDV51,16.35,Low Fat,0.032589486,Meat,167.7842,OUT049,1999,Medium,Tier 1,Supermarket Type1,1482.93
FDZ28,20,Regular,0.051482762,Frozen Foods,128.8678,OUT035,2004,Small,Tier 2,Supermarket Type1,1104.44
FDN27,20.85,Low Fat,0.039529574,Meat,117.7808,OUT013,1987,High,Tier 3,Supermarket Type1,1287.17
FDS14,,LF,0.087480308,Dairy,158.3288,OUT019,1985,Small,Tier 1,Grocery Store,905.58
FDZ58,17.85,Low Fat,0.052282677,Snack Foods,122.5072,OUT045,2002,,Tier 2,Supermarket Type1,1244.69
FDD46,6.035,Low Fat,0.14125601,Snack Foods,155.3998,OUT046,1997,Small,Tier 1,Supermarket Type1,1269.81
FDJ03,12.35,Regular,0.072381223,Dairy,48.4692,OUT035,2004,Small,Tier 2,Supermarket Type1,774.89
FDU03,18.7,Regular,0.153282667,Meat,180.4292,OUT010,1998,,Tier 3,Grocery Store,1119.31
FDA33,,Low Fat,0.033735736,Snack Foods,148.5076,OUT027,1985,Medium,Tier 3,Supermarket Type3,1924.93
NCW53,18.35,Low Fat,0.030489311,Health and Hygiene,191.1162,OUT035,2004,Small,Tier 2,Supermarket Type1,1750.15
NCC55,10.695,Low Fat,0.064123807,Household,36.9848,OUT017,2007,,Tier 2,Supermarket Type1,534.57
FDP52,,Regular,0.123772093,Frozen Foods,229.801,OUT019,1985,Small,Tier 1,Grocery Store,1161.01
FDE39,7.89,Low Fat,0.036190683,Dairy,120.4782,OUT049,1999,Medium,Tier 1,Supermarket Type1,1203.29
FDB44,6.655,Low Fat,0.016955625,Fruits and Vegetables,210.4586,OUT035,2004,Small,Tier 2,Supermarket Type1,1533.85
FDG59,15.85,Low Fat,0,Starchy Foods,37.5164,OUT013,1987,High,Tier 3,Supermarket Type1,889.29
FDI05,8.35,Regular,0.12676414,Frozen Foods,74.2354,OUT013,1987,High,Tier 3,Supermarket Type1,961.66
FDF59,12.5,Low Fat,0.071388493,Starchy Foods,128.302,OUT045,2002,,Tier 2,Supermarket Type1,1264.91
FDM39,,Low Fat,0.093620227,Dairy,180.3002,OUT019,1985,Small,Tier 1,Grocery Store,1137.89
FDB14,20.25,Regular,0.102638435,Canned,91.212,OUT013,1987,High,Tier 3,Supermarket Type1,1271.04
NCS05,,Low Fat,0.036729896,Health and Hygiene,134.3942,OUT019,1985,Small,Tier 1,Grocery Store,1010.61
DRJ35,10.1,Low Fat,0.046679027,Hard Drinks,61.9878,OUT045,2002,,Tier 2,Supermarket Type1,1053.62
FDO31,,Regular,0.050744935,Fruits and Vegetables,79.496,OUT019,1985,Small,Tier 1,Grocery Store,369.06
FDA31,7.1,Low Fat,0.110011687,Fruits and Vegetables,173.608,OUT046,1997,Small,Tier 1,Supermarket Type1,1232.53
FDX40,12.85,Low Fat,0.099147047,Frozen Foods,38.4164,OUT049,1999,Medium,Tier 1,Supermarket Type1,736.01
FDW56,7.68,Low Fat,0.07104407,Fruits and Vegetables,191.9162,OUT045,2002,,Tier 2,Supermarket Type1,1476.36
FDH09,12.6,Low Fat,0.05630601,Seafood,51.3982,OUT018,2009,Medium,Tier 3,Supermarket Type2,998.21
FDA52,,Regular,0.224850832,Frozen Foods,176.437,OUT019,1985,Small,Tier 1,Grocery Store,930.54
FDF20,,Low Fat,0.058164228,Fruits and Vegetables,197.8768,OUT019,1985,Small,Tier 1,Grocery Store,1235.47
FDE40,15.6,Regular,0.09914376,Dairy,61.3194,OUT046,1997,Small,Tier 1,Supermarket Type1,906.23
NCU17,5.32,LF,0.092883309,Health and Hygiene,100.1674,OUT046,1997,Small,Tier 1,Supermarket Type1,1090.57
NCP14,8.275,LF,0.110268903,Household,106.3306,OUT035,2004,Small,Tier 2,Supermarket Type1,1116.5
FDN25,,Regular,0.06087929,Breakfast,56.1588,OUT027,1985,Medium,Tier 3,Supermarket Type3,1441.58
FDU39,18.85,Low Fat,0.036093981,Meat,59.2562,OUT049,1999,Medium,Tier 1,Supermarket Type1,881.37
NCM05,6.825,Low Fat,0.060185494,Health and Hygiene,264.9226,OUT017,2007,,Tier 2,Supermarket Type1,1813.68
FDU07,11.1,Low Fat,0.060185494,Fruits and Vegetables,149.6366,OUT017,2007,,Tier 2,Supermarket Type1,1246.53
FDF28,15.7,Regular,0.037923591,Frozen Foods,126.2046,OUT049,1999,Medium,Tier 1,Supermarket Type1,1336.89
FDR57,5.675,Regular,0.023533498,Snack Foods,158.7288,OUT049,1999,Medium,Tier 1,Supermarket Type1,1495.55
FDJ33,8.895,reg,0.088248679,Snack Foods,123.273,OUT013,1987,High,Tier 3,Supermarket Type1,1281.84
DRH23,14.65,Low Fat,0.170286046,Hard Drinks,55.6614,OUT035,2004,Small,Tier 2,Supermarket Type1,723.43
FDQ52,17,Low Fat,0.119384984,Frozen Foods,249.1434,OUT046,1997,Small,Tier 1,Supermarket Type1,1936.84
DRK13,11.8,LF,0.115145802,Soft Drinks,197.4084,OUT035,2004,Small,Tier 2,Supermarket Type1,1606.71
FDP09,19.75,Low Fat,0.033889856,Snack Foods,211.8902,OUT046,1997,Small,Tier 1,Supermarket Type1,1902.15
FDR08,,Low Fat,0,Fruits and Vegetables,109.4886,OUT027,1985,Medium,Tier 3,Supermarket Type3,1795.69
FDV50,14.3,Low Fat,0.122819787,Dairy,122.473,OUT045,2002,,Tier 2,Supermarket Type1,995.16
FDT13,14.85,Low Fat,0.018600515,Canned,189.8214,OUT049,1999,Medium,Tier 1,Supermarket Type1,1630.23
FDJ27,,Regular,0.121285843,Meat,100.8674,OUT027,1985,Medium,Tier 3,Supermarket Type3,1349.11
FDH21,10.395,Low Fat,0.031225013,Seafood,156.9604,OUT046,1997,Small,Tier 1,Supermarket Type1,1320.94
FDW14,,Regular,0.038026496,Dairy,87.8198,OUT027,1985,Medium,Tier 3,Supermarket Type3,1426.29
FDL52,6.635,Regular,0.046161862,Frozen Foods,39.4506,OUT049,1999,Medium,Tier 1,Supermarket Type1,868.88
FDW28,18.25,Low Fat,0.089326677,Frozen Foods,196.7452,OUT017,2007,,Tier 2,Supermarket Type1,1683.45
FDL40,17.7,Low Fat,0.011631211,Frozen Foods,97.241,OUT049,1999,Medium,Tier 1,Supermarket Type1,1369.26
FDE24,14.85,Low Fat,0.093462623,Baking Goods,141.9812,OUT046,1997,Small,Tier 1,Supermarket Type1,1398.73
FDX35,5.035,Regular,0.080034782,Breads,227.9036,OUT049,1999,Medium,Tier 1,Supermarket Type1,2011.68
FDP46,15.35,LF,0.075037671,Snack Foods,88.383,OUT017,2007,,Tier 2,Supermarket Type1,827.02
FDX56,17.1,Regular,0.074209668,Fruits and Vegetables,206.3638,OUT045,2002,,Tier 2,Supermarket Type1,1525.91
FDQ45,9.5,Regular,0.010934025,Snack Foods,185.3608,OUT049,1999,Medium,Tier 1,Supermarket Type1,1581.14
FDK50,,Low Fat,0.028225853,Canned,161.0894,OUT027,1985,Medium,Tier 3,Supermarket Type3,1770.09
FDY26,20.6,Regular,0.030572402,Dairy,211.2244,OUT045,2002,,Tier 2,Supermarket Type1,1727.42
FDQ09,7.235,Low Fat,0.058461026,Snack Foods,114.2834,OUT017,2007,,Tier 2,Supermarket Type1,1112.59
FDN39,19.35,reg,0,Meat,168.8816,OUT049,1999,Medium,Tier 1,Supermarket Type1,1717.3
FDP13,8.1,Regular,0.135083344,Canned,40.848,OUT017,2007,,Tier 2,Supermarket Type1,719.79
FDR51,9.035,Regular,0,Meat,149.9708,OUT013,1987,High,Tier 3,Supermarket Type1,1595.08
FDZ49,11,Regular,0.222858466,Canned,218.9798,OUT010,1998,,Tier 3,Grocery Store,1244.82
FDL28,10,Regular,0.0634319,Frozen Foods,230.1668,OUT018,2009,Medium,Tier 3,Supermarket Type2,2159.83
FDZ10,17.85,Low Fat,0.044455084,Snack Foods,125.602,OUT035,2004,Small,Tier 2,Supermarket Type1,1002.75
FDK38,6.65,Low Fat,0.053245569,Canned,148.0734,OUT013,1987,High,Tier 3,Supermarket Type1,1267.03
DRL49,,Low Fat,0.056155764,Soft Drinks,143.0812,OUT027,1985,Medium,Tier 3,Supermarket Type3,1614.91
FDR15,9.3,Regular,0.033410165,Meat,153.3314,OUT013,1987,High,Tier 3,Supermarket Type1,1406.35
FDQ24,15.7,Low Fat,0.073652769,Baking Goods,251.7724,OUT035,2004,Small,Tier 2,Supermarket Type1,1803.36
FDD56,15.2,Regular,0.103691909,Fruits and Vegetables,176.7054,OUT013,1987,High,Tier 3,Supermarket Type1,1586.96
NCR42,9.105,Low Fat,0,Household,32.59,OUT046,1997,Small,Tier 1,Supermarket Type1,741.98
FDH52,9.42,Regular,0.043992138,Frozen Foods,63.3194,OUT045,2002,,Tier 2,Supermarket Type1,940.6
FDH57,,Low Fat,0.062589297,Fruits and Vegetables,130.5284,OUT019,1985,Small,Tier 1,Grocery Store,922.08
FDR15,9.3,reg,0.055968342,Meat,156.7314,OUT010,1998,,Tier 3,Grocery Store,1046.75
FDJ34,11.8,Regular,0.093638018,Snack Foods,125.2704,OUT035,2004,Small,Tier 2,Supermarket Type1,1284.31
FDW37,19.2,Low Fat,0.124026934,Canned,92.4488,OUT035,2004,Small,Tier 2,Supermarket Type1,764.24
FDQ23,6.55,Low Fat,0.024625736,Breads,101.3332,OUT018,2009,Medium,Tier 3,Supermarket Type2,1141.02
FDP34,12.85,Low Fat,0.13711365,Snack Foods,158.263,OUT013,1987,High,Tier 3,Supermarket Type1,1333.99
FDE04,,Regular,0.017935792,Frozen Foods,180.966,OUT027,1985,Medium,Tier 3,Supermarket Type3,1900.67
FDC48,9.195,Low Fat,0.015891457,Baking Goods,80.7592,OUT045,2002,,Tier 2,Supermarket Type1,955.24
FDA47,,Regular,0.204280754,Baking Goods,162.221,OUT019,1985,Small,Tier 1,Grocery Store,863.86
FDI35,14,Low Fat,0.041459372,Starchy Foods,179.9634,OUT018,2009,Medium,Tier 3,Supermarket Type2,1795.49
NCV05,10.1,Low Fat,0.030183371,Health and Hygiene,156.1656,OUT013,1987,High,Tier 3,Supermarket Type1,1584.45
FDR28,13.85,Regular,0.025949003,Frozen Foods,161.921,OUT045,2002,,Tier 2,Supermarket Type1,1573.16
FDH31,12,Regular,0,Meat,98.4042,OUT017,2007,,Tier 2,Supermarket Type1,1271.22
FDP59,,Regular,0.098864176,Breads,104.0648,OUT019,1985,Small,Tier 1,Grocery Store,823.88
FDS19,13.8,Regular,0.06446883,Fruits and Vegetables,76.5012,OUT018,2009,Medium,Tier 3,Supermarket Type2,988.33
FDM60,10.8,Regular,0.048240928,Baking Goods,41.0138,OUT045,2002,,Tier 2,Supermarket Type1,613.76
FDJ44,12.3,Regular,0.106760383,Fruits and Vegetables,173.2396,OUT018,2009,Medium,Tier 3,Supermarket Type2,1545.83
DRH51,17.6,Low Fat,0.097766473,Dairy,86.6856,OUT017,2007,,Tier 2,Supermarket Type1,941.98
DRC25,5.73,Low Fat,0.045628497,Soft Drinks,85.1882,OUT017,2007,,Tier 2,Supermarket Type1,934.58
DRE25,15.35,Low Fat,0.073222209,Soft Drinks,93.312,OUT013,1987,High,Tier 3,Supermarket Type1,1168.77
NCX05,15.2,Low Fat,0.097212998,Health and Hygiene,114.9492,OUT049,1999,Medium,Tier 1,Supermarket Type1,1322.13
FDR11,10.5,Regular,0.143344479,Breads,158.4578,OUT017,2007,,Tier 2,Supermarket Type1,1394.01
DRP47,15.75,Low Fat,0.140888464,Hard Drinks,250.7382,OUT045,2002,,Tier 2,Supermarket Type1,1977.51
DRC49,,Low Fat,0.114571006,Soft Drinks,143.6128,OUT019,1985,Small,Tier 1,Grocery Store,996.26
FDQ47,,Regular,0.167371926,Breads,36.4874,OUT027,1985,Medium,Tier 3,Supermarket Type3,1236.55
FDL20,17.1,Low Fat,0.128307691,Fruits and Vegetables,111.3886,OUT013,1987,High,Tier 3,Supermarket Type1,1051.86
FDM34,19,Low Fat,0,Snack Foods,130.9626,OUT035,2004,Small,Tier 2,Supermarket Type1,1135.29
NCN55,14.6,Low Fat,0.059440998,Others,239.4538,OUT013,1987,High,Tier 3,Supermarket Type1,1874.7
FDD41,6.765,Regular,0.087243604,Frozen Foods,104.4306,OUT035,2004,Small,Tier 2,Supermarket Type1,899.2
FDE52,10.395,Regular,0.029933264,Dairy,90.1514,OUT049,1999,Medium,Tier 1,Supermarket Type1,1144.66
NCT18,,Low Fat,0.104010753,Household,179.1976,OUT019,1985,Small,Tier 1,Grocery Store,1059.48
FDJ32,10.695,Low Fat,0.058027764,Fruits and Vegetables,59.6536,OUT018,2009,Medium,Tier 3,Supermarket Type2,1107.73
FDE16,8.895,Low Fat,0.026343715,Frozen Foods,210.1954,OUT046,1997,Small,Tier 1,Supermarket Type1,1748.63
FDZ09,17.6,Low Fat,0.105091664,Snack Foods,163.0868,OUT045,2002,,Tier 2,Supermarket Type1,1546.59
DRZ11,8.85,Regular,0.112664944,Soft Drinks,123.5388,OUT046,1997,Small,Tier 1,Supermarket Type1,1268.01
FDK41,14.3,Low Fat,0.127740015,Frozen Foods,86.5224,OUT049,1999,Medium,Tier 1,Supermarket Type1,1286.01
FDE56,17.25,Regular,0.159442933,Fruits and Vegetables,61.3194,OUT049,1999,Medium,Tier 1,Supermarket Type1,775.51
FDH34,8.63,Low Fat,0.03106937,Snack Foods,186.0582,OUT013,1987,High,Tier 3,Supermarket Type1,1533.77
DRI49,14.15,Low Fat,0.183354585,Soft Drinks,80.9276,OUT013,1987,High,Tier 3,Supermarket Type1,894.13
DRI59,9.5,Low Fat,0.04083467,Hard Drinks,224.7088,OUT046,1997,Small,Tier 1,Supermarket Type1,1677.65
DRC36,13,Regular,0.045054813,Soft Drinks,173.8054,OUT049,1999,Medium,Tier 1,Supermarket Type1,1615.38
FDS15,,Regular,0.136674035,Meat,105.8596,OUT019,1985,Small,Tier 1,Grocery Store,632.72
FDI07,12.35,Regular,0.03389839,Meat,196.0426,OUT018,2009,Medium,Tier 3,Supermarket Type2,1897.18
FDZ15,13.1,Low Fat,0.020955763,Dairy,118.6782,OUT018,2009,Medium,Tier 3,Supermarket Type2,1525.57
NCX41,,Low Fat,0.017633471,Health and Hygiene,211.3244,OUT027,1985,Medium,Tier 3,Supermarket Type3,2270.91
NCO29,,Low Fat,0.056476427,Health and Hygiene,166.2526,OUT019,1985,Small,Tier 1,Grocery Store,1185.06
FDF57,14.5,Regular,0.058778429,Fruits and Vegetables,168.4448,OUT013,1987,High,Tier 3,Supermarket Type1,1385.05
FDI33,16.5,Low Fat,0.028413443,Snack Foods,90.9146,OUT035,2004,Small,Tier 2,Supermarket Type1,846.96
DRJ47,18.25,Low Fat,0.044319101,Hard Drinks,172.008,OUT049,1999,Medium,Tier 1,Supermarket Type1,1537.91
FDB34,15.25,LF,0.026609813,Snack Foods,86.3198,OUT046,1997,Small,Tier 1,Supermarket Type1,938.56
FDY22,,Regular,0.158947217,Snack Foods,143.3128,OUT027,1985,Medium,Tier 3,Supermarket Type3,1590.67
DRL11,10.5,Low Fat,0.048289771,Hard Drinks,158.3946,OUT017,2007,,Tier 2,Supermarket Type1,1386.21
FDY46,18.6,Low Fat,0.047880884,Snack Foods,188.7898,OUT035,2004,Small,Tier 2,Supermarket Type1,1567.45
FDG17,6.865,Regular,0.035810387,Frozen Foods,243.1486,OUT013,1987,High,Tier 3,Supermarket Type1,2022.14
FDE52,10.395,Regular,0,Dairy,88.5514,OUT018,2009,Medium,Tier 3,Supermarket Type2,1365.8
DRP47,,Low Fat,0.139922439,Hard Drinks,251.5382,OUT027,1985,Medium,Tier 3,Supermarket Type3,2388.03
FDO01,21.1,Regular,0.034678781,Breakfast,127.7994,OUT010,1998,,Tier 3,Grocery Store,1019.39
FDL09,19.6,Regular,0.128036069,Snack Foods,169.6816,OUT046,1997,Small,Tier 1,Supermarket Type1,1231.22
FDR57,5.675,Regular,0.023477413,Snack Foods,157.7288,OUT013,1987,High,Tier 3,Supermarket Type1,1339.1
DRD37,9.8,Low Fat,0,Soft Drinks,48.006,OUT035,2004,Small,Tier 2,Supermarket Type1,632.63
FDQ36,,Regular,0.16076514,Baking Goods,39.0848,OUT027,1985,Medium,Tier 3,Supermarket Type3,984.78
FDL33,7.235,Low Fat,0.100117939,Snack Foods,196.7452,OUT049,1999,Medium,Tier 1,Supermarket Type1,1626.64
FDL48,19.35,Regular,0.082433257,Baking Goods,49.7034,OUT045,2002,,Tier 2,Supermarket Type1,825.63
FDL28,10,Regular,0.063272773,Frozen Foods,230.9668,OUT049,1999,Medium,Tier 1,Supermarket Type1,1941.37
NCN29,15.2,Low Fat,0,Health and Hygiene,47.5034,OUT046,1997,Small,Tier 1,Supermarket Type1,902.67
FDO13,7.865,Low Fat,0.061048127,Breakfast,165.9526,OUT035,2004,Small,Tier 2,Supermarket Type1,1434.85
FDB38,19.5,Regular,0.02740216,Canned,161.792,OUT045,2002,,Tier 2,Supermarket Type1,1640.69
FDI36,12.5,Regular,0.062331643,Baking Goods,196.3426,OUT035,2004,Small,Tier 2,Supermarket Type1,1707.29
FDI58,7.64,Regular,0.070691105,Snack Foods,91.412,OUT035,2004,Small,Tier 2,Supermarket Type1,724.62
FDH22,6.405,Low Fat,0.136856178,Snack Foods,128.9678,OUT018,2009,Medium,Tier 3,Supermarket Type2,1189.99
FDQ27,5.19,Regular,0.044215795,Meat,104.999,OUT013,1987,High,Tier 3,Supermarket Type1,1070.03
FDT33,7.81,Regular,0.033990657,Snack Foods,166.1158,OUT046,1997,Small,Tier 1,Supermarket Type1,1330.72
FDC56,7.72,Low Fat,0.121767168,Fruits and Vegetables,119.144,OUT045,2002,,Tier 2,Supermarket Type1,1059.74
FDF14,7.55,low fat,0.027169816,Canned,154.834,OUT046,1997,Small,Tier 1,Supermarket Type1,1346.98
FDQ39,14.8,Low Fat,0.081500543,Meat,192.2846,OUT017,2007,,Tier 2,Supermarket Type1,1621.81
NCM43,14.5,Low Fat,0.019585531,Others,164.621,OUT017,2007,,Tier 2,Supermarket Type1,1560.29
FDS46,17.6,Regular,0.047248393,Snack Foods,120.0782,OUT035,2004,Small,Tier 2,Supermarket Type1,1269.11
FDI22,12.6,Low Fat,0.096362017,Snack Foods,207.4612,OUT049,1999,Medium,Tier 1,Supermarket Type1,1917.51
NCE43,12.5,Low Fat,0.103652052,Household,170.4448,OUT045,2002,,Tier 2,Supermarket Type1,1613.66
FDZ36,6.035,Regular,0.110108566,Baking Goods,186.124,OUT010,1998,,Tier 3,Grocery Store,814.83
FDR13,,Regular,0.05028647,Canned,115.8492,OUT019,1985,Small,Tier 1,Grocery Store,604.41
FDP46,15.35,Low Fat,0.074919567,Snack Foods,89.383,OUT018,2009,Medium,Tier 3,Supermarket Type2,1133.63
FDW56,,Low Fat,0.124137242,Fruits and Vegetables,191.8162,OUT019,1985,Small,Tier 1,Grocery Store,1029.77
FDB40,17.5,Regular,0.007582533,Dairy,145.5102,OUT017,2007,,Tier 2,Supermarket Type1,1381.98
FDM28,15.7,Low Fat,0.045387996,Frozen Foods,178.866,OUT018,2009,Medium,Tier 3,Supermarket Type2,1765.81
FDV49,10,Low Fat,0.025805706,Canned,264.6226,OUT013,1987,High,Tier 3,Supermarket Type1,2152.2
NCS53,14.5,Low Fat,0.090143906,Health and Hygiene,156.8604,OUT018,2009,Medium,Tier 3,Supermarket Type2,1670.1
FDO03,10.395,Regular,0.03694032,Meat,228.8352,OUT049,1999,Medium,Tier 1,Supermarket Type1,2042.11
FDT15,12.15,Regular,0.042673451,Meat,183.595,OUT035,2004,Small,Tier 2,Supermarket Type1,1627.42
FDD33,12.85,Low Fat,0.108360852,Fruits and Vegetables,230.6642,OUT049,1999,Medium,Tier 1,Supermarket Type1,2079.08
FDX13,7.725,Low Fat,0,Canned,250.9092,OUT017,2007,,Tier 2,Supermarket Type1,1758.08
FDH60,19.7,Regular,0.080669843,Baking Goods,197.311,OUT013,1987,High,Tier 3,Supermarket Type1,1621.51
DRH51,17.6,Low Fat,0.097216576,Dairy,86.1856,OUT046,1997,Small,Tier 1,Supermarket Type1,877.73
NCL07,13.85,Low Fat,0,Others,41.948,OUT049,1999,Medium,Tier 1,Supermarket Type1,892.66
FDW51,6.155,Regular,0.094851844,Meat,213.856,OUT045,2002,,Tier 2,Supermarket Type1,1605.93
FDF21,,Regular,0.102999154,Fruits and Vegetables,187.953,OUT019,1985,Small,Tier 1,Grocery Store,1107.54
FDH26,,Regular,0.06075476,Canned,140.1496,OUT019,1985,Small,Tier 1,Grocery Store,919.64
FDJ03,12.35,Regular,0.072507467,Dairy,50.2692,OUT049,1999,Medium,Tier 1,Supermarket Type1,1010.67
FDU35,6.44,Low Fat,0.079663441,Breads,97.97,OUT017,2007,,Tier 2,Supermarket Type1,1132.22
DRL01,19.5,Regular,0.077486687,Soft Drinks,231.8958,OUT018,2009,Medium,Tier 3,Supermarket Type2,2209.19
FDE59,12.15,Low Fat,0.062414139,Starchy Foods,36.7532,OUT045,2002,,Tier 2,Supermarket Type1,925.02
FDI60,7.22,Regular,0.038313974,Baking Goods,63.951,OUT035,2004,Small,Tier 2,Supermarket Type1,617.79
DRH39,20.7,LF,0.092672678,Dairy,77.267,OUT035,2004,Small,Tier 2,Supermarket Type1,773.46
FDK36,7.09,Low Fat,0.007226532,Baking Goods,49.3034,OUT049,1999,Medium,Tier 1,Supermarket Type1,848.29
FDN52,9.395,Regular,0.131836711,Frozen Foods,85.2198,OUT045,2002,,Tier 2,Supermarket Type1,856.82
FDU12,15.5,Regular,0.076179549,Baking Goods,263.1568,OUT017,2007,,Tier 2,Supermarket Type1,1965.3
NCT05,,Low Fat,0.020850388,Health and Hygiene,255.8672,OUT027,1985,Medium,Tier 3,Supermarket Type3,2401
FDS37,,Low Fat,0.031790174,Canned,117.2492,OUT027,1985,Medium,Tier 3,Supermarket Type3,1665.76
FDK24,9.195,Low Fat,0.101867911,Baking Goods,46.4744,OUT017,2007,,Tier 2,Supermarket Type1,817.29
DRF36,16.1,Low Fat,0.023557678,Soft Drinks,191.5846,OUT013,1987,High,Tier 3,Supermarket Type1,1881.21
FDN46,7.21,Regular,0.242083443,Snack Foods,101.2332,OUT010,1998,,Tier 3,Grocery Store,582.38
NCN06,8.39,Low Fat,0.120741638,Household,162.3868,OUT045,2002,,Tier 2,Supermarket Type1,1543.19
FDD59,10.5,Regular,0.066168292,Starchy Foods,80.696,OUT035,2004,Small,Tier 2,Supermarket Type1,713.78
FDM14,13.8,LF,0.013290868,Canned,109.5254,OUT045,2002,,Tier 2,Supermarket Type1,1060.03
FDO10,13.65,Regular,0,Snack Foods,56.3588,OUT018,2009,Medium,Tier 3,Supermarket Type2,1025.52
FDU35,6.44,Low Fat,0.079149445,Breads,98.17,OUT013,1987,High,Tier 3,Supermarket Type1,1070.78
NCA30,19,Low Fat,0.129860583,Household,188.7872,OUT018,2009,Medium,Tier 3,Supermarket Type2,1748.46
NCO41,12.5,Low Fat,0.018878167,Health and Hygiene,97.3384,OUT049,1999,Medium,Tier 1,Supermarket Type1,1256.87
FDI24,10.3,Low Fat,0.078743805,Baking Goods,175.837,OUT046,1997,Small,Tier 1,Supermarket Type1,1496.33
FDZ16,16.85,Regular,0.159855844,Frozen Foods,192.7478,OUT046,1997,Small,Tier 1,Supermarket Type1,1599.19
FDV47,17.1,Low Fat,0.054207549,Breads,82.7566,OUT046,1997,Small,Tier 1,Supermarket Type1,1128.07
FDV16,7.75,Regular,0,Frozen Foods,34.5558,OUT045,2002,,Tier 2,Supermarket Type1,913.31
FDZ22,9.395,Low Fat,0.045261336,Snack Foods,81.925,OUT035,2004,Small,Tier 2,Supermarket Type1,700.62
FDO20,12.85,Regular,0.254630746,Fruits and Vegetables,254.0382,OUT010,1998,,Tier 3,Grocery Store,1129.99
FDW38,5.325,Regular,0,Dairy,55.6298,OUT013,1987,High,Tier 3,Supermarket Type1,832.24
FDW52,14,Regular,0.037598636,Frozen Foods,164.0526,OUT045,2002,,Tier 2,Supermarket Type1,1382.45
FDT43,,Low Fat,0.035976809,Fruits and Vegetables,51.2324,OUT019,1985,Small,Tier 1,Grocery Store,359.9
NCS29,9,Low Fat,0.069686501,Health and Hygiene,264.6884,OUT045,2002,,Tier 2,Supermarket Type1,1946.07
NCC31,8.02,Low Fat,0.019982858,Household,154.5972,OUT017,2007,,Tier 2,Supermarket Type1,1415.44
FDA21,13.65,LF,0,Snack Foods,186.6924,OUT017,2007,,Tier 2,Supermarket Type1,1686.36
FDQ55,13.65,Regular,0.013038075,Fruits and Vegetables,116.1834,OUT046,1997,Small,Tier 1,Supermarket Type1,1293.82
NCE54,20.7,Low Fat,0.026941678,Household,75.9354,OUT049,1999,Medium,Tier 1,Supermarket Type1,1306.3
FDD45,8.615,Low Fat,0,Fruits and Vegetables,93.8436,OUT017,2007,,Tier 2,Supermarket Type1,1251.44
NCP17,19.35,Low Fat,0.027871135,Health and Hygiene,63.8168,OUT017,2007,,Tier 2,Supermarket Type1,772.36
FDR47,17.85,LF,0.087452117,Breads,193.1794,OUT035,2004,Small,Tier 2,Supermarket Type1,1376.73
DRM35,9.695,Low Fat,0.070385933,Hard Drinks,177.3344,OUT013,1987,High,Tier 3,Supermarket Type1,1474.86
FDR47,,LF,0.153146326,Breads,194.2794,OUT019,1985,Small,Tier 1,Grocery Store,1010.21
FDX19,19.1,Low Fat,0.161912574,Fruits and Vegetables,233.9958,OUT010,1998,,Tier 3,Grocery Store,1263.96
FDV22,,Regular,0.009890655,Snack Foods,156.263,OUT027,1985,Medium,Tier 3,Supermarket Type3,1844.04
FDQ46,,low fat,0.10331031,Snack Foods,111.2544,OUT027,1985,Medium,Tier 3,Supermarket Type3,1549.42
DRO47,10.195,low fat,0.11245226,Hard Drinks,112.286,OUT045,2002,,Tier 2,Supermarket Type1,1157.73
FDB44,6.655,Low Fat,0.028385607,Fruits and Vegetables,210.6586,OUT010,1998,,Tier 3,Grocery Store,1316.66
FDN02,16.5,Low Fat,0.123572515,Canned,205.1638,OUT010,1998,,Tier 3,Grocery Store,1306.69
FDW10,21.2,Low Fat,0.070819614,Snack Foods,174.537,OUT045,2002,,Tier 2,Supermarket Type1,1725.62
FDJ41,,Low Fat,0.04006567,Frozen Foods,262.5594,OUT019,1985,Small,Tier 1,Grocery Store,1382.52
FDM50,13,Regular,0.030089171,Canned,58.322,OUT046,1997,Small,Tier 1,Supermarket Type1,708.69
FDW10,21.2,Low Fat,0.070662917,Snack Foods,177.037,OUT035,2004,Small,Tier 2,Supermarket Type1,1369.51
FDY48,14,Low Fat,0.023771773,Baking Goods,102.2332,OUT049,1999,Medium,Tier 1,Supermarket Type1,1196.89
NCE30,,Low Fat,0.098655965,Household,212.9902,OUT027,1985,Medium,Tier 3,Supermarket Type3,2045.16
FDO04,16.6,Low Fat,0.026591024,Frozen Foods,56.7614,OUT045,2002,,Tier 2,Supermarket Type1,906.46
FDQ26,13.5,Regular,0.113604487,Dairy,57.9562,OUT010,1998,,Tier 3,Grocery Store,380.02
NCX29,10,Low Fat,0.089515698,Health and Hygiene,146.1102,OUT018,2009,Medium,Tier 3,Supermarket Type2,1579.04
FDE39,7.89,Low Fat,0.036134504,Dairy,117.7782,OUT046,1997,Small,Tier 1,Supermarket Type1,1253.49
NCR54,,Low Fat,0.090123641,Household,194.811,OUT027,1985,Medium,Tier 3,Supermarket Type3,2137.85
NCP55,,Low Fat,0.011135837,Others,56.8614,OUT027,1985,Medium,Tier 3,Supermarket Type3,1487.22
FDX22,6.785,Regular,0.023104767,Snack Foods,211.2928,OUT017,2007,,Tier 2,Supermarket Type1,1511.81
FDI05,8.35,reg,0.126845728,Frozen Foods,74.0354,OUT035,2004,Small,Tier 2,Supermarket Type1,631.48
FDC51,,Regular,0,Dairy,124.873,OUT027,1985,Medium,Tier 3,Supermarket Type3,1581.3
FDC10,9.8,Regular,0.072817026,Snack Foods,119.2098,OUT013,1987,High,Tier 3,Supermarket Type1,1202.72
FDJ46,11.1,Low Fat,0,Snack Foods,174.3054,OUT045,2002,,Tier 2,Supermarket Type1,1507.38
FDV10,7.645,Regular,0.111652253,Snack Foods,44.2112,OUT010,1998,,Tier 3,Grocery Store,234.19
FDX12,,reg,0.025938267,Baking Goods,242.5196,OUT027,1985,Medium,Tier 3,Supermarket Type3,2353.01
FDL43,,Low Fat,0.047386238,Meat,77.867,OUT019,1985,Small,Tier 1,Grocery Store,625.12
DRB13,6.115,Regular,0.00704434,Soft Drinks,189.053,OUT046,1997,Small,Tier 1,Supermarket Type1,1665.26
FDF59,,Low Fat,0.070899006,Starchy Foods,128.002,OUT027,1985,Medium,Tier 3,Supermarket Type3,1793.7
FDT35,19.85,Regular,0.081582021,Breads,167.8816,OUT049,1999,Medium,Tier 1,Supermarket Type1,1811.87
NCJ19,18.6,Low Fat,0.118157664,Others,58.3588,OUT035,2004,Small,Tier 2,Supermarket Type1,593.83
FDT35,19.85,Regular,0,Breads,169.6816,OUT018,2009,Medium,Tier 3,Supermarket Type2,1648.2
FDI48,11.85,Regular,0.055718399,Baking Goods,49.6666,OUT046,1997,Small,Tier 1,Supermarket Type1,678.97
DRC24,,Low Fat,0.043458854,Soft Drinks,152.2998,OUT019,1985,Small,Tier 1,Grocery Store,896.04
NCZ05,8.485,Low Fat,0.058461026,Health and Hygiene,102.899,OUT017,2007,,Tier 2,Supermarket Type1,1049.72
FDJ57,7.42,Regular,0.021607186,Seafood,185.3582,OUT049,1999,Medium,Tier 1,Supermarket Type1,1695.96
FDX11,16,Regular,0.107355914,Baking Goods,182.5634,OUT017,2007,,Tier 2,Supermarket Type1,1570.48
FDE09,8.775,Low Fat,0.021599298,Fruits and Vegetables,110.8228,OUT035,2004,Small,Tier 2,Supermarket Type1,1159.51
NCK06,5.03,Low Fat,0.008659972,Household,120.2756,OUT049,1999,Medium,Tier 1,Supermarket Type1,1443.93
DRE37,13.5,Low Fat,0.094752537,Soft Drinks,189.9872,OUT017,2007,,Tier 2,Supermarket Type1,1716.15
FDV56,16.1,Regular,0.013595722,Fruits and Vegetables,106.0596,OUT046,1997,Small,Tier 1,Supermarket Type1,1352.79
FDY43,14.85,Low Fat,0.098958842,Fruits and Vegetables,167.2474,OUT017,2007,,Tier 2,Supermarket Type1,1269.75
FDV35,19.5,Low Fat,0.128099312,Breads,153.6314,OUT013,1987,High,Tier 3,Supermarket Type1,1348.18
FDF05,,Low Fat,0.04704746,Frozen Foods,261.691,OUT019,1985,Small,Tier 1,Grocery Store,1463.46
FDA36,5.985,Low Fat,0.005665312,Baking Goods,183.4924,OUT035,2004,Small,Tier 2,Supermarket Type1,1412
FDS13,,Low Fat,0.123903191,Canned,263.0884,OUT027,1985,Medium,Tier 3,Supermarket Type3,2315.97
FDU47,12.8,Regular,0.113759721,Breads,141.9838,OUT013,1987,High,Tier 3,Supermarket Type1,1398.13
FDI36,12.5,Regular,0.104350123,Baking Goods,195.8426,OUT010,1998,,Tier 3,Grocery Store,1157.72
FDH48,13.5,Low Fat,0.060480359,Baking Goods,86.454,OUT046,1997,Small,Tier 1,Supermarket Type1,1079.56
FDZ14,7.71,Regular,0.047549094,Dairy,121.5756,OUT013,1987,High,Tier 3,Supermarket Type1,1420.84
FDS46,17.6,Regular,0.047218002,Snack Foods,121.0782,OUT013,1987,High,Tier 3,Supermarket Type1,1524.63
FDE21,12.8,Low Fat,0.023074472,Fruits and Vegetables,117.8492,OUT017,2007,,Tier 2,Supermarket Type1,1021
FDA26,7.855,Regular,0.074035365,Dairy,220.5482,OUT049,1999,Medium,Tier 1,Supermarket Type1,1672.37
FDV12,16.7,Regular,0.060874678,Baking Goods,99.9384,OUT046,1997,Small,Tier 1,Supermarket Type1,959.77
FDL46,,Low Fat,0.094646702,Snack Foods,115.9466,OUT019,1985,Small,Tier 1,Grocery Store,625.02
FDN57,18.25,Low Fat,0.054189065,Snack Foods,143.0154,OUT013,1987,High,Tier 3,Supermarket Type1,1427.56
NCJ18,12.35,Low Fat,0.16486926,Household,117.6124,OUT017,2007,,Tier 2,Supermarket Type1,1073.94
FDO36,19.7,Low Fat,0.078071853,Baking Goods,179.666,OUT045,2002,,Tier 2,Supermarket Type1,1581.8
FDX55,15.1,Low Fat,0.055430785,Fruits and Vegetables,215.8166,OUT018,2009,Medium,Tier 3,Supermarket Type2,2015.8
FDT25,,LF,0.088858409,Canned,123.3072,OUT019,1985,Small,Tier 1,Grocery Store,855.72
FDD16,20.5,Low Fat,0.036409618,Frozen Foods,74.7696,OUT049,1999,Medium,Tier 1,Supermarket Type1,1288.96
NCX18,14.15,Low Fat,0.008786665,Household,196.111,OUT013,1987,High,Tier 3,Supermarket Type1,1953.75
NCG55,16.25,Low Fat,0.039305628,Household,114.6176,OUT018,2009,Medium,Tier 3,Supermarket Type2,1228.77
NCV18,6.775,Low Fat,0.105409495,Household,83.225,OUT049,1999,Medium,Tier 1,Supermarket Type1,887.29
NCS18,12.65,Low Fat,0.042203138,Household,107.6938,OUT035,2004,Small,Tier 2,Supermarket Type1,946.88
FDC37,15.5,Low Fat,0.032940022,Baking Goods,107.0938,OUT045,2002,,Tier 2,Supermarket Type1,1088.87
FDE47,14.15,Low Fat,0.037908749,Starchy Foods,124.0046,OUT046,1997,Small,Tier 1,Supermarket Type1,1174.96
DRG49,,Low Fat,0.118105517,Soft Drinks,245.6486,OUT019,1985,Small,Tier 1,Grocery Store,1397.27
FDC39,7.405,Low Fat,0,Dairy,206.9296,OUT049,1999,Medium,Tier 1,Supermarket Type1,1851.95
FDH24,,Low Fat,0.037523149,Baking Goods,159.1288,OUT019,1985,Small,Tier 1,Grocery Store,1067.94
FDV39,,Low Fat,0.007244635,Meat,198.3426,OUT027,1985,Medium,Tier 3,Supermarket Type3,2187.86
NCL17,7.39,Low Fat,0.067917171,Health and Hygiene,143.0812,OUT045,2002,,Tier 2,Supermarket Type1,1420.55
NCY53,20,Low Fat,0.058470282,Health and Hygiene,113.3544,OUT035,2004,Small,Tier 2,Supermarket Type1,1310.83
FDH52,9.42,Regular,0.043866567,Frozen Foods,63.4194,OUT013,1987,High,Tier 3,Supermarket Type1,801.27
NCD19,8.93,Low Fat,0.013233076,Household,53.7614,OUT018,2009,Medium,Tier 3,Supermarket Type2,909.29
FDI44,16.1,Low Fat,0.10023287,Fruits and Vegetables,76.3328,OUT046,1997,Small,Tier 1,Supermarket Type1,802.32
DRD49,,Low Fat,0.167018335,Soft Drinks,237.9564,OUT027,1985,Medium,Tier 3,Supermarket Type3,2082.94
FDN08,7.72,Regular,0.088347953,Fruits and Vegetables,119.0466,OUT035,2004,Small,Tier 2,Supermarket Type1,1013.28
FDO20,,Regular,0.151391113,Fruits and Vegetables,253.0382,OUT027,1985,Medium,Tier 3,Supermarket Type3,2253.96
FDY02,8.945,Regular,0.087645926,Dairy,261.791,OUT046,1997,Small,Tier 1,Supermarket Type1,1931.58
FDX23,6.445,Low Fat,0.029751978,Baking Goods,93.4436,OUT045,2002,,Tier 2,Supermarket Type1,1107.28
FDX01,10.1,Low Fat,0.02430102,Canned,115.915,OUT017,2007,,Tier 2,Supermarket Type1,1298.36
FDH20,,Regular,0.024828296,Fruits and Vegetables,96.641,OUT027,1985,Medium,Tier 3,Supermarket Type3,1655.68
NCX41,19,Low Fat,0.017819505,Health and Hygiene,211.7244,OUT017,2007,,Tier 2,Supermarket Type1,1967.45
FDD21,,Regular,0.030421197,Fruits and Vegetables,115.2176,OUT027,1985,Medium,Tier 3,Supermarket Type3,1425.82
DRH11,,Low Fat,0.132292244,Hard Drinks,54.4614,OUT019,1985,Small,Tier 1,Grocery Store,196.97
DRE60,9.395,Low Fat,0.159983523,Soft Drinks,225.472,OUT018,2009,Medium,Tier 3,Supermarket Type2,1767.88
FDB10,10,Low Fat,0.067152194,Snack Foods,237.259,OUT013,1987,High,Tier 3,Supermarket Type1,1857.49
FDH38,6.425,Low Fat,0.010429544,Canned,117.7808,OUT013,1987,High,Tier 3,Supermarket Type1,1263.38
NCL07,13.85,Low Fat,0.031466218,Others,38.648,OUT018,2009,Medium,Tier 3,Supermarket Type2,998.19
FDD48,10.395,Low Fat,0.030158689,Baking Goods,113.5176,OUT046,1997,Small,Tier 1,Supermarket Type1,1183.97
NCT54,,Low Fat,0.118956749,Household,93.4094,OUT027,1985,Medium,Tier 3,Supermarket Type3,1485.19
FDF32,,Low Fat,0.06775127,Fruits and Vegetables,198.6426,OUT027,1985,Medium,Tier 3,Supermarket Type3,2147.06
DRH51,17.6,Low Fat,0.097413734,Dairy,88.0856,OUT045,2002,,Tier 2,Supermarket Type1,1175
DRG03,14.5,Low Fat,0.061974853,Dairy,155.4998,OUT035,2004,Small,Tier 2,Supermarket Type1,1512.97
NCY42,,Low Fat,0.026547707,Household,142.947,OUT019,1985,Small,Tier 1,Grocery Store,747.82
FDH32,12.8,Low Fat,0.076490264,Fruits and Vegetables,94.941,OUT017,2007,,Tier 2,Supermarket Type1,907.93
NCJ06,,Low Fat,0.034484812,Household,120.6782,OUT027,1985,Medium,Tier 3,Supermarket Type3,1532.19
FDH47,,Regular,0.128192414,Starchy Foods,96.8068,OUT027,1985,Medium,Tier 3,Supermarket Type3,1353.56
FDZ08,12.5,Regular,0.110440439,Fruits and Vegetables,81.9592,OUT018,2009,Medium,Tier 3,Supermarket Type2,1124.88
FDK16,9.065,LF,0.115982139,Frozen Foods,95.6094,OUT017,2007,,Tier 2,Supermarket Type1,997.92
DRG01,14.8,Low Fat,0.045061095,Soft Drinks,75.867,OUT018,2009,Medium,Tier 3,Supermarket Type2,1240.31
NCM53,,Low Fat,0.051788905,Health and Hygiene,105.128,OUT027,1985,Medium,Tier 3,Supermarket Type3,1616.09
NCB07,19.2,Low Fat,0.077492893,Household,197.011,OUT035,2004,Small,Tier 2,Supermarket Type1,1692.22
NCZ06,19.6,Low Fat,0.094143857,Household,253.2698,OUT035,2004,Small,Tier 2,Supermarket Type1,2026.45
FDU48,18.85,Low Fat,0.05544452,Baking Goods,130.6284,OUT049,1999,Medium,Tier 1,Supermarket Type1,1628.51
NCB55,,Low Fat,0.159885004,Household,59.2562,OUT027,1985,Medium,Tier 3,Supermarket Type3,1013.51
FDP15,15.2,Low Fat,0,Meat,258.233,OUT013,1987,High,Tier 3,Supermarket Type1,2007.68
FDF17,5.19,Low Fat,0.042620887,Frozen Foods,196.011,OUT046,1997,Small,Tier 1,Supermarket Type1,1454.03
NCN06,8.39,Low Fat,0.120684607,Household,164.9868,OUT049,1999,Medium,Tier 1,Supermarket Type1,1432.54
DRM48,15.2,Low Fat,0.113356563,Soft Drinks,38.1848,OUT018,2009,Medium,Tier 3,Supermarket Type2,906.4
FDH10,21,low fat,0.04930501,Snack Foods,191.7478,OUT046,1997,Small,Tier 1,Supermarket Type1,1646.24
FDC60,5.425,Regular,0.114938715,Baking Goods,88.1514,OUT018,2009,Medium,Tier 3,Supermarket Type2,1185.36
FDE35,7.06,Regular,0,Starchy Foods,58.2904,OUT018,2009,Medium,Tier 3,Supermarket Type2,1173.02
DRI23,18.85,Low Fat,0.137082779,Hard Drinks,162.3578,OUT013,1987,High,Tier 3,Supermarket Type1,1641.54
NCR38,17.25,Low Fat,0.113423999,Household,253.5724,OUT013,1987,High,Tier 3,Supermarket Type1,2190.32
FDP04,15.35,Low Fat,0.01381016,Frozen Foods,62.4168,OUT035,2004,Small,Tier 2,Supermarket Type1,661.31
NCW17,18,Low Fat,0.019425549,Health and Hygiene,130.2994,OUT045,2002,,Tier 2,Supermarket Type1,1165.16
FDX34,6.195,Low Fat,0.07239271,Snack Foods,122.2098,OUT017,2007,,Tier 2,Supermarket Type1,1027.37
NCK53,11.6,Low Fat,0.037657459,Health and Hygiene,98.1042,OUT045,2002,,Tier 2,Supermarket Type1,1000.88
NCO54,19.5,Low Fat,0.023892238,Household,55.7614,OUT010,1998,,Tier 3,Grocery Store,402.68
NCH55,16.35,Low Fat,0.034672316,Household,127.202,OUT046,1997,Small,Tier 1,Supermarket Type1,1240.86
FDT44,,Low Fat,0.102487825,Fruits and Vegetables,117.1466,OUT027,1985,Medium,Tier 3,Supermarket Type3,1574.57
DRG49,7.81,Low Fat,0.067455296,Soft Drinks,242.8486,OUT046,1997,Small,Tier 1,Supermarket Type1,1861.63
FDX46,12.3,Regular,0.097275539,Snack Foods,57.6562,OUT010,1998,,Tier 3,Grocery Store,444.66
DRG36,14.15,Low Fat,0.095526508,Soft Drinks,170.6106,OUT049,1999,Medium,Tier 1,Supermarket Type1,1717.43
FDU37,9.5,reg,0.104670688,Canned,80.996,OUT049,1999,Medium,Tier 1,Supermarket Type1,1220.77
FDK10,5.785,Regular,0.040421607,Snack Foods,181.666,OUT049,1999,Medium,Tier 1,Supermarket Type1,1442.28
DRF37,,Low Fat,0.083924253,Soft Drinks,261.391,OUT027,1985,Medium,Tier 3,Supermarket Type3,2205.62
FDC44,15.6,Low Fat,0.172564249,Fruits and Vegetables,112.6518,OUT035,2004,Small,Tier 2,Supermarket Type1,876.48
FDP15,15.2,Low Fat,0.083942567,Meat,257.433,OUT046,1997,Small,Tier 1,Supermarket Type1,1836.73
FDZ27,,Low Fat,0.017073182,Dairy,49.535,OUT027,1985,Medium,Tier 3,Supermarket Type3,1211.58
FDY22,,Regular,0.279650277,Snack Foods,143.4128,OUT019,1985,Small,Tier 1,Grocery Store,688.59
DRG51,12.1,Low Fat,0.011537439,Dairy,165.9526,OUT035,2004,Small,Tier 2,Supermarket Type1,1438.06
FDN58,13.8,Regular,0.056987731,Snack Foods,233.5984,OUT045,2002,,Tier 2,Supermarket Type1,1898.1
FDW01,14.5,Low Fat,0.064160115,Canned,154.0682,OUT049,1999,Medium,Tier 1,Supermarket Type1,1626.13
FDX24,8.355,Low Fat,0.0139858,Baking Goods,93.5462,OUT018,2009,Medium,Tier 3,Supermarket Type2,1412.4
FDO51,6.785,Regular,0.042219953,Meat,42.6112,OUT017,2007,,Tier 2,Supermarket Type1,922.86
FDJ52,,Low Fat,0.01770073,Frozen Foods,161.5578,OUT027,1985,Medium,Tier 3,Supermarket Type3,1685.14
NCY06,15.25,Low Fat,0.102410818,Household,129.4968,OUT010,1998,,Tier 3,Grocery Store,608.81
FDE20,11.35,Regular,0.005553045,Fruits and Vegetables,168.179,OUT018,2009,Medium,Tier 3,Supermarket Type2,1598.44
FDT23,7.72,Regular,0.125085172,Breads,76.2986,OUT010,1998,,Tier 3,Grocery Store,317.11
FDQ51,16,Regular,0.017551276,Meat,49.1718,OUT046,1997,Small,Tier 1,Supermarket Type1,799.65
FDE35,7.06,Regular,0.043900398,Starchy Foods,59.9904,OUT046,1997,Small,Tier 1,Supermarket Type1,809.86
FDB46,10.5,reg,0.093685838,Snack Foods,212.4244,OUT013,1987,High,Tier 3,Supermarket Type1,1804.52
NCG19,20.25,Low Fat,0.147905594,Household,233.1616,OUT035,2004,Small,Tier 2,Supermarket Type1,1785.02
NCL06,14.65,Low Fat,0.072360203,Household,260.4594,OUT018,2009,Medium,Tier 3,Supermarket Type2,2290.95
FDT36,,Low Fat,0,Baking Goods,34.3874,OUT019,1985,Small,Tier 1,Grocery Store,494.63
FDC56,7.72,Low Fat,0.121709653,Fruits and Vegetables,121.344,OUT049,1999,Medium,Tier 1,Supermarket Type1,1426.89
FDJ26,15.3,Regular,0.084896979,Canned,214.7218,OUT049,1999,Medium,Tier 1,Supermarket Type1,1662.66
FDZ59,6.63,Regular,0.104609971,Baking Goods,168.35,OUT017,2007,,Tier 2,Supermarket Type1,1236.19
FDV11,,Regular,0.081272315,Breads,176.3054,OUT027,1985,Medium,Tier 3,Supermarket Type3,1789.03
FDR13,9.895,Regular,0.048072785,Canned,115.3492,OUT010,1998,,Tier 3,Grocery Store,622.42
FDI15,13.8,low fat,0.141928373,Dairy,263.6884,OUT018,2009,Medium,Tier 3,Supermarket Type2,2098.15
FDF47,20.85,Low Fat,0.098015889,Starchy Foods,223.6746,OUT018,2009,Medium,Tier 3,Supermarket Type2,2003.95
NCB54,,Low Fat,0.087635835,Health and Hygiene,129.4336,OUT019,1985,Small,Tier 1,Grocery Store,833.51
NCK19,,Low Fat,0.090027556,Others,192.5478,OUT027,1985,Medium,Tier 3,Supermarket Type3,2055.49
FDX16,17.85,Low Fat,0.066182294,Frozen Foods,151.305,OUT017,2007,,Tier 2,Supermarket Type1,1514.56
FDL50,12.15,Regular,0.04239889,Canned,126.1046,OUT045,2002,,Tier 2,Supermarket Type1,1394.47
NCE31,7.67,Low Fat,0.184808627,Household,35.2216,OUT035,2004,Small,Tier 2,Supermarket Type1,692.08
DRJ01,6.135,Low Fat,0.115211251,Soft Drinks,161.6236,OUT049,1999,Medium,Tier 1,Supermarket Type1,1285.18
FDE22,9.695,Low Fat,0.0295482,Snack Foods,160.392,OUT013,1987,High,Tier 3,Supermarket Type1,1397.43
FDY20,,Regular,0.14313853,Fruits and Vegetables,89.0488,OUT019,1985,Small,Tier 1,Grocery Store,419.44
NCO14,9.6,Low Fat,0.029703991,Household,44.6086,OUT045,2002,,Tier 2,Supermarket Type1,723.81
NCR50,20.2,Low Fat,0.011886946,Household,151.434,OUT017,2007,,Tier 2,Supermarket Type1,1438.59
DRM47,9.3,Low Fat,0.044033364,Hard Drinks,191.1846,OUT017,2007,,Tier 2,Supermarket Type1,1588.99
FDO27,6.175,Regular,0.299738981,Meat,96.1752,OUT010,1998,,Tier 3,Grocery Store,381.42
FDJ20,,Regular,0.099689837,Fruits and Vegetables,124.8388,OUT027,1985,Medium,Tier 3,Supermarket Type3,1680.39
NCX17,21.25,Low Fat,0.113508894,Health and Hygiene,234.73,OUT013,1987,High,Tier 3,Supermarket Type1,2070.61
FDG59,15.85,Low Fat,0.043301792,Starchy Foods,36.9164,OUT049,1999,Medium,Tier 1,Supermarket Type1,1065.02
FDD52,18.25,Regular,0.183666607,Dairy,108.657,OUT045,2002,,Tier 2,Supermarket Type1,1257.06
FDO48,15,Regular,0.026992588,Baking Goods,221.9456,OUT017,2007,,Tier 2,Supermarket Type1,1634.41
FDC59,,Regular,0.095648158,Starchy Foods,63.7168,OUT019,1985,Small,Tier 1,Grocery Store,291.86
FDS15,9.195,Regular,0.078378587,Meat,108.0596,OUT018,2009,Medium,Tier 3,Supermarket Type2,1205.15
FDB47,8.8,Low Fat,0.071415882,Snack Foods,210.5612,OUT035,2004,Small,Tier 2,Supermarket Type1,1519.41
FDV14,,Low Fat,0.077909339,Dairy,87.1856,OUT019,1985,Small,Tier 1,Grocery Store,547.9
FDB27,7.575,LF,0.055344027,Dairy,195.3768,OUT013,1987,High,Tier 3,Supermarket Type1,1705.79
FDA35,14.85,Regular,0.05382738,Baking Goods,124.1072,OUT035,2004,Small,Tier 2,Supermarket Type1,1213.09
FDN51,17.85,Regular,0.021032156,Meat,261.4936,OUT018,2009,Medium,Tier 3,Supermarket Type2,2346.24
FDO39,,Regular,0.24051168,Meat,181.9608,OUT019,1985,Small,Tier 1,Grocery Store,1070.82
FDB28,6.615,Low Fat,0.093530571,Dairy,197.7426,OUT049,1999,Medium,Tier 1,Supermarket Type1,1845.71
DRJ25,14.6,Low Fat,0.150567513,Soft Drinks,49.5692,OUT046,1997,Small,Tier 1,Supermarket Type1,511.32
FDH46,,Regular,0.041082375,Snack Foods,100.5332,OUT027,1985,Medium,Tier 3,Supermarket Type3,1352.46
FDI10,8.51,Regular,0.078563333,Snack Foods,172.4422,OUT045,2002,,Tier 2,Supermarket Type1,1313.3
FDU21,11.8,Regular,0.077032981,Snack Foods,32.7558,OUT018,2009,Medium,Tier 3,Supermarket Type2,816.43
FDD09,13.5,Low Fat,0.021529824,Fruits and Vegetables,180.1976,OUT049,1999,Medium,Tier 1,Supermarket Type1,1646.21
FDD10,20.6,Regular,0.046020687,Snack Foods,179.3344,OUT046,1997,Small,Tier 1,Supermarket Type1,1546.12
FDN31,11.5,Low Fat,0.121988749,Fruits and Vegetables,191.453,OUT010,1998,,Tier 3,Grocery Store,1077.7
FDA46,13.6,Low Fat,0.118114653,Snack Foods,196.4136,OUT018,2009,Medium,Tier 3,Supermarket Type2,1840.17
FDM56,16.7,LF,0.070191589,Fruits and Vegetables,107.9912,OUT046,1997,Small,Tier 1,Supermarket Type1,1215.68
FDF11,10.195,Regular,0.029511051,Starchy Foods,239.6538,OUT010,1998,,Tier 3,Grocery Store,1527.9
FDS32,17.75,Regular,0.029774711,Fruits and Vegetables,140.0838,OUT018,2009,Medium,Tier 3,Supermarket Type2,1749.91
NCM06,7.475,Low Fat,0.075664878,Household,152.7656,OUT013,1987,High,Tier 3,Supermarket Type1,1242.44
FDZ26,11.6,Regular,0.144309477,Dairy,239.5222,OUT045,2002,,Tier 2,Supermarket Type1,1613.69
FDO01,21.1,Regular,0.020701414,Breakfast,130.1994,OUT013,1987,High,Tier 3,Supermarket Type1,1337.17
FDJ46,11.1,Low Fat,0.044893127,Snack Foods,174.6054,OUT049,1999,Medium,Tier 1,Supermarket Type1,1546.63
FDG26,,Low Fat,0.074674387,Canned,257.833,OUT019,1985,Small,Tier 1,Grocery Store,1464.37
FDZ38,17.6,Low Fat,0.007999506,Dairy,174.0422,OUT035,2004,Small,Tier 2,Supermarket Type1,1486.23
NCO55,12.8,Low Fat,0.09096147,Others,105.2938,OUT013,1987,High,Tier 3,Supermarket Type1,1226.85
FDT60,12,Low Fat,0.075534025,Baking Goods,123.9388,OUT035,2004,Small,Tier 2,Supermarket Type1,1184.68
FDW37,19.2,Low Fat,0.124243256,Canned,91.6488,OUT049,1999,Medium,Tier 1,Supermarket Type1,1260.65
NCK42,7.475,LF,0.013173474,Household,214.6192,OUT018,2009,Medium,Tier 3,Supermarket Type2,2071.87
FDA45,21.25,Low Fat,0.15537968,Snack Foods,175.437,OUT046,1997,Small,Tier 1,Supermarket Type1,1621.81
FDW55,12.6,Regular,0,Fruits and Vegetables,250.8092,OUT018,2009,Medium,Tier 3,Supermarket Type2,1991.65
FDY44,14.15,Regular,0.024542601,Fruits and Vegetables,196.011,OUT017,2007,,Tier 2,Supermarket Type1,1506.02
FDQ31,5.785,Regular,0.054151798,Fruits and Vegetables,85.8856,OUT017,2007,,Tier 2,Supermarket Type1,852.13
FDM09,11.15,Regular,0.086065145,Snack Foods,171.179,OUT049,1999,Medium,Tier 1,Supermarket Type1,1497.08
FDH12,9.6,Low Fat,0.085299728,Baking Goods,105.228,OUT018,2009,Medium,Tier 3,Supermarket Type2,1241.18
NCQ43,17.75,Low Fat,0,Others,109.8912,OUT035,2004,Small,Tier 2,Supermarket Type1,1147.65
FDT33,7.81,Regular,0.033984229,Snack Foods,166.8158,OUT035,2004,Small,Tier 2,Supermarket Type1,1397.57
NCT41,15.7,Low Fat,0.056218371,Health and Hygiene,150.3024,OUT018,2009,Medium,Tier 3,Supermarket Type2,1668.97
DRJ25,14.6,Low Fat,0.252019149,Soft Drinks,50.3692,OUT010,1998,,Tier 3,Grocery Store,292.41
NCQ41,14.8,Low Fat,0.019480391,Health and Hygiene,196.5794,OUT046,1997,Small,Tier 1,Supermarket Type1,1784.25
NCN17,11,Low Fat,0.055024445,Health and Hygiene,100.8358,OUT049,1999,Medium,Tier 1,Supermarket Type1,1396.07
DRO35,,Low Fat,0.034402948,Hard Drinks,117.7492,OUT027,1985,Medium,Tier 3,Supermarket Type3,1434.16
FDU27,18.6,Regular,0,Meat,48.5376,OUT018,2009,Medium,Tier 3,Supermarket Type2,964.16
FDY43,,Low Fat,0,Fruits and Vegetables,169.2474,OUT027,1985,Medium,Tier 3,Supermarket Type3,1822.36
FDG46,8.63,Regular,0.032903434,Snack Foods,115.7518,OUT035,2004,Small,Tier 2,Supermarket Type1,1018.43
DRL49,13.15,Low Fat,0.056658892,Soft Drinks,143.9812,OUT018,2009,Medium,Tier 3,Supermarket Type2,1510.95
NCB55,15.7,Low Fat,0.16091281,Household,58.0562,OUT049,1999,Medium,Tier 1,Supermarket Type1,919.39
FDK28,5.695,Low Fat,0.065691881,Frozen Foods,259.4646,OUT049,1999,Medium,Tier 1,Supermarket Type1,2079.8
FDO49,10.6,Regular,0,Breakfast,49.4008,OUT045,2002,,Tier 2,Supermarket Type1,924.9
FDT03,21.25,Low Fat,0.009990442,Meat,182.2608,OUT013,1987,High,Tier 3,Supermarket Type1,1868.19
FDW33,,Low Fat,0.098640592,Snack Foods,104.728,OUT027,1985,Medium,Tier 3,Supermarket Type3,1637.73
FDR02,16.7,Low Fat,0.022061503,Dairy,110.2886,OUT035,2004,Small,Tier 2,Supermarket Type1,1313.63
FDF50,4.905,Low Fat,0.117232711,Canned,198.2768,OUT013,1987,High,Tier 3,Supermarket Type1,1455.35
FDA40,16,Regular,0.099675598,Frozen Foods,88.6856,OUT018,2009,Medium,Tier 3,Supermarket Type2,1083.06
NCT53,5.4,Low Fat,0,Health and Hygiene,164.9526,OUT018,2009,Medium,Tier 3,Supermarket Type2,1555.04
FDY60,10.5,Regular,0.026365956,Baking Goods,141.9128,OUT035,2004,Small,Tier 2,Supermarket Type1,1187.29
FDP44,,Regular,0.079327559,Fruits and Vegetables,102.7332,OUT027,1985,Medium,Tier 3,Supermarket Type3,1465.14
NCQ50,18.75,Low Fat,0.034376924,Household,213.8218,OUT045,2002,,Tier 2,Supermarket Type1,1787.33
NCC30,16.6,Low Fat,0.027735197,Household,177.9344,OUT017,2007,,Tier 2,Supermarket Type1,1617.88
FDQ60,6.195,Regular,0.109819987,Baking Goods,120.6098,OUT018,2009,Medium,Tier 3,Supermarket Type2,1402.88
FDG41,8.84,Regular,0.076562109,Frozen Foods,109.1228,OUT046,1997,Small,Tier 1,Supermarket Type1,1185.15
FDQ03,15,Regular,0,Meat,237.0248,OUT046,1997,Small,Tier 1,Supermarket Type1,2037.64
FDM03,12.65,Low Fat,0.123280308,Meat,106.7938,OUT045,2002,,Tier 2,Supermarket Type1,1260.96
FDZ51,11.3,Regular,0.054775045,Meat,93.3094,OUT018,2009,Medium,Tier 3,Supermarket Type2,1085
DRF51,15.75,Low Fat,0.165806866,Dairy,38.7506,OUT035,2004,Small,Tier 2,Supermarket Type1,463.15
FDF39,14.85,Regular,0.019621652,Dairy,261.491,OUT017,2007,,Tier 2,Supermarket Type1,1930.49
FDW52,14,reg,0.037515445,Frozen Foods,163.2526,OUT035,2004,Small,Tier 2,Supermarket Type1,1325.13
FDY22,16.5,Regular,0,Snack Foods,145.5128,OUT049,1999,Medium,Tier 1,Supermarket Type1,1525.82
FDG14,9,Regular,0.050458688,Canned,150.1024,OUT013,1987,High,Tier 3,Supermarket Type1,1470.15
FDA57,18.85,Low Fat,0.039867841,Snack Foods,39.748,OUT017,2007,,Tier 2,Supermarket Type1,868.68
FDL45,,Low Fat,0.065986538,Snack Foods,126.6704,OUT019,1985,Small,Tier 1,Grocery Store,885.8
FDX28,6.325,Low Fat,0.125178121,Frozen Foods,97.5042,OUT046,1997,Small,Tier 1,Supermarket Type1,1065.89
NCQ54,17.7,Low Fat,0.012531938,Household,169.8474,OUT013,1987,High,Tier 3,Supermarket Type1,1821.78
FDH40,11.6,Regular,0.079089643,Frozen Foods,80.3276,OUT045,2002,,Tier 2,Supermarket Type1,752.82
FDU52,7.56,Low Fat,0.063758802,Frozen Foods,157.363,OUT035,2004,Small,Tier 2,Supermarket Type1,1119.03
FDT60,12,Low Fat,0.126452383,Baking Goods,123.6388,OUT010,1998,,Tier 3,Grocery Store,555.21
FDK08,9.195,Regular,0.122552762,Fruits and Vegetables,99.9016,OUT045,2002,,Tier 2,Supermarket Type1,915.53
FDN04,11.8,Regular,0.014108959,Frozen Foods,179.4344,OUT049,1999,Medium,Tier 1,Supermarket Type1,1635.79
FDE50,19.7,Regular,0.01619216,Canned,187.4556,OUT013,1987,High,Tier 3,Supermarket Type1,1750.33
FDI16,14,Regular,0.135986797,Frozen Foods,51.364,OUT049,1999,Medium,Tier 1,Supermarket Type1,911.11
FDM50,13,Regular,0,Canned,60.522,OUT049,1999,Medium,Tier 1,Supermarket Type1,1113.87
NCV30,20.2,Low Fat,0.066034594,Household,62.351,OUT049,1999,Medium,Tier 1,Supermarket Type1,1151.9
FDT44,16.6,Low Fat,0.102900839,Fruits and Vegetables,116.0466,OUT013,1987,High,Tier 3,Supermarket Type1,1405.85
FDY60,10.5,Regular,0.026348997,Baking Goods,145.3128,OUT013,1987,High,Tier 3,Supermarket Type1,1630.01
FDT56,16,Regular,0.116246247,Fruits and Vegetables,58.9246,OUT017,2007,,Tier 2,Supermarket Type1,638.46
FDV58,20.85,Low Fat,0.121744297,Snack Foods,194.9452,OUT018,2009,Medium,Tier 3,Supermarket Type2,1662.58
FDU04,7.93,Low Fat,0.005543818,Frozen Foods,123.2414,OUT013,1987,High,Tier 3,Supermarket Type1,1219.35
NCN05,,LF,0.01438965,Health and Hygiene,184.795,OUT027,1985,Medium,Tier 3,Supermarket Type3,1918.92
FDI53,8.895,Regular,0.138205661,Frozen Foods,161.6236,OUT018,2009,Medium,Tier 3,Supermarket Type2,1491.81
FDD34,7.945,Low Fat,0.015876287,Snack Foods,164.121,OUT046,1997,Small,Tier 1,Supermarket Type1,1405.99
FDW47,,LF,0.046150653,Breads,123.8414,OUT027,1985,Medium,Tier 3,Supermarket Type3,1666.09
FDT51,,Regular,0.010865916,Meat,111.4544,OUT027,1985,Medium,Tier 3,Supermarket Type3,1666.72
FDO27,6.175,Regular,0.178928452,Meat,96.2752,OUT013,1987,High,Tier 3,Supermarket Type1,1124.7
NCQ18,15.75,Low Fat,0.13562303,Household,101.47,OUT018,2009,Medium,Tier 3,Supermarket Type2,1396.27
NCW05,20.25,Low Fat,0.14794938,Health and Hygiene,109.1938,OUT013,1987,High,Tier 3,Supermarket Type1,1396.16
FDI15,13.8,Low Fat,0.23659521,Dairy,265.0884,OUT010,1998,,Tier 3,Grocery Store,1184.65
NCH43,8.42,Low Fat,0.118117896,Household,216.9192,OUT010,1998,,Tier 3,Grocery Store,1025.69
FDT40,5.985,Low Fat,0.095944263,Frozen Foods,125.8678,OUT049,1999,Medium,Tier 1,Supermarket Type1,1164.82
NCG19,20.25,Low Fat,0.148770339,Household,232.3616,OUT017,2007,,Tier 2,Supermarket Type1,1709.85
NCM30,19.1,Low Fat,0.067282681,Household,40.6796,OUT035,2004,Small,Tier 2,Supermarket Type1,677.88
FDB38,19.5,Regular,0.027501384,Canned,157.992,OUT017,2007,,Tier 2,Supermarket Type1,1478.7
FDB22,8.02,Low Fat,0.111440661,Snack Foods,153.8998,OUT046,1997,Small,Tier 1,Supermarket Type1,1307.29
FDC58,10.195,Low Fat,0.041942318,Snack Foods,43.8428,OUT046,1997,Small,Tier 1,Supermarket Type1,816.75
NCI29,8.6,Low Fat,0.032594398,Health and Hygiene,140.6154,OUT013,1987,High,Tier 3,Supermarket Type1,1523.25
FDA23,9.8,Low Fat,0.078981428,Baking Goods,100.1016,OUT010,1998,,Tier 3,Grocery Store,724.08
DRG48,5.78,Low Fat,0.014542953,Soft Drinks,143.9102,OUT013,1987,High,Tier 3,Supermarket Type1,1611.88
FDV21,11.5,Low Fat,0.170940574,Snack Foods,125.2704,OUT013,1987,High,Tier 3,Supermarket Type1,1044.64
NCG18,,Low Fat,0.04023134,Household,101.2332,OUT019,1985,Small,Tier 1,Grocery Store,534.07
FDG40,13.65,Low Fat,0.039905111,Frozen Foods,34.4558,OUT045,2002,,Tier 2,Supermarket Type1,642.14
FDU24,6.78,Regular,0.140734003,Baking Goods,94.512,OUT018,2009,Medium,Tier 3,Supermarket Type2,1080.62
FDA22,7.435,Low Fat,0.084583664,Starchy Foods,166.2158,OUT049,1999,Medium,Tier 1,Supermarket Type1,1487.11
FDY35,17.6,Regular,0.016027681,Breads,46.2402,OUT046,1997,Small,Tier 1,Supermarket Type1,837.1
FDJ15,11.35,Regular,0.023369776,Dairy,182.4608,OUT045,2002,,Tier 2,Supermarket Type1,1602.95
NCW18,15.1,Low Fat,0,Household,236.6248,OUT018,2009,Medium,Tier 3,Supermarket Type2,2195.14
FDK56,9.695,Low Fat,0.130527569,Fruits and Vegetables,188.9898,OUT018,2009,Medium,Tier 3,Supermarket Type2,1814.83
FDF44,7.17,Regular,0.059728023,Fruits and Vegetables,132.2968,OUT046,1997,Small,Tier 1,Supermarket Type1,1346.07
FDP51,13.85,Regular,0.085407568,Meat,119.9124,OUT049,1999,Medium,Tier 1,Supermarket Type1,1498.6
FDU22,,Low Fat,0.09284476,Snack Foods,116.8124,OUT027,1985,Medium,Tier 3,Supermarket Type3,1381.41
FDM28,15.7,Low Fat,0.045459546,Frozen Foods,178.266,OUT017,2007,,Tier 2,Supermarket Type1,1411.45
NCL42,18.85,Low Fat,0.040371605,Household,244.1144,OUT046,1997,Small,Tier 1,Supermarket Type1,1807.24
FDJ15,,Regular,0.040834648,Dairy,185.0608,OUT019,1985,Small,Tier 1,Grocery Store,1074.58
FDI32,17.7,Low Fat,0,Fruits and Vegetables,113.4834,OUT018,2009,Medium,Tier 3,Supermarket Type2,1431.06
DRL11,10.5,Low Fat,0.048018161,Hard Drinks,159.1946,OUT046,1997,Small,Tier 1,Supermarket Type1,1385.85
DRO59,11.8,Low Fat,0.054374854,Hard Drinks,75.5012,OUT018,2009,Medium,Tier 3,Supermarket Type2,1205.92
FDA07,,Regular,0.054180044,Fruits and Vegetables,123.5072,OUT019,1985,Small,Tier 1,Grocery Store,872.03
NCO53,16.2,Low Fat,0.175038703,Health and Hygiene,182.1608,OUT013,1987,High,Tier 3,Supermarket Type1,1688.75
FDO21,11.6,Regular,0.00978282,Snack Foods,224.8404,OUT045,2002,,Tier 2,Supermarket Type1,1967.02
FDW39,6.69,Regular,0,Meat,178.037,OUT045,2002,,Tier 2,Supermarket Type1,1721.03
NCV17,18.85,Low Fat,0.016094145,Health and Hygiene,130.7626,OUT013,1987,High,Tier 3,Supermarket Type1,1277.66
FDE22,9.695,LF,0.02957281,Snack Foods,158.192,OUT046,1997,Small,Tier 1,Supermarket Type1,1249.31
NCB06,17.6,Low Fat,0.08266746,Health and Hygiene,158.492,OUT018,2009,Medium,Tier 3,Supermarket Type2,1535.51
DRF48,5.73,Low Fat,0.052094476,Soft Drinks,185.4898,OUT017,2007,,Tier 2,Supermarket Type1,1455.42
FDB05,5.155,Low Fat,0.083129106,Frozen Foods,248.1776,OUT013,1987,High,Tier 3,Supermarket Type1,1915.25
FDP28,,Regular,0.080249973,Frozen Foods,259.4936,OUT027,1985,Medium,Tier 3,Supermarket Type3,2368.49
FDP23,6.71,Low Fat,0.035586859,Breads,219.5166,OUT046,1997,Small,Tier 1,Supermarket Type1,1745.28
NCS41,12.85,Low Fat,0,Health and Hygiene,182.6608,OUT018,2009,Medium,Tier 3,Supermarket Type2,1894.58
FDS40,15.35,Low Fat,0.014076503,Frozen Foods,38.419,OUT018,2009,Medium,Tier 3,Supermarket Type2,1143.09
FDA16,6.695,Low Fat,0.034133984,Frozen Foods,219.5456,OUT017,2007,,Tier 2,Supermarket Type1,1887.65
FDN20,19.35,Low Fat,0,Fruits and Vegetables,167.1474,OUT035,2004,Small,Tier 2,Supermarket Type1,1274.76
FDF04,,Low Fat,0.013571008,Frozen Foods,258.5304,OUT027,1985,Medium,Tier 3,Supermarket Type3,2244.2
DRG36,14.15,LF,0.095766751,Soft Drinks,170.2106,OUT018,2009,Medium,Tier 3,Supermarket Type2,1533.02
FDW16,17.35,Regular,0.041643181,Frozen Foods,93.2804,OUT018,2009,Medium,Tier 3,Supermarket Type2,1218.01
FDU09,7.71,Regular,0.06697384,Snack Foods,54.1956,OUT017,2007,,Tier 2,Supermarket Type1,739.77
FDW01,14.5,Low Fat,0.064060518,Canned,154.0682,OUT046,1997,Small,Tier 1,Supermarket Type1,1346.22
FDB15,10.895,Low Fat,0.137088198,Dairy,265.0568,OUT045,2002,,Tier 2,Supermarket Type1,1932.7
NCJ17,7.68,Low Fat,0.152793675,Health and Hygiene,86.2224,OUT049,1999,Medium,Tier 1,Supermarket Type1,1079.47
NCT18,14.6,Low Fat,0.059647144,Household,183.0976,OUT018,2009,Medium,Tier 3,Supermarket Type2,1861.55
FDG16,15.25,LF,0.090182684,Frozen Foods,214.4192,OUT018,2009,Medium,Tier 3,Supermarket Type2,2047.89
FDP27,8.155,Low Fat,0.120126301,Meat,191.653,OUT017,2007,,Tier 2,Supermarket Type1,1673.06
FDQ44,,Low Fat,0.035965286,Fruits and Vegetables,121.1756,OUT027,1985,Medium,Tier 3,Supermarket Type3,1437.6
FDL50,,Regular,0.042108175,Canned,125.5046,OUT027,1985,Medium,Tier 3,Supermarket Type3,1492.88
FDW57,,Regular,0.115117203,Snack Foods,178.6028,OUT027,1985,Medium,Tier 3,Supermarket Type3,1756.21
FDS34,19.35,Regular,0.076695199,Snack Foods,114.5518,OUT013,1987,High,Tier 3,Supermarket Type1,1223.46
NCV30,20.2,Low Fat,0.06591962,Household,61.251,OUT035,2004,Small,Tier 2,Supermarket Type1,792.95
FDD26,8.71,Regular,0.072449393,Canned,185.2924,OUT018,2009,Medium,Tier 3,Supermarket Type2,1715.87
FDA03,18.5,Regular,0.045555975,Dairy,147.1102,OUT045,2002,,Tier 2,Supermarket Type1,1425.61
FDS27,10.195,Regular,0.012508892,Meat,195.611,OUT018,2009,Medium,Tier 3,Supermarket Type2,1910.97
FDM12,16.7,Regular,0.069858811,Baking Goods,187.8214,OUT013,1987,High,Tier 3,Supermarket Type1,1799.04
NCV42,,Low Fat,0.031269817,Household,110.1228,OUT027,1985,Medium,Tier 3,Supermarket Type3,1714.03
NCS41,12.85,Low Fat,0,Health and Hygiene,184.2608,OUT046,1997,Small,Tier 1,Supermarket Type1,1749.38
FDN56,5.46,Regular,0.107493292,Fruits and Vegetables,142.5786,OUT018,2009,Medium,Tier 3,Supermarket Type2,1247.66
DRK59,8.895,Low Fat,0.075449827,Hard Drinks,233.2616,OUT046,1997,Small,Tier 1,Supermarket Type1,1596.3
NCG18,15.3,Low Fat,0.022977902,Household,103.1332,OUT046,1997,Small,Tier 1,Supermarket Type1,1009.65
NCN26,10.85,Low Fat,0.028842119,Household,116.9808,OUT017,2007,,Tier 2,Supermarket Type1,1116.39
FDI60,,Regular,0.038135648,Baking Goods,62.851,OUT027,1985,Medium,Tier 3,Supermarket Type3,1268.86
NCI43,19.85,Low Fat,0.02600908,Household,49.8376,OUT049,1999,Medium,Tier 1,Supermarket Type1,1016.65
NCL17,7.39,Low Fat,0.067885092,Health and Hygiene,143.0812,OUT049,1999,Medium,Tier 1,Supermarket Type1,1441.58
FDQ19,,Regular,0,Fruits and Vegetables,244.3512,OUT019,1985,Small,Tier 1,Grocery Store,1572.43
FDY43,14.85,Low Fat,0.098555228,Fruits and Vegetables,166.9474,OUT049,1999,Medium,Tier 1,Supermarket Type1,1671.46
FDR36,6.715,Regular,0.12177541,Baking Goods,43.0454,OUT049,1999,Medium,Tier 1,Supermarket Type1,949.16
FDJ58,15.6,Regular,0.10545978,Snack Foods,172.4764,OUT049,1999,Medium,Tier 1,Supermarket Type1,1774.91
DRY23,9.395,Regular,0.109317621,Soft Drinks,43.8112,OUT045,2002,,Tier 2,Supermarket Type1,526.34
FDK26,,Regular,0,Canned,187.524,OUT027,1985,Medium,Tier 3,Supermarket Type3,1883.88
DRH03,17.25,Low Fat,0.03513543,Dairy,94.712,OUT045,2002,,Tier 2,Supermarket Type1,1002.04
FDC10,9.8,Regular,0.121982284,Snack Foods,119.7098,OUT010,1998,,Tier 3,Grocery Store,576.22
FDD23,9.5,Regular,0.048645015,Starchy Foods,186.1898,OUT013,1987,High,Tier 3,Supermarket Type1,1622.76
FDP32,6.65,Low Fat,0.087847281,Fruits and Vegetables,126.7678,OUT045,2002,,Tier 2,Supermarket Type1,1167.71
FDO31,6.76,Regular,0.028977202,Fruits and Vegetables,80.296,OUT035,2004,Small,Tier 2,Supermarket Type1,922.87
FDQ57,7.275,Low Fat,0,Snack Foods,144.576,OUT013,1987,High,Tier 3,Supermarket Type1,1533.09
FDX32,,Regular,0.099374679,Fruits and Vegetables,143.6786,OUT027,1985,Medium,Tier 3,Supermarket Type3,1812.3
FDC39,,Low Fat,0.158424516,Dairy,207.8296,OUT027,1985,Medium,Tier 3,Supermarket Type3,2148.98
FDU55,16.2,Low Fat,0.035911275,Fruits and Vegetables,261.3278,OUT046,1997,Small,Tier 1,Supermarket Type1,2176.38
FDL45,15.6,Low Fat,0.037656474,Snack Foods,123.4704,OUT013,1987,High,Tier 3,Supermarket Type1,1188.4
DRK37,5,Low Fat,0.04407309,Soft Drinks,188.853,OUT049,1999,Medium,Tier 1,Supermarket Type1,1525.03
FDK22,9.8,Low Fat,0.026064791,Snack Foods,215.385,OUT013,1987,High,Tier 3,Supermarket Type1,1737.76
DRG37,,Low Fat,0,Soft Drinks,155.7972,OUT027,1985,Medium,Tier 3,Supermarket Type3,1789.38
FDK22,9.8,Low Fat,0.026234055,Snack Foods,214.385,OUT017,2007,,Tier 2,Supermarket Type1,1696.11
DRH36,16.2,Low Fat,0.033516036,Soft Drinks,72.8696,OUT018,2009,Medium,Tier 3,Supermarket Type2,1203.02
DRC36,13,Regular,0.045168123,Soft Drinks,173.4054,OUT018,2009,Medium,Tier 3,Supermarket Type2,1760.08
DRE03,,Low Fat,0.024109582,Dairy,46.0718,OUT027,1985,Medium,Tier 3,Supermarket Type3,1312.2
FDF34,9.3,Regular,0.014019393,Snack Foods,196.9084,OUT046,1997,Small,Tier 1,Supermarket Type1,1725.48
FDZ22,9.395,Low Fat,0.045269896,Snack Foods,82.125,OUT046,1997,Small,Tier 1,Supermarket Type1,1103.71
FDC44,15.6,Low Fat,0.288891801,Fruits and Vegetables,115.1518,OUT010,1998,,Tier 3,Grocery Store,706.53
FDN31,,Low Fat,0.072528603,Fruits and Vegetables,188.053,OUT027,1985,Medium,Tier 3,Supermarket Type3,1796.52
FDO03,10.395,Regular,0.037091602,Meat,229.4352,OUT017,2007,,Tier 2,Supermarket Type1,1668.28
FDA01,15,reg,0.054462797,Canned,59.5904,OUT049,1999,Medium,Tier 1,Supermarket Type1,917.73
NCH42,6.86,Low Fat,0.036594126,Household,231.101,OUT049,1999,Medium,Tier 1,Supermarket Type1,1857.14
FDF46,7.07,Low Fat,0.094052753,Snack Foods,116.0834,OUT018,2009,Medium,Tier 3,Supermarket Type2,1291.3
DRL35,15.7,Low Fat,0.03070363,Hard Drinks,43.277,OUT046,1997,Small,Tier 1,Supermarket Type1,805.29
FDW46,13,Regular,0.070410959,Snack Foods,63.4484,OUT049,1999,Medium,Tier 1,Supermarket Type1,1058.6
FDB58,10.5,Regular,0.013496466,Snack Foods,141.3154,OUT046,1997,Small,Tier 1,Supermarket Type1,1397.59
FDD47,7.6,Regular,0.142990896,Starchy Foods,169.1448,OUT018,2009,Medium,Tier 3,Supermarket Type2,1690.8
NCO17,10,Low Fat,0.073528561,Health and Hygiene,118.744,OUT045,2002,,Tier 2,Supermarket Type1,1319.92
FDJ26,15.3,Regular,0,Canned,214.6218,OUT017,2007,,Tier 2,Supermarket Type1,1987.52
FDU37,9.5,Regular,0.104720151,Canned,79.796,OUT045,2002,,Tier 2,Supermarket Type1,747.13
